Character_Count,Character_Count_(No_Spaces),Unique_Characters,Character_Frequency,Source_Language,Language
5730,5081,31,"Counter({'ɐ': 487, 'n': 477, 'ʌ': 299, 'i': 297, 'ɯ': 296, 'o': 268, 'd': 266, 'h': 258, 'j': 239, 't': 218, 'q': 199, 'ɾ': 189, 's': 162, 'ŋ': 147, 'ɡ': 141, 'm': 134, 'u': 132, 'ɕ': 131, 'w': 130, 'e': 121, 'p': 121, 'ɫ': 120, 'ʑ': 96, 'ɛ': 61, 'b': 31, 'ʃ': 26, 'k': 20, 'r': 12, 'l': 3})",(Korean),_koKorean
7213,6391,31,"Counter({'a': 1392, 'n': 654, 'i': 539, 't': 459, 's': 400, 'k': 335, 'u': 327, 'p': 282, 'q': 278, 'j': 234, 'm': 222, 'r': 203, 'e': 175, 'o': 162, 'ʃ': 143, 'h': 139, 'ʎ': 103, 'd': 84, 'w': 78, 'l': 64, 'b': 23, 'ɡ': 19, 'ʔ': 19, 'ɲ': 17, '`': 16, 'ː': 9, 'f': 7, 'v': 6, 'z': 2})",(Korean),_quQuechua
7231,5988,29,"Counter({'v': 863, 't': 515, 'i': 451, 'l': 445, 'ʔ': 436, 'm': 406, 'χ': 402, 'h': 275, 'ʃ': 257, 'a': 238, 'r': 218, 'n': 217, 'o': 213, 'd': 181, 's': 175, 'j': 169, 'f': 159, 'z': 105, 'k': 69, 'ə': 61, 'ɡ': 49, 'e': 42, 'u': 18, 'ɣ': 13, 'b': 5, 'ŋ': 4, 'p': 2})",(Korean),_iwHebrew
7673,6156,39,"Counter({'v': 881, 'l': 479, 't': 475, 'i': 463, 'ʔ': 446, 'χ': 403, 'm': 401, 'h': 308, 'ʃ': 285, 'a': 258, 'n': 211, 'r': 208, 'j': 194, 'd': 186, 's': 178, 'o': 174, 'f': 149, 'z': 112, 'k': 73, 'ə': 71, 'ɡ': 56, 'e': 53, 'u': 26, 'ɪ': 14, 'ɣ': 13, 'p': 10, 'b': 5, 'ŋ': 4, 'ɛ': 4, 'ɹ': 4, 'ɒ': 3, 'ː': 3, 'ɜ': 2, 'ʒ': 1, 'w': 1, 'ɐ': 1, 'ð': 1})",(English),_iwHebrew
7975,6421,29,"Counter({'v': 903, 't': 550, 'i': 479, 'ʔ': 477, 'l': 465, 'χ': 436, 'm': 430, 'h': 325, 'ʃ': 315, 'a': 253, 'n': 228, 'r': 221, 'j': 206, 'o': 194, 's': 190, 'd': 183, 'f': 165, 'z': 98, 'k': 83, 'ə': 63, 'ɡ': 61, 'e': 47, 'u': 21, 'ɣ': 13, 'ŋ': 6, 'b': 6, 'p': 3})",(Portuguese),_iwHebrew
8150,6413,29,"Counter({'v': 920, 't': 527, 'ʔ': 505, 'l': 482, 'i': 463, 'm': 445, 'χ': 416, 'h': 325, 'ʃ': 288, 'a': 268, 'r': 233, 'n': 233, 's': 191, 'j': 188, 'o': 179, 'd': 173, 'f': 166, 'z': 113, 'k': 69, 'ə': 67, 'e': 59, 'ɡ': 58, 'u': 17, 'ɣ': 15, 'b': 7, 'p': 3, 'ŋ': 3})",(Arabic),_iwHebrew
8152,6506,30,"Counter({'v': 944, 't': 549, 'i': 485, 'l': 484, 'ʔ': 459, 'm': 444, 'χ': 428, 'ʃ': 313, 'a': 302, 'h': 285, 'r': 262, 's': 211, 'n': 206, 'o': 198, 'j': 197, 'd': 174, 'f': 168, 'z': 109, 'k': 83, 'e': 55, 'ə': 53, 'ɡ': 46, 'u': 19, 'ɣ': 15, 'b': 6, 'p': 4, 'ŋ': 4, 'ɪ': 3})",(Russian),_iwHebrew
8305,6659,30,"Counter({'v': 948, 't': 564, 'i': 486, 'l': 485, 'ʔ': 469, 'χ': 455, 'm': 455, 'h': 343, 'ʃ': 315, 'a': 284, 'n': 239, 'j': 229, 'r': 226, 'o': 202, 'd': 193, 's': 174, 'f': 162, 'z': 110, 'ə': 73, 'k': 70, 'e': 66, 'ɡ': 59, 'u': 19, 'ɣ': 15, 'b': 6, 'ŋ': 5, 'p': 4, 'ɪ': 3})",(Spanish),_iwHebrew
8451,6787,29,"Counter({'v': 923, 't': 592, 'i': 528, 'ʔ': 511, 'l': 504, 'm': 476, 'χ': 451, 'h': 349, 'ʃ': 314, 'a': 269, 'n': 243, 'r': 240, 'o': 224, 'j': 207, 's': 203, 'd': 181, 'f': 159, 'z': 118, 'k': 69, 'ɡ': 69, 'ə': 57, 'e': 56, 'u': 18, 'ɣ': 14, 'b': 6, 'ŋ': 3, 'p': 3})",(Japanese),_iwHebrew
8615,6792,42,"Counter({'v': 843, 'l': 570, 'ʔ': 528, 'm': 503, 't': 501, 'χ': 459, 'i': 425, 'ʃ': 368, 'n': 342, 'a': 316, 'h': 291, 'j': 232, 'r': 210, 'o': 200, 'd': 170, 's': 145, 'z': 136, 'f': 92, 'e': 87, 'ə': 71, 'ɡ': 71, 'k': 61, 'u': 38, 'ɪ': 22, 'b': 20, 'ɣ': 16, 'ː': 16, 'w': 11, 'ɛ': 9, 'p': 9, 'ð': 6, 'ŋ': 5, 'ɒ': 5, 'ɹ': 4, 'ɔ': 3, 'ɐ': 2, 'ʊ': 2, 'ʌ': 1, 'ʒ': 1, 'ɜ': 1})",(Quechua),_iwHebrew
8992,7377,29,"Counter({'a': 902, 'n': 786, 'e': 785, 'o': 649, 'i': 512, 't': 449, 's': 405, 'u': 399, 'k': 379, 'j': 341, 'l': 291, 'p': 264, 'h': 213, 'd': 200, 'w': 199, 'm': 198, 'b': 92, 'ɡ': 89, 'v': 84, 'z': 54, 'f': 49, 'y': 15, 'ʃ': 14, 'ŋ': 3, 'ʁ': 3, 'ɛ': 1, '̃': 1})",(Korean),_htHaitian Creole
9024,7331,34,"Counter({'v': 1007, 't': 682, 'i': 560, 'l': 535, 'ʔ': 518, 'm': 495, 'χ': 490, 'h': 359, 'ʃ': 342, 'a': 307, 'r': 283, 'n': 244, 'o': 230, 's': 227, 'd': 197, 'j': 194, 'f': 169, 'z': 114, 'k': 89, 'ə': 74, 'e': 65, 'ɡ': 56, 'u': 31, 'ɣ': 17, 'ɹ': 10, 'ʊ': 9, 'ː': 9, 'b': 8, 'ɪ': 4, 'p': 3, 'ŋ': 2, 'θ': 1})",(Chinese),_iwHebrew
9286,8029,42,"Counter({'e': 638, 'æ': 628, 'r': 530, 'n': 479, 'ɑ': 445, 't': 410, 'i': 370, 'ɯ': 362, 'ɒ': 339, 'ɫ': 303, 'q': 293, 'm': 285, 'k': 227, 'l': 224, 's': 220, 'u': 204, 'b': 184, 'j': 176, 'd': 165, 'ʃ': 154, 'o': 139, 'ʁ': 131, 'ɣ': 115, 'x': 114, 'z': 111, 'h': 101, 'w': 99, 'y': 91, 'ʔ': 77, 'ŋ': 74, 'ɕ': 66, 'œ': 62, 'p': 41, 'ʑ': 39, 'ɪ': 29, 'ɛ': 28, 'v': 28, 'ɹ': 28, 'f': 19, 'ʒ': 1})",(Korean),_ttTatar
9348,7657,35,"Counter({'ɛ': 805, 'a': 755, 'ɪ': 710, 'n': 622, 'e': 485, 'd': 423, 'b': 300, 'k': 292, 't': 274, 'i': 268, 'r': 248, 'h': 225, 'j': 204, 'u': 190, 'm': 187, 's': 186, 'ɾ': 174, 'ʊ': 152, 'ʒ': 151, 'w': 147, 'v': 121, 'l': 112, 'z': 83, 'ɡ': 82, 'ʃ': 82, 'f': 78, 'o': 74, 'p': 73, 'x': 64, 'ɵ': 41, 'c': 28, 'q': 19, 'ɟ': 2})",(Korean),_kuKurdish
9538,7681,36,"Counter({'ʁ': 633, 'a': 632, 't': 478, 'e': 470, '̃': 466, 'l': 460, 's': 430, 'd': 415, 'i': 391, 'ɛ': 364, 'ɔ': 278, 'k': 258, 'n': 243, 'p': 237, 'ə': 230, 'ɑ': 180, 'z': 178, 'y': 176, 'j': 168, 'm': 167, 'o': 146, 'w': 122, 'u': 119, 'v': 97, 'b': 84, 'œ': 60, 'f': 56, 'ʒ': 49, 'ɡ': 38, 'ø': 32, 'ʃ': 12, 'ɲ': 8, 'ː': 3, 'θ': 1})",(Korean),_frFrench (Belgium)
9615,8310,33,"Counter({'ɪ': 1353, 'ɑ': 756, 'æ': 680, 'l': 506, 'q': 457, 'n': 456, 't': 401, 'd': 345, 'r': 313, 'ʃ': 305, 'k': 294, 'u': 290, 'm': 288, 'b': 204, 'j': 189, 'h': 172, 'o': 166, 's': 155, 'w': 132, 'ɾ': 129, 'z': 91, 'ŋ': 85, 'œ': 82, 'p': 82, 'ʁ': 74, 'ɡ': 72, 'y': 72, 'e': 64, 'χ': 52, 'ʒ': 42, 'a': 3})",(Korean),_ugUyghur
9646,7715,29,"Counter({'a': 980, 'n': 886, 'e': 810, 'o': 681, 'i': 510, 't': 468, 's': 421, 'u': 395, 'k': 388, 'j': 344, 'l': 314, 'p': 276, 'd': 221, 'h': 203, 'w': 199, 'm': 195, 'b': 91, 'ɡ': 91, 'v': 84, 'f': 65, 'z': 56, 'ʃ': 16, 'y': 14, 'ʁ': 3, 'ŋ': 2, 'ɛ': 1, '̃': 1})",(English),_htHaitian Creole
9674,8188,37,"Counter({'o': 764, 'ɪ': 626, 'ɐ': 543, 't': 541, 'n': 487, 's': 467, 'ɛ': 438, 'v': 431, 'r': 425, 'a': 416, 'd': 360, 'm': 250, 'k': 243, 'ʊ': 238, 'p': 237, 'l': 212, 'j': 211, 'ʃ': 160, 'e': 151, 'i': 143, 'z': 135, 'b': 134, 'u': 121, 'ɲ': 102, 'ɡ': 77, 'ɑ': 61, 'ʒ': 56, 'ʎ': 53, 'h': 46, 'ɕ': 29, 'ʑ': 18, 'f': 9, 'ŋ': 2, '̩': 1, 'x': 1})",(Korean),_srSerbian
9684,8205,38,"Counter({'o': 752, 'ɪ': 630, 't': 534, 'æ': 533, 'n': 488, 's': 458, 'v': 418, 'a': 410, 'ɛ': 375, 'd': 368, 'ɾ': 277, 'j': 255, 'm': 252, 'ʊ': 249, 'k': 245, 'p': 234, 'l': 213, 'e': 211, 'r': 155, 'i': 150, 'ʃ': 150, 'b': 135, 'z': 131, 'u': 124, 'ɲ': 101, 'ɡ': 77, 'ɑ': 65, 'ʎ': 58, 'ʒ': 53, 'h': 46, 'ɕ': 28, 'ʑ': 19, 'f': 8, '̩': 1, 'ŋ': 1, 'x': 1})",(Korean),_bsBosnian
9688,8390,32,"Counter({'ɪ': 1075, 'ɛ': 866, 't': 741, 'a': 700, 's': 673, 'ʊ': 594, 'n': 539, 'r': 477, 'ɔ': 430, 'k': 427, 'm': 372, 'l': 276, 'w': 225, 'p': 213, 'd': 201, 'b': 150, 'h': 68, 'ɡ': 68, 'j': 66, 'ː': 66, 'f': 57, 'ŋ': 28, 'i': 26, 'ʔ': 17, 'u': 16, 'e': 8, 'ɾ': 5, 'y': 2, 'ʰ': 2, 'o': 2})",(Korean),_laLatin
9705,7753,35,"Counter({'ɛ': 811, 'a': 764, 'ɪ': 719, 'n': 632, 'e': 500, 'd': 435, 'b': 297, 'k': 293, 'i': 283, 't': 281, 'r': 241, 'h': 221, 'u': 193, 'j': 193, 'm': 193, 's': 182, 'ɾ': 170, 'ʒ': 166, 'ʊ': 152, 'w': 139, 'v': 134, 'l': 122, 'o': 86, 'z': 85, 'ʃ': 81, 'ɡ': 78, 'f': 78, 'p': 70, 'x': 57, 'ɵ': 37, 'c': 35, 'q': 24, 'ɟ': 1})",(English),_kuKurdish
9729,8264,38,"Counter({'o': 735, 'ɪ': 668, 't': 615, 'æ': 552, 'n': 472, 's': 450, 'v': 405, 'a': 393, 'ɛ': 369, 'd': 339, 'm': 283, 'ɾ': 275, 'j': 266, 'k': 263, 'p': 235, 'ʊ': 233, 'e': 220, 'l': 208, 'i': 148, 'ʃ': 146, 'b': 144, 'r': 136, 'z': 131, 'u': 120, 'ɲ': 105, 'ʎ': 70, 'ɡ': 67, 'ɑ': 64, 'h': 46, 'ʒ': 46, 'ɕ': 31, 'ʑ': 19, 'f': 5, 'ŋ': 3, '̩': 1, 'x': 1})",(Korean),_hrCroatian
9784,8273,43,"Counter({'æ': 622, 'e': 621, 'r': 546, 'ɑ': 460, 'n': 458, 't': 439, 'ɯ': 406, 'ɒ': 387, 'i': 374, 'q': 325, 'm': 319, 'ɫ': 316, 's': 224, 'u': 222, 'l': 215, 'k': 214, 'b': 198, 'j': 173, 'd': 169, 'ʃ': 152, 'o': 144, 'ʁ': 143, 'x': 131, 'z': 111, 'ɣ': 107, 'h': 107, 'w': 101, 'y': 85, 'ʔ': 79, 'ŋ': 78, 'œ': 70, 'ɕ': 67, 'ʑ': 44, 'p': 41, 'f': 25, 'ɪ': 25, 'ɛ': 25, 'v': 24, 'ɹ': 24, 'a': 1, 'ʒ': 1})",(English),_ttTatar
9820,7863,27,"Counter({'a': 1000, 'n': 876, 'e': 826, 'o': 718, 'i': 520, 't': 460, 's': 431, 'k': 421, 'u': 397, 'j': 382, 'l': 294, 'p': 277, 'd': 225, 'h': 209, 'm': 207, 'w': 189, 'ɡ': 93, 'v': 84, 'b': 84, 'f': 69, 'z': 59, 'ʃ': 21, 'y': 15, 'ŋ': 4, 'ʁ': 2})",(Portuguese),_htHaitian Creole
9853,8182,32,"Counter({'a': 1822, 'i': 1100, 'u': 694, 'k': 619, 'n': 435, 'm': 387, 't': 378, 'w': 313, 'e': 274, 'l': 247, 'o': 228, 'h': 203, 'j': 191, 'ʃ': 154, 'z': 148, 's': 117, 'b': 116, 'r': 116, 'f': 98, 'ɟ': 95, 'd': 94, 'ɡ': 87, 'ŋ': 73, '̩': 68, 'p': 36, 'ð': 32, 'ɲ': 25, 'v': 23, 'θ': 5, 'ɣ': 4})",(Korean),_swSwahili
9874,8164,40,"Counter({'a': 745, 'ɨ': 658, 'n': 578, 'r': 497, 'd': 423, 'l': 374, 'ː': 366, 'ɡ': 319, 'ɔ': 289, 'ə': 283, 'ʌ': 279, 'ɛ': 245, 'ɑ': 238, 'h': 235, 'ð': 213, 'ø': 211, 'ʊ': 191, 'm': 176, 'ɪ': 175, 'θ': 172, 'j': 164, 'b': 162, 's': 154, 'v': 143, 'k': 108, 't': 107, 'e': 106, 'u': 100, 'o': 84, 'w': 66, 'x': 59, 'i': 55, 'ɬ': 53, 'p': 51, 'f': 39, 'ŋ': 22, 'ç': 13, 'ʃ': 11})",(Korean),_cyWelsh
9878,8378,44,"Counter({'e': 666, 'æ': 633, 'r': 573, 'n': 483, 'ɑ': 470, 't': 433, 'i': 385, 'ɒ': 383, 'ɯ': 381, 'ɫ': 333, 'q': 320, 'm': 294, 'u': 231, 's': 230, 'k': 221, 'l': 212, 'j': 206, 'b': 194, 'd': 165, 'o': 153, 'ʃ': 152, 'ʁ': 144, 'x': 120, 'z': 116, 'ɣ': 104, 'h': 103, 'w': 91, 'ʔ': 83, 'ŋ': 81, 'ɕ': 74, 'y': 71, 'œ': 64, 'p': 47, 'ʑ': 37, 'ɪ': 26, 'f': 24, 'ɛ': 23, 'v': 23, 'ɹ': 23, 'ə': 3, 'a': 2, 'ʒ': 1})",(Portuguese),_ttTatar
9907,8637,36,"Counter({'e': 861, 's': 829, 'a': 792, 'i': 769, 't': 574, 'l': 468, 'u': 436, 'k': 426, 'ː': 421, 'd': 325, 'm': 278, 'n': 267, 'r': 256, 'o': 245, 'ɡ': 222, 'v': 209, 'ɵ': 179, 'h': 158, 'ɑ': 153, 'j': 133, 'y': 112, 'ɪ': 97, 'p': 64, 'b': 56, 'æ': 53, 'ɛ': 52, 'ʊ': 47, '^': 41, 'ɲ': 36, 'ŋ': 35, 'ʎ': 29, 'ø': 12, 'w': 1, 'ɔ': 1})",(Korean),_etEstonian
9910,8585,37,"Counter({'ɑ': 898, 'e': 641, 'i': 563, 'r': 529, 'n': 517, 'm': 391, 'd': 387, 'ɯ': 367, 'ʊ': 361, 't': 300, 'ɫ': 293, 'o': 244, 'l': 243, 'β': 220, 'θ': 216, 'ː': 215, 'j': 215, 'ʃ': 213, 'q': 209, 'ʁ': 198, 'k': 173, 'ø': 139, 'ŋ': 138, 'ð': 128, 'œ': 127, 'x': 107, 'ɡ': 98, 'h': 86, 'ʒ': 84, 'æ': 77, 'b': 64, 'p': 59, 'ɪ': 52, 'ɛ': 23, 's': 10})",(Korean),_tkTurkmen
9910,8385,33,"Counter({'ɪ': 1295, 'ɑ': 751, 'æ': 736, 'l': 541, 'q': 451, 'n': 415, 't': 411, 'd': 355, 'm': 346, 'u': 334, 'r': 312, 'k': 294, 'ʃ': 284, 'b': 219, 'j': 190, 'h': 182, 'o': 176, 's': 156, 'w': 138, 'ɾ': 120, 'p': 88, 'z': 86, 'ŋ': 85, 'e': 74, 'ɡ': 66, 'ʁ': 63, 'y': 61, 'œ': 60, 'χ': 47, 'ʒ': 46, 'a': 3})",(English),_ugUyghur
9917,7778,29,"Counter({'a': 969, 'n': 863, 'e': 837, 'o': 675, 'i': 536, 's': 443, 'k': 409, 't': 392, 'u': 369, 'j': 352, 'l': 314, 'p': 276, 'h': 235, 'd': 217, 'm': 211, 'w': 195, 'ɡ': 102, 'v': 85, 'b': 85, 'f': 72, 'z': 72, 'ʃ': 46, 'y': 15, 'ŋ': 2, 'ɑ': 2, '̃': 2, 'ʁ': 2})",(Arabic),_htHaitian Creole
9944,7917,30,"Counter({'a': 1025, 'e': 869, 'n': 826, 'o': 667, 'i': 532, 's': 451, 'k': 448, 't': 425, 'j': 363, 'u': 357, 'l': 314, 'p': 285, 'h': 251, 'd': 226, 'w': 205, 'm': 203, 'b': 100, 'ɡ': 91, 'v': 88, 'f': 58, 'z': 55, 'ʃ': 46, 'y': 15, '̃': 5, 'ʁ': 5, 'ɛ': 3, 'ɑ': 2, 'ŋ': 2})",(Russian),_htHaitian Creole
9949,8390,28,"Counter({'a': 1095, 'e': 760, 'o': 747, 'i': 709, 't': 663, 'n': 555, 'r': 499, 's': 497, 'l': 424, 'ɪ': 402, 'k': 375, 'd': 338, 'u': 298, 'p': 196, 'm': 149, 'v': 146, 'ɡ': 93, 'b': 90, 'ʃ': 76, 'h': 57, 'ʒ': 56, 'ʊ': 55, 'f': 37, 'z': 36, 'j': 28, 'ə': 9})",(Korean),_eoEsperanto
9952,8611,39,"Counter({'a': 959, 'n': 555, 'ɛ': 512, 'ɪ': 484, 'k': 404, 'r': 390, 'ɯ': 365, 't': 363, 'l': 333, 'm': 329, 'd': 322, 'e': 320, 'i': 294, 's': 289, 'ɫ': 287, 'j': 277, 'ʃ': 225, 'ɾ': 218, 'h': 192, 'v': 188, 'b': 161, 'ʊ': 124, 'ø': 117, 'ː': 107, 'z': 105, 'æ': 91, 'u': 89, 'ɟ': 85, 'o': 83, 'œ': 78, 'y': 61, 'ʒ': 52, 'ɔ': 49, 'p': 42, 'ɡ': 21, 'c': 21, 'f': 19})",(Korean),_trTurkish
9983,8671,33,"Counter({'a': 1203, 'e': 1165, 'o': 974, 'i': 579, 'ɾ': 524, 't': 366, 'u': 357, 'm': 337, 'p': 331, 'h': 295, 'β': 291, 'k': 274, 'd': 252, '̃': 221, 'y': 215, 'ɣ': 172, 's': 159, 'n': 156, 'l': 145, 'ŋ': 119, 'b': 112, 'ʝ': 109, 'ʃ': 101, 'ɲ': 84, 'θ': 79, 'ɡ': 17, 'f': 14, 'ɨ': 9, 'ː': 6, 'r': 3, 'ɳ': 2})",(Korean),_gnGuarani
10001,8352,38,"Counter({'ɪ': 815, 'n': 690, 'ə': 640, 't': 612, 'a': 533, 'd': 525, 'ɹ': 403, 'ɛ': 322, 'l': 318, 's': 317, 'ː': 298, 'i': 266, 'k': 227, 'v': 189, 'ɒ': 188, 'z': 179, 'm': 178, 'ʃ': 155, 'p': 146, 'ʌ': 138, 'w': 128, 'f': 123, 'e': 122, 'b': 100, 'u': 97, 'h': 93, 'ʊ': 92, 'ɔ': 91, 'o': 77, 'ʒ': 56, 'j': 55, 'ɑ': 54, 'ɜ': 46, 'ɡ': 41, '̪': 28, 'ŋ': 10})",(Korean),_enEnglish (Caribbean)
10011,8036,34,"Counter({'a': 828, 'ɛ': 809, 'ɪ': 767, 'n': 629, 'e': 500, 'd': 434, 'b': 314, 'k': 309, 'i': 301, 't': 286, 'r': 260, 'h': 241, 'j': 214, 'm': 196, 'u': 191, 'ɾ': 186, 's': 179, 'ʒ': 157, 'ʊ': 152, 'w': 150, 'v': 140, 'l': 130, 'o': 89, 'f': 85, 'ʃ': 85, 'z': 84, 'ɡ': 80, 'p': 72, 'x': 71, 'ɵ': 41, 'c': 32, 'q': 24})",(Portuguese),_kuKurdish
10041,8623,31,"Counter({'ɐ': 826, 'n': 813, 'i': 533, 'ʌ': 494, 'ɯ': 484, 't': 476, 'h': 441, 'o': 432, 'd': 388, 'j': 366, 'q': 359, 's': 289, 'ɾ': 261, 'ɕ': 238, 'w': 232, 'u': 232, 'e': 228, 'ɡ': 228, 'p': 226, 'm': 223, 'ŋ': 223, 'ɫ': 193, 'ʑ': 145, 'ɛ': 124, 'ʃ': 58, 'b': 43, 'k': 43, 'r': 23, 'l': 2})",(Japanese),_koKorean
10044,7697,35,"Counter({'ʁ': 630, 'a': 573, '̃': 502, 't': 419, 'ɛ': 417, 's': 402, 'l': 375, 'e': 367, 'd': 357, 'n': 344, 'ɔ': 308, 'ə': 298, 'i': 297, 'p': 254, 'k': 239, 'u': 234, 'z': 191, 'ɑ': 183, 'v': 183, 'm': 163, 'w': 151, 'j': 144, 'o': 138, 'y': 121, 'f': 88, 'œ': 72, 'b': 68, 'ø': 56, 'ʒ': 44, 'ɡ': 41, 'ʃ': 33, 'ɲ': 4, 'ː': 1})",(Quechua),_frFrench (Belgium)
10052,8508,32,"Counter({'ɪ': 1122, 'ɛ': 858, 't': 739, 's': 706, 'a': 686, 'ʊ': 616, 'n': 535, 'k': 460, 'ɔ': 455, 'r': 452, 'm': 397, 'l': 288, 'w': 221, 'p': 194, 'd': 191, 'b': 154, 'ɡ': 71, 'f': 69, 'ː': 66, 'h': 59, 'j': 59, 'ŋ': 36, 'i': 24, 'u': 17, 'ʔ': 14, 'e': 8, 'y': 4, 'ɾ': 3, 'ʰ': 2, 'o': 2})",(English),_laLatin
10081,7831,29,"Counter({'n': 964, 'a': 845, 'e': 842, 'u': 781, 'o': 775, 'i': 408, 't': 398, 'j': 347, 's': 329, 'p': 315, 'k': 301, 'l': 248, 'w': 212, 'd': 204, 'm': 187, 'h': 167, 'ɡ': 124, 'v': 121, 'b': 94, 'f': 77, 'z': 55, 'ʃ': 15, 'y': 15, 'ʁ': 3, '̃': 2, 'ɑ': 1, 'ɛ': 1})",(Quechua),_htHaitian Creole
10130,8108,30,"Counter({'a': 1052, 'n': 941, 'e': 839, 'o': 710, 'i': 545, 's': 443, 't': 441, 'k': 401, 'j': 388, 'u': 375, 'l': 323, 'p': 303, 'h': 249, 'd': 226, 'm': 221, 'w': 195, 'ɡ': 96, 'b': 86, 'v': 84, 'f': 70, 'z': 66, 'ʃ': 25, 'y': 15, '̃': 4, 'ʁ': 4, 'ɑ': 2, 'ɛ': 2, 'ŋ': 2})",(Spanish),_htHaitian Creole
10168,8113,29,"Counter({'a': 987, 'e': 921, 'n': 835, 'o': 708, 'i': 545, 't': 458, 's': 436, 'u': 436, 'k': 413, 'j': 408, 'p': 308, 'l': 286, 'h': 245, 'd': 233, 'w': 227, 'm': 201, 'ɡ': 103, 'b': 101, 'v': 89, 'f': 66, 'z': 63, 'ʃ': 21, 'y': 15, 'ŋ': 4, 'ʁ': 2, 'ɑ': 1, '̃': 1})",(Japanese),_htHaitian Creole
10176,8057,35,"Counter({'a': 660, 'ʁ': 610, '̃': 521, 't': 495, 'l': 494, 's': 461, 'e': 460, 'd': 453, 'i': 422, 'ɛ': 378, 'k': 295, 'ɔ': 292, 'ə': 275, 'p': 233, 'n': 229, 'ɑ': 208, 'j': 184, 'm': 181, 'y': 170, 'z': 157, 'o': 150, 'w': 120, 'u': 120, 'v': 118, 'b': 77, 'f': 76, 'œ': 63, 'ʒ': 50, 'ɡ': 45, 'ø': 33, 'ʃ': 16, 'ɲ': 9, 'ː': 2})",(Portuguese),_frFrench (Belgium)
10178,8447,39,"Counter({'o': 739, 'ɪ': 633, 't': 613, 'æ': 540, 'n': 490, 's': 457, 'v': 424, 'a': 422, 'ɛ': 416, 'd': 339, 'ɾ': 279, 'k': 275, 'j': 268, 'p': 257, 'm': 248, 'ʊ': 243, 'l': 225, 'e': 224, 'i': 178, 'b': 156, 'r': 141, 'ʃ': 141, 'z': 134, 'u': 123, 'ɲ': 110, 'ɡ': 83, 'ɑ': 68, 'ʎ': 67, 'ɕ': 47, 'ʒ': 46, 'h': 34, 'ʑ': 18, 'f': 4, 'ŋ': 2, '̩': 1, 'ə': 1, 'x': 1})",(English),_hrCroatian
10186,8669,34,"Counter({'ɪ': 1345, 'ɑ': 812, 'æ': 722, 'l': 555, 'n': 467, 'q': 442, 't': 423, 'd': 339, 'u': 337, 'r': 334, 'm': 324, 'ʃ': 312, 'k': 295, 'b': 215, 'j': 215, 'o': 172, 's': 168, 'h': 162, 'w': 138, 'ɾ': 137, 'ŋ': 102, 'z': 90, 'p': 88, 'ʁ': 85, 'e': 79, 'ɡ': 70, 'y': 70, 'œ': 65, 'χ': 59, 'ʒ': 42, 'a': 3, 'f': 2})",(Portuguese),_ugUyghur
10188,8054,35,"Counter({'a': 688, 'ʁ': 634, '̃': 515, 'l': 489, 't': 485, 'e': 476, 's': 464, 'd': 431, 'i': 390, 'ɛ': 374, 'ɔ': 307, 'k': 287, 'ə': 264, 'n': 254, 'p': 238, 'ɑ': 207, 'j': 198, 'm': 177, 'y': 166, 'z': 162, 'o': 148, 'u': 124, 'w': 121, 'v': 98, 'b': 83, 'f': 66, 'œ': 54, 'ʒ': 50, 'ɡ': 38, 'ø': 37, 'ʃ': 17, 'ɲ': 11, 'ː': 1})",(English),_frFrench (Belgium)
10198,8436,36,"Counter({'o': 775, 'ɪ': 628, 't': 555, 'ɐ': 518, 'n': 514, 'ɛ': 488, 's': 472, 'a': 441, 'v': 431, 'r': 426, 'd': 377, 'ʊ': 265, 'p': 262, 'k': 252, 'l': 238, 'm': 233, 'j': 219, 'ʃ': 163, 'i': 158, 'e': 152, 'z': 146, 'b': 146, 'u': 118, 'ɲ': 102, 'ɡ': 99, 'ɑ': 69, 'ʒ': 50, 'ʎ': 44, 'ɕ': 33, 'h': 32, 'ʑ': 18, 'f': 9, 'x': 2, '̩': 1})",(English),_srSerbian
10231,8468,37,"Counter({'o': 771, 'ɪ': 637, 't': 558, 'æ': 513, 'n': 507, 's': 472, 'a': 440, 'v': 431, 'ɛ': 400, 'd': 372, 'ɾ': 287, 'j': 279, 'ʊ': 269, 'p': 259, 'k': 250, 'l': 236, 'm': 232, 'e': 215, 'i': 179, 'ʃ': 150, 'r': 147, 'b': 139, 'z': 136, 'u': 115, 'ɲ': 104, 'ɡ': 101, 'ɑ': 72, 'ʎ': 50, 'ʒ': 45, 'ɕ': 39, 'h': 32, 'ʑ': 18, 'f': 10, 'x': 2, '̩': 1})",(English),_bsBosnian
10234,8824,35,"Counter({'ɔ': 928, 'a': 798, 'ɾ': 773, 'e': 619, 't': 600, 'i': 582, 'ʃ': 536, 'ʰ': 480, 'k': 467, 'o': 450, 'n': 443, 'd': 406, 'b': 390, 'm': 187, 'p': 182, 'u': 166, 'ɟ': 109, 'ŋ': 93, 'ʒ': 88, 'ɡ': 77, 'æ': 73, 'j': 72, 'l': 71, 'h': 63, 'ʈ': 47, 's': 39, 'r': 32, 'ː': 25, '.': 10, 'w': 9, '̃': 4, 'f': 4, 'ɖ': 1})",(Korean),_bnBengali
10250,8643,36,"Counter({'o': 902, 'e': 757, 't': 727, 'n': 609, 'æ': 604, 'ɪ': 516, 's': 487, 'v': 474, 'a': 465, 'r': 419, 'd': 399, 'i': 297, 'l': 253, 'k': 244, 'p': 228, 'm': 172, 'j': 154, 'z': 152, 'b': 150, 'ɕ': 111, 'ʊ': 91, 'u': 91, 'ɡ': 78, 'ɲ': 56, 'ʃ': 55, 'ɛ': 43, 'ʒ': 40, '̩': 23, 'ʑ': 16, 'f': 14, '^': 7, 'h': 5, 'ɾ': 3, 'ɹ': 1})",(Korean),_mkMacedonian
10253,8652,44,"Counter({'e': 693, 'æ': 667, 'r': 584, 'n': 504, 'ɑ': 481, 't': 437, 'i': 406, 'ɒ': 386, 'ɯ': 383, 'q': 339, 'ɫ': 335, 'm': 297, 'k': 246, 'u': 243, 's': 233, 'l': 225, 'j': 202, 'b': 189, 'd': 179, 'ʃ': 162, 'o': 144, 'ʁ': 136, 'x': 129, 'z': 110, 'ɣ': 104, 'h': 104, 'w': 93, 'ɕ': 91, 'ʔ': 88, 'ŋ': 85, 'y': 79, 'œ': 71, 'p': 43, 'ʑ': 39, 'ɪ': 30, 'f': 30, 'ɛ': 26, 'v': 26, 'ɹ': 26, 'a': 3, 'ʒ': 3, 'ɐ': 1})",(Spanish),_ttTatar
10256,8358,32,"Counter({'a': 1880, 'i': 1101, 'u': 689, 'k': 626, 'n': 431, 'm': 423, 't': 398, 'w': 338, 'e': 287, 'l': 250, 'o': 245, 'h': 196, 'j': 188, 'ʃ': 156, 'z': 147, 'r': 117, 'f': 108, 'b': 108, 's': 106, 'd': 96, 'ɡ': 96, 'ɟ': 89, 'ŋ': 84, '̩': 63, 'p': 43, 'ɲ': 34, 'ð': 33, 'v': 17, 'ɣ': 5, 'θ': 4})",(English),_swSwahili
10262,8506,37,"Counter({'o': 773, 'ɪ': 644, 't': 567, 'n': 520, 'ɐ': 506, 'ɛ': 489, 's': 484, 'a': 454, 'v': 444, 'r': 432, 'd': 376, 'ʊ': 272, 'm': 257, 'p': 256, 'k': 241, 'l': 228, 'j': 226, 'i': 160, 'ʃ': 156, 'e': 153, 'z': 152, 'b': 132, 'u': 122, 'ɲ': 85, 'ɡ': 76, 'ɑ': 70, 'ʒ': 53, 'ʎ': 52, 'h': 49, 'ɕ': 34, 'ʑ': 25, 'f': 15, '̩': 1, 'ŋ': 1, 'x': 1})",(Portuguese),_srSerbian
10266,8456,28,"Counter({'a': 1110, 'e': 780, 'o': 760, 'i': 711, 't': 671, 'n': 532, 's': 490, 'r': 485, 'l': 452, 'ɪ': 392, 'k': 372, 'd': 350, 'u': 323, 'p': 202, 'm': 148, 'v': 128, 'ɡ': 96, 'b': 86, 'ʃ': 83, 'ʊ': 58, 'ʒ': 55, 'h': 52, 'f': 46, 'z': 36, 'j': 29, 'ə': 9})",(English),_eoEsperanto
10283,8209,35,"Counter({'ɛ': 842, 'a': 828, 'ɪ': 766, 'n': 645, 'e': 497, 'd': 452, 'b': 326, 'k': 308, 'i': 299, 't': 296, 'r': 281, 'h': 238, 'm': 209, 'u': 204, 'j': 200, 's': 199, 'ɾ': 184, 'ʒ': 163, 'w': 155, 'ʊ': 155, 'v': 134, 'l': 122, 'o': 103, 'ʃ': 95, 'z': 88, 'ɡ': 87, 'f': 82, 'x': 79, 'p': 65, 'ɵ': 47, 'c': 31, 'q': 26, 'ɟ': 3})",(Spanish),_kuKurdish
10285,8908,30,"Counter({'a': 1695, 'ː': 1239, 'm': 515, 'n': 508, 'u': 434, 'ɪ': 405, 't': 395, 'i': 382, 'k': 380, 'r': 293, 's': 279, 'd': 249, 'b': 244, 'o': 243, 'l': 221, 'f': 210, 'e': 206, 'ɡ': 203, '?': 189, 'w': 148, '`': 139, 'h': 107, 'ʃ': 68, 'ʒ': 61, 'ð': 59, 'ɲ': 31, 'θ': 3, 'Φ': 2})",(Korean),_omOromo
10292,8624,47,"Counter({'e': 749, 'æ': 649, 'r': 567, 'n': 467, 't': 443, 'ɑ': 442, 'ɯ': 418, 'i': 400, 'ɒ': 372, 'ɫ': 329, 'q': 317, 'm': 303, 'l': 241, 'u': 239, 's': 236, 'k': 230, 'b': 210, 'ʃ': 192, 'j': 190, 'd': 163, 'o': 150, 'ʁ': 148, 'x': 128, 'z': 123, 'h': 113, 'ɣ': 111, 'ŋ': 88, 'ʔ': 83, 'y': 83, 'w': 74, 'ɕ': 70, 'œ': 65, 'ʑ': 44, 'p': 38, 'ɪ': 32, 'ɹ': 30, 'ɛ': 27, 'v': 27, 'f': 19, 'a': 5, 'ə': 3, 'ː': 2, 'ʒ': 2, 'ɐ': 1, 'ʊ': 1})",(Russian),_ttTatar
10295,8214,35,"Counter({'ɛ': 834, 'a': 827, 'ɪ': 772, 'n': 651, 'e': 521, 'd': 467, 'b': 324, 'k': 317, 'i': 292, 't': 283, 'r': 256, 'h': 224, 'j': 216, 'u': 207, 's': 187, 'm': 185, 'ɾ': 179, 'w': 164, 'ʊ': 157, 'ʒ': 155, 'v': 148, 'l': 129, 'ʃ': 97, 'o': 94, 'z': 87, 'ɡ': 86, 'p': 86, 'f': 82, 'x': 74, 'ɵ': 50, 'c': 36, 'q': 26, 'ɟ': 1})",(Russian),_kuKurdish
10304,8599,31,"Counter({'a': 1149, 'ɑ': 761, 'e': 648, 'd': 615, 'r': 518, 'i': 389, 'ː': 388, 't': 370, 'm': 369, 'n': 354, 'h': 321, 'o': 259, 'b': 250, 's': 233, 'j': 229, 'v': 204, 'q': 188, '1': 188, 'z': 185, 'k': 182, 'ʃ': 163, 'l': 157, 'u': 116, 'ʔ': 92, 'ʒ': 81, 'x': 78, 'f': 54, 'ɡ': 46, 'p': 12})",(Korean),_faPersian
10305,8594,38,"Counter({'o': 777, 'ɪ': 689, 't': 626, 'æ': 546, 'n': 508, 's': 452, 'v': 436, 'a': 420, 'ɛ': 390, 'd': 339, 'j': 285, 'm': 282, 'ɾ': 272, 'k': 263, 'p': 255, 'ʊ': 247, 'e': 227, 'l': 225, 'i': 165, 'ʃ': 157, 'r': 150, 'b': 146, 'z': 146, 'u': 120, 'ɲ': 96, 'ɑ': 71, 'ɡ': 67, 'ʎ': 66, 'ʒ': 51, 'ɕ': 42, 'h': 42, 'ʑ': 21, 'f': 7, 'ŋ': 6, '̩': 1, 'x': 1})",(Portuguese),_hrCroatian
10327,8873,38,"Counter({'æ': 1038, 'a': 850, 'i': 824, 'n': 575, 'd': 469, 't': 371, 'm': 348, 'r': 348, 's': 328, 'ɯ': 317, 'l': 301, 'j': 249, 'u': 241, 'ɡ': 237, 'ɫ': 236, 'h': 222, 'v': 219, 'ʃ': 194, 'y': 193, 'ɾ': 188, 'b': 187, 'c': 141, 'e': 137, 'z': 135, 'x': 107, 'o': 107, 'ç': 77, 'œ': 75, 'ʒ': 48, 'f': 44, 'ɟ': 22, 'p': 16, 'ː': 13, 'ɪ': 10, 'ɣ': 5, 'k': 1})",(Korean),_azAzerbaijani
10334,8391,44,"Counter({'ə': 1097, 'a': 690, 'n': 595, 'ɾ': 460, 'ʲ': 449, 'ɡ': 348, 's': 347, 'x': 344, 'ː': 305, 'u': 267, 'i': 254, 'ɔ': 246, 'd': 224, 'ɪ': 205, '̪': 191, 'h': 189, 'k': 177, 'ɣ': 176, 'v': 144, 'ɛ': 131, 't': 128, 'm': 127, 'ɯ': 121, 'ɕ': 118, 'ɫ': 117, 'e': 116, 'l': 108, 'ɲ': 81, 'b': 77, 'ç': 76, 'f': 61, 'ɤ': 60, 'c': 58, 'ʰ': 58, 'ʊ': 57, 'o': 45, 'ʎ': 44, 'r': 40, 'p': 32, 'ʝ': 21, 'j': 5, 'ʃ': 2})",(Korean),_gdGaelic (Scottish)
10339,8543,35,"Counter({'ə': 1486, 'i': 695, 't': 597, 's': 552, 'n': 509, 'l': 490, 'u': 373, 'ɾ': 356, 'a': 333, 'z': 322, 'k': 289, 'ð': 243, 'm': 239, 'p': 239, 'o': 221, 'r': 219, 'd': 212, 'e': 200, 'ɛ': 166, 'β': 145, 'w': 106, 'ɔ': 101, 'j': 91, 'b': 63, 'ʎ': 57, 'ʒ': 50, 'f': 48, 'ɣ': 46, 'ŋ': 34, 'ɡ': 32, 'ʃ': 18, 'ɲ': 7, 'ɱ': 4})",(Korean),_caCatalan
10349,8366,40,"Counter({'a': 746, 'ɨ': 690, 'n': 600, 'r': 500, 'd': 435, 'ː': 384, 'l': 384, 'ɡ': 331, 'ɔ': 313, 'ə': 302, 'ʌ': 289, 'ɛ': 250, 'h': 228, 'ð': 228, 'ɑ': 222, 'ʊ': 210, 'ø': 199, 'b': 186, 'm': 172, 'θ': 166, 's': 162, 'ɪ': 158, 'v': 157, 'j': 149, 'e': 119, 't': 117, 'k': 113, 'u': 107, 'o': 87, 'w': 66, 'i': 56, 'p': 56, 'ɬ': 54, 'x': 53, 'f': 40, 'ŋ': 20, 'ç': 9, 'ʃ': 8})",(English),_cyWelsh
10356,8601,38,"Counter({'o': 785, 'ɪ': 666, 't': 576, 'æ': 524, 'n': 522, 's': 477, 'a': 445, 'v': 438, 'ɛ': 405, 'd': 370, 'j': 282, 'ɾ': 278, 'p': 261, 'ʊ': 261, 'm': 260, 'k': 243, 'l': 226, 'e': 214, 'i': 175, 'r': 161, 'ʃ': 156, 'z': 155, 'b': 132, 'u': 121, 'ɲ': 85, 'ɡ': 76, 'ɑ': 72, 'ʎ': 57, 'ʒ': 52, 'h': 49, 'ɕ': 37, 'ʑ': 23, 'f': 14, '̩': 1, 'ŋ': 1, 'x': 1})",(Portuguese),_bsBosnian
10374,8656,45,"Counter({'e': 833, 'æ': 604, 'r': 588, 'n': 522, 'ɯ': 458, 'ɑ': 416, 'b': 411, 'ɒ': 394, 'ɫ': 341, 'q': 329, 'i': 327, 't': 305, 'u': 295, 'm': 271, 'l': 245, 'k': 229, 'z': 216, 'd': 177, 'j': 175, 'ʃ': 169, 's': 141, 'ɣ': 138, 'ʁ': 135, 'o': 128, 'x': 125, 'ɕ': 113, 'ŋ': 106, 'œ': 94, 'y': 78, 'h': 72, 'w': 52, 'p': 27, 'ʑ': 26, 'ɪ': 24, 'ɛ': 21, 'v': 21, 'ɹ': 20, 'f': 13, 'ʔ': 12, 'a': 2, 'ː': 1, 'ð': 1, 'ə': 1})",(Quechua),_ttTatar
10382,8129,35,"Counter({'ɛ': 897, 'ɪ': 849, 'a': 705, 'n': 626, 'e': 528, 'd': 377, 'b': 367, 'k': 333, 'm': 312, 't': 278, 'i': 252, 'h': 225, 'r': 214, 'ʊ': 179, 'ʒ': 175, 'ɾ': 175, 'w': 175, 's': 164, 'u': 161, 'j': 161, 'l': 140, 'v': 126, 'ʃ': 102, 'x': 101, 'z': 96, 'f': 94, 'o': 77, 'ɡ': 67, 'ɵ': 62, 'p': 57, 'q': 29, 'c': 23, 'ɟ': 2})",(Quechua),_kuKurdish
10391,8632,33,"Counter({'ɪ': 1024, 'ɛ': 914, 's': 829, 't': 691, 'ʊ': 644, 'a': 625, 'n': 574, 'ɔ': 468, 'r': 462, 'm': 439, 'k': 432, 'w': 282, 'p': 221, 'd': 204, 'l': 172, 'b': 168, 'h': 96, 'ː': 79, 'f': 69, 'j': 66, 'ɡ': 63, 'ŋ': 25, 'i': 25, 'u': 19, 'ʔ': 15, 'e': 13, 'ʰ': 5, 'ɾ': 4, 'o': 2, 'ə': 1, 'ɹ': 1})",(Quechua),_laLatin
10391,8427,39,"Counter({'o': 789, 'ɪ': 702, 't': 589, 'æ': 495, 'a': 486, 'n': 445, 's': 443, 'ɛ': 441, 'v': 387, 'd': 362, 'm': 356, 'ɾ': 256, 'j': 243, 'p': 229, 'k': 227, 'i': 219, 'e': 208, 'ʊ': 199, 'l': 196, 'b': 177, 'ʃ': 149, 'z': 137, 'r': 132, 'u': 110, 'ɡ': 80, 'ʒ': 76, 'ʎ': 73, 'ɲ': 70, 'ɑ': 50, 'ɕ': 45, 'h': 30, 'ʑ': 16, 'ə': 3, '̩': 2, 'f': 2, 'ŋ': 2, 'x': 1})",(Quechua),_hrCroatian
10392,8835,33,"Counter({'ɪ': 1141, 'ɛ': 910, 't': 760, 'a': 732, 's': 731, 'ʊ': 611, 'n': 576, 'ɔ': 505, 'r': 483, 'k': 471, 'm': 402, 'l': 285, 'w': 212, 'd': 211, 'p': 209, 'b': 156, 'f': 80, 'ɡ': 74, 'h': 69, 'ː': 65, 'j': 46, 'ŋ': 30, 'i': 24, 'u': 17, 'ʔ': 12, 'e': 8, 'ɾ': 5, 'y': 4, 'ʰ': 2, 'z': 2, 'o': 2})",(Portuguese),_laLatin
10405,9087,35,"Counter({'ɑ': 1012, 'ə': 853, 'e': 789, 'n': 621, 'ɪ': 534, 't': 479, 'ɾ': 441, 'q': 414, 'd': 364, 'm': 355, 's': 301, 'ɫ': 285, 'b': 277, 'k': 269, 'j': 217, 'w': 190, 'ʀ': 182, 'a': 165, 'o': 156, 'æ': 154, 'ʒ': 148, 'ʊ': 130, 'z': 128, 'ŋ': 122, 'p': 91, 'ɡ': 85, 'ʃ': 82, 'l': 77, 'u': 58, 'ɵ': 57, 'r': 37, 'x': 13, 'v': 1})",(Korean),_kkKazakh
10424,8657,48,"Counter({'e': 730, 'æ': 693, 'r': 583, 'n': 487, 'ɑ': 447, 't': 446, 'ɒ': 401, 'i': 393, 'ɯ': 383, 'q': 336, 'ɫ': 298, 'm': 276, 'l': 236, 's': 235, 'k': 230, 'b': 219, 'u': 215, 'j': 208, 'd': 188, 'ʃ': 170, 'o': 134, 'ʁ': 134, 'x': 132, 'z': 122, 'ɣ': 115, 'œ': 99, 'ɕ': 92, 'ŋ': 91, 'y': 91, 'h': 89, 'ʔ': 77, 'w': 68, 'ʑ': 46, 'p': 39, 'ɪ': 30, 'ɛ': 29, 'ɹ': 28, 'v': 28, 'f': 24, 'ə': 6, 'ː': 3, 'a': 2, 'ʒ': 1, 'ʌ': 1, 'ð': 1, 'ɔ': 1})",(Arabic),_ttTatar
10427,8196,35,"Counter({'ɛ': 851, 'a': 802, 'ɪ': 778, 'n': 631, 'e': 495, 'd': 484, 'k': 336, 'b': 330, 'i': 304, 'r': 284, 't': 259, 'h': 223, 'm': 211, 'j': 210, 'u': 197, 'ʒ': 190, 's': 181, 'ʊ': 178, 'ɾ': 169, 'w': 153, 'v': 140, 'l': 131, 'o': 101, 'f': 88, 'ɡ': 85, 'z': 83, 'ʃ': 76, 'p': 63, 'x': 62, 'ɵ': 42, 'c': 31, 'q': 25, 'ɟ': 3})",(Arabic),_kuKurdish
10438,8798,36,"Counter({'ɔ': 956, 'a': 865, 'ɾ': 785, 'i': 591, 'e': 589, 't': 519, 'k': 464, 'ʰ': 457, 'n': 450, 'ʃ': 450, 'b': 441, 'd': 420, 'o': 415, 'p': 187, 'm': 172, 'u': 147, 'ɟ': 119, 'ŋ': 113, 'ʒ': 102, 'ɡ': 83, 'h': 76, 'l': 74, 'j': 74, 'æ': 67, 'ʈ': 53, 's': 35, 'r': 32, 'ː': 25, '.': 11, 'w': 9, 'f': 7, 'ɖ': 5, '̃': 4, 'ɪ': 1})",(English),_bnBengali
10463,8414,39,"Counter({'o': 815, 'ɪ': 633, 'a': 571, 'ɛ': 515, 'ɐ': 501, 't': 492, 'd': 465, 's': 455, 'n': 441, 'r': 383, 'v': 378, 'm': 369, 'p': 237, 'k': 216, 'ʊ': 213, 'l': 195, 'j': 192, 'i': 185, 'b': 157, 'ʃ': 155, 'e': 146, 'z': 137, 'u': 122, 'ɡ': 86, 'ʒ': 72, 'ɲ': 68, 'ʎ': 57, 'ɑ': 53, 'h': 37, 'ɕ': 37, 'ʑ': 19, 'f': 5, '̩': 2, 'ŋ': 2, 'ɔ': 1, 'x': 1, 'ə': 1})",(Quechua),_srSerbian
10478,8885,42,"Counter({'ʔ': 1061, 'n': 530, 'ə': 509, 'ʌ': 503, 'l': 494, 't': 493, 's': 451, 'e': 427, 'a': 416, 'ε': 373, 'i': 364, 'ʁ': 281, 'ð': 223, 'f': 218, 'm': 193, 'd': 187, 'k': 184, 'ɑ': 172, 'h': 167, 'ɐ': 165, '̯': 165, 'ɒ': 157, 'ʋ': 154, '?': 135, 'o': 107, 'ɡ': 103, 'b': 96, 'u': 85, 'j': 74, 'ŋ': 71, 'ɛ': 68, 'p': 67, 'œ': 61, 'y': 37, 'ː': 34, 'w': 28, 'ʃ': 22, 'ɪ': 5, 'ɔ': 4, 'ɾ': 1})",(Korean),_daDanish
10481,8129,35,"Counter({'a': 650, 'ʁ': 638, 'l': 499, '̃': 496, 'e': 492, 't': 487, 's': 483, 'd': 451, 'i': 436, 'ɛ': 430, 'k': 311, 'ɔ': 258, 'ə': 253, 'p': 230, 'n': 214, 'y': 197, 'ɑ': 194, 'j': 173, 'z': 169, 'm': 154, 'o': 145, 'w': 126, 'u': 126, 'v': 110, 'b': 86, 'f': 75, 'œ': 57, 'ʒ': 57, 'ɡ': 53, 'ø': 37, 'ʃ': 31, 'ɲ': 9, 'ː': 2})",(Arabic),_frFrench (Belgium)
10504,8568,38,"Counter({'ɪ': 821, 'n': 739, 'ə': 662, 't': 612, 'a': 558, 'd': 547, 'ɹ': 374, 'l': 343, 'ɛ': 338, 's': 296, 'ː': 295, 'i': 273, 'k': 221, 'ɒ': 208, 'v': 196, 'm': 181, 'z': 181, 'ʃ': 178, 'p': 149, 'ʌ': 143, 'w': 142, 'f': 133, 'e': 126, 'b': 109, 'ʊ': 103, 'h': 99, 'ɔ': 91, 'u': 89, 'o': 75, 'ʒ': 56, 'ɑ': 55, 'j': 51, 'ɜ': 45, 'ɡ': 39, '̪': 25, 'ŋ': 15})",(English),_enEnglish (Caribbean)
10510,8418,34,"Counter({'ɛ': 883, 'a': 828, 'ɪ': 797, 'n': 698, 'e': 533, 'd': 440, 'b': 356, 'k': 314, 't': 295, 'i': 274, 'r': 253, 'h': 231, 'j': 219, 'u': 218, 'm': 213, 'ɾ': 203, 's': 197, 'ʒ': 162, 'ʊ': 160, 'w': 158, 'v': 151, 'l': 130, 'ɡ': 105, 'o': 103, 'z': 91, 'f': 83, 'ʃ': 80, 'p': 77, 'x': 73, 'ɵ': 43, 'c': 29, 'q': 21})",(Japanese),_kuKurdish
10528,8715,39,"Counter({'t': 983, 'ə': 798, 'ɛ': 793, 'r': 651, 'i': 578, 'n': 473, 'a': 343, 'd': 329, 's': 326, 'ɔ': 302, 'm': 297, 'k': 271, 'ɪ': 229, 'u': 224, 'p': 217, 'e': 204, 'ɑ': 192, 'ʃ': 182, 'v': 141, 'j': 137, 'ð': 130, 'ɫ': 122, 'b': 119, 'ʌ': 89, 'ɲ': 87, 'ʑ': 62, 'h': 61, 'l': 60, 'z': 59, 'f': 51, 'ɕ': 49, 'y': 49, 'θ': 37, 'ɡ': 37, 'ː': 24, 'ʒ': 5, 'w': 4})",(Korean),_sqAlbanian
10536,8767,38,"Counter({'ə': 1440, 'n': 712, 'r': 629, 'i': 579, 't': 558, 's': 439, 'd': 368, 'ɛ': 364, 'l': 339, 'ɐ': 320, 'f': 319, 'x': 317, 'ɔ': 261, 'k': 260, 'm': 204, 'ː': 184, 'æ': 180, 'ɑ': 165, 'v': 163, 'ɪ': 147, 'h': 139, 'p': 111, 'ŋ': 103, 'b': 92, 'ʊ': 77, 'u': 59, 'y': 51, 'ø': 42, 'œ': 38, 'w': 29, '̃': 26, 'e': 25, 'ʃ': 21, 'j': 3, 'o': 2, 'ɡ': 1})",(Korean),_afAfrikaans
10538,9162,31,"Counter({'ɐ': 864, 'n': 830, 'i': 566, 'ɯ': 540, 'ʌ': 534, 'd': 485, 'o': 438, 'h': 433, 't': 416, 'q': 372, 'j': 369, 's': 350, 'ɾ': 285, 'p': 272, 'ɡ': 267, 'w': 266, 'ŋ': 265, 'u': 257, 'ɫ': 248, 'ɕ': 232, 'e': 225, 'm': 212, 'ʑ': 158, 'ɛ': 97, 'b': 53, 'k': 53, 'ʃ': 51, 'r': 22, 'l': 2})",(English),_koKorean
10539,8871,38,"Counter({'ɪ': 1385, 'ɑ': 819, 'æ': 721, 'l': 560, 'n': 515, 'q': 450, 't': 432, 'r': 350, 'u': 348, 'd': 338, 'm': 321, 'k': 307, 'ʃ': 295, 'b': 222, 'j': 210, 'o': 205, 'h': 183, 's': 182, 'ɾ': 142, 'w': 136, 'ŋ': 109, 'z': 89, 'y': 79, 'p': 77, 'ʁ': 76, 'e': 75, 'ɡ': 63, 'œ': 62, 'χ': 53, 'ʒ': 39, 'i': 8, 'ː': 8, 'f': 5, 'a': 4, 'v': 2, 'ɹ': 1})",(Spanish),_ugUyghur
10540,8929,37,"Counter({'ɑ': 885, 'e': 703, 'i': 595, 'r': 553, 'n': 497, 'm': 424, 'd': 394, 'ʊ': 393, 'ɯ': 351, 't': 322, 'ɫ': 301, 'l': 270, 'o': 250, 'β': 248, 'ː': 236, 'θ': 232, 'ʃ': 229, 'q': 207, 'j': 207, 'k': 207, 'ʁ': 196, 'ø': 148, 'œ': 137, 'ð': 134, 'ŋ': 126, 'x': 115, 'h': 99, 'ɡ': 99, 'ʒ': 84, 'æ': 81, 'b': 74, 'p': 56, 'ɪ': 51, 'ɛ': 16, 's': 9})",(English),_tkTurkmen
10542,8298,35,"Counter({'a': 686, 'ʁ': 682, 'e': 516, 't': 510, 'l': 509, '̃': 495, 's': 478, 'd': 442, 'i': 426, 'ɛ': 408, 'ɔ': 304, 'k': 297, 'ə': 262, 'p': 250, 'n': 229, 'ɑ': 207, 'j': 194, 'z': 176, 'm': 175, 'y': 160, 'o': 147, 'v': 123, 'u': 121, 'w': 120, 'b': 93, 'f': 65, 'ʒ': 55, 'œ': 55, 'ɡ': 42, 'ø': 40, 'ʃ': 20, 'ɲ': 10, 'ː': 1})",(Russian),_frFrench (Belgium)
10556,8354,36,"Counter({'a': 687, 'ʁ': 669, '̃': 546, 'l': 503, 's': 492, 't': 489, 'e': 485, 'd': 459, 'i': 418, 'ɛ': 386, 'ɔ': 323, 'k': 319, 'ə': 274, 'p': 252, 'n': 229, 'ɑ': 224, 'j': 192, 'm': 185, 'y': 170, 'z': 165, 'o': 154, 'w': 122, 'u': 119, 'v': 118, 'b': 78, 'f': 70, 'œ': 62, 'ʒ': 56, 'ɡ': 42, 'ø': 32, 'ʃ': 15, 'ɲ': 12, 'ː': 5, 'θ': 2})",(Spanish),_frFrench (Belgium)
10560,9023,38,"Counter({'e': 891, 'a': 833, 's': 828, 'i': 785, 't': 611, 'l': 500, 'u': 470, 'ː': 425, 'k': 423, 'd': 336, 'm': 289, 'n': 287, 'r': 272, 'o': 263, 'v': 243, 'ɡ': 224, 'ɵ': 193, 'j': 153, 'h': 149, 'ɑ': 136, 'ɪ': 98, 'y': 97, 'p': 85, 'ɛ': 72, 'b': 63, 'ʊ': 62, 'æ': 60, 'ɲ': 47, '^': 40, 'ʎ': 35, 'ŋ': 28, 'ø': 18, 'w': 3, 'ɔ': 2, 'ʒ': 1, 'f': 1})",(Portuguese),_etEstonian
10560,8536,39,"Counter({'o': 811, 'ɪ': 673, 'a': 546, 't': 543, 'æ': 505, 's': 458, 'ɛ': 449, 'n': 445, 'd': 434, 'v': 377, 'm': 363, 'ɾ': 261, 'j': 243, 'p': 239, 'k': 227, 'ʊ': 220, 'i': 207, 'e': 195, 'l': 195, 'b': 168, 'ʃ': 143, 'z': 138, 'r': 135, 'u': 121, 'ɡ': 87, 'ʒ': 68, 'ɲ': 65, 'ʎ': 61, 'ɑ': 48, 'ɕ': 44, 'h': 37, 'ʑ': 18, 'f': 5, '̩': 2, 'x': 2, 'ŋ': 2, 'ə': 1})",(Quechua),_bsBosnian
10568,8856,32,"Counter({'i': 1365, 'a': 956, 'e': 940, 'o': 791, 's': 704, 't': 589, 'n': 585, 'r': 416, 'k': 333, 'p': 308, 'm': 287, 'ð': 237, 'θ': 202, 'u': 182, 'l': 171, 'c': 167, 'f': 111, 'v': 67, 'z': 64, 'ç': 62, 'd': 57, 'j': 57, 'ɣ': 43, 'x': 43, 'b': 41, 'ŋ': 30, 'ɡ': 25, 'ɲ': 12, 'ʎ': 7, 'ɪ': 4})",(Korean),_elGreek
10577,8623,33,"Counter({'a': 1940, 'i': 1136, 'u': 705, 'k': 634, 'n': 450, 'm': 428, 't': 356, 'w': 336, 'e': 282, 'l': 261, 'o': 259, 'j': 238, 'h': 205, 'z': 195, 'ʃ': 152, 'r': 120, 'b': 118, 's': 111, 'f': 110, 'd': 101, 'ɡ': 97, 'ɟ': 91, 'ŋ': 82, '̩': 59, 'p': 46, 'ɲ': 38, 'ð': 32, 'v': 30, 'θ': 5, 'ɣ': 5, 'ː': 1})",(Portuguese),_swSwahili
10577,8981,38,"Counter({'ː': 986, 'r': 752, 't': 701, 'a': 562, 'n': 550, 'ə': 472, 's': 439, 'l': 410, 'ɛ': 407, 'k': 349, 'ɪ': 317, 'd': 303, 'ɔ': 266, 'i': 232, 'm': 207, 'v': 204, 'e': 202, 'f': 197, 'ɑ': 189, 'ɡ': 184, 'h': 172, 'u': 97, 'ŋ': 89, 'o': 81, 'ø': 77, 'j': 72, 'b': 71, 'p': 68, 'ʉ': 66, 'ɵ': 59, 'x': 59, 'y': 47, 'œ': 40, 'ʂ': 27, 'ɕ': 15, 'ʊ': 12})",(Korean),_svSwedish
10596,9218,37,"Counter({'ː': 835, 'a': 824, 'e': 786, 'i': 747, 'o': 706, 't': 580, 's': 486, 'n': 450, 'v': 405, 'r': 379, 'd': 314, 'p': 281, 'k': 261, 'l': 254, 'm': 242, 'u': 225, 'ɲ': 214, 'z': 174, 'b': 166, 'j': 156, 'ʃ': 141, 'ʒ': 92, '̝': 82, 'h': 79, 'x': 75, '̊': 55, 'c': 52, 'ʊ': 42, 'f': 30, 'ɟ': 29, '̩': 23, 'ɪ': 15, 'ɡ': 9, 'ɣ': 6, 'ŋ': 3})",(Korean),_csCzech
10606,9051,36,"Counter({'e': 882, 's': 873, 'a': 839, 'i': 796, 't': 575, 'l': 485, 'u': 470, 'ː': 439, 'k': 406, 'd': 363, 'n': 317, 'm': 279, 'r': 276, 'o': 261, 'ɡ': 235, 'v': 222, 'ɵ': 182, 'h': 180, 'ɑ': 144, 'j': 135, 'y': 113, 'ɪ': 103, 'p': 83, 'ɛ': 66, 'b': 65, '^': 53, 'æ': 52, 'ʊ': 44, 'ɲ': 38, 'ʎ': 31, 'ŋ': 28, 'ø': 13, 'w': 2, 'ɔ': 1})",(English),_etEstonian
10610,8778,29,"Counter({'a': 1139, 'o': 801, 'e': 799, 'i': 773, 't': 685, 'n': 559, 's': 508, 'r': 484, 'l': 457, 'd': 398, 'ɪ': 395, 'k': 392, 'u': 298, 'p': 207, 'm': 156, 'v': 153, 'ɡ': 103, 'b': 84, 'ʃ': 82, 'ʊ': 62, 'h': 61, 'ʒ': 57, 'f': 54, 'z': 33, 'j': 27, 'ə': 9, 'ɹ': 2})",(Portuguese),_eoEsperanto
10611,8991,44,"Counter({'ə': 793, 'ː': 786, 'n': 755, 't': 590, 'ʀ': 458, 'ɑ': 413, 'e': 402, 'i': 374, 'd': 367, 'l': 316, 'u': 288, 'æ': 264, 'f': 258, 'ʁ': 244, 'o': 188, 'ʦ': 178, 'm': 177, 'ɪ': 177, 'z': 165, 'ɕ': 160, 'v': 159, 'k': 159, 'g': 146, 's': 132, 'h': 130, 'ɳ': 126, 'ʃ': 122, 'a': 115, 'ɜ': 101, 'ʊ': 83, 'p': 76, 'b': 72, 'j': 58, 'ʑ': 42, 'ɐ': 38, 'ɛ': 25, 'w': 13, '̃': 10, 'X': 10, 'y': 9, 'œ': 7, 'ʒ': 5})",(Korean),_lbLuxembourgish
10611,9045,36,"Counter({'ɑ': 955, 'e': 814, 'ə': 795, 'n': 583, 'ɪ': 522, 't': 505, 'ɾ': 467, 'q': 434, 'd': 366, 'm': 348, 'ɫ': 313, 's': 305, 'k': 283, 'b': 279, 'j': 212, 'w': 196, 'o': 191, 'ʀ': 183, 'ʒ': 167, 'æ': 160, 'ʊ': 145, 'z': 130, 'ŋ': 116, 'p': 98, 'ɡ': 98, 'ʃ': 78, 'l': 72, 'u': 68, 'a': 64, 'ɵ': 50, 'r': 31, 'x': 14, 'v': 2, 'ʔ': 1})",(English),_kkKazakh
10615,9249,31,"Counter({'ɐ': 863, 'n': 848, 'i': 600, 'ɯ': 552, 'ʌ': 528, 'h': 460, 'd': 438, 'o': 437, 't': 424, 'q': 385, 's': 364, 'j': 363, 'p': 324, 'ɾ': 278, 'ŋ': 264, 'ɡ': 262, 'u': 256, 'w': 251, 'ɫ': 241, 'ɕ': 231, 'm': 220, 'e': 212, 'ʑ': 141, 'ɛ': 123, 'k': 55, 'ʃ': 52, 'b': 49, 'r': 22, 'l': 6})",(Portuguese),_koKorean
10619,8625,40,"Counter({'a': 733, 'ɨ': 671, 'n': 629, 'r': 519, 'd': 471, 'ː': 404, 'l': 373, 'ɔ': 348, 'ɡ': 325, 'ə': 320, 'ʌ': 309, 'ɛ': 264, 'h': 238, 'ø': 233, 'ɑ': 229, 'ð': 219, 'b': 187, 'm': 184, 's': 182, 'θ': 179, 'ʊ': 174, 'j': 171, 'ɪ': 154, 'v': 146, 't': 133, 'e': 120, 'k': 119, 'o': 110, 'u': 101, 'w': 64, 'ɬ': 62, 'i': 58, 'p': 57, 'x': 52, 'f': 37, 'ŋ': 19, 'ç': 18, 'ʃ': 13})",(Portuguese),_cyWelsh
10620,8631,32,"Counter({'a': 1813, 'i': 1098, 'u': 743, 'k': 658, 'n': 523, 't': 465, 'e': 397, 'm': 394, 'w': 352, 'o': 264, 'l': 255, 'j': 216, 'h': 208, 'z': 154, 'b': 134, 's': 123, 'ʃ': 120, 'r': 112, 'ɟ': 90, 'd': 85, 'p': 78, 'f': 77, '̩': 74, 'ɡ': 53, 'ŋ': 43, 'ɲ': 42, 'v': 33, 'ð': 16, 'θ': 9, 'ɣ': 2})",(Quechua),_swSwahili
10632,8368,38,"Counter({'ɪ': 694, 't': 683, 'n': 644, 'a': 586, 'ə': 547, 'd': 521, 'ː': 425, 'i': 373, 'ɹ': 334, 'ɛ': 271, 's': 257, 'l': 247, 'w': 242, 'v': 210, 'z': 205, 'ɒ': 196, 'ʊ': 180, 'k': 164, 'm': 155, 'ʌ': 143, 'f': 137, 'e': 129, 'h': 123, 'p': 122, 'o': 110, 'b': 107, 'u': 99, 'ɔ': 99, 'ʃ': 91, 'ɡ': 57, 'ɑ': 49, 'j': 48, '̪': 37, 'ɜ': 36, 'ʒ': 26, 'ŋ': 21})",(Quechua),_enEnglish (Caribbean)
10637,8395,35,"Counter({'ə': 1429, 't': 611, 's': 582, 'n': 569, 'i': 527, 'l': 362, 'ɾ': 354, 'u': 335, 'z': 333, 'a': 325, 'k': 284, 'm': 271, 'p': 241, 'ɛ': 240, 'e': 218, 'd': 217, 'ð': 203, 'o': 191, 'r': 186, 'ɔ': 172, 'β': 157, 'w': 101, 'b': 73, 'j': 69, 'ɣ': 64, 'f': 63, 'ʎ': 54, 'ŋ': 51, 'ʒ': 44, 'ɡ': 26, 'ʃ': 21, 'ɲ': 14, 'ɱ': 8})",(Quechua),_caCatalan
10637,9167,39,"Counter({'æ': 1391, 'y': 1287, 'n': 495, 'ɾ': 490, 't': 450, 'ɑ': 433, 'd': 380, 'ʊ': 368, 'm': 346, 'k': 334, 'q': 309, 'ɫ': 305, 'l': 256, 'b': 251, 'ʃ': 242, 's': 226, 'e': 222, 'j': 222, 'ɡ': 216, 'h': 201, 'ʋ': 148, 'o': 110, 'z': 93, 'S': 85, 'ŋ': 68, 'ʒ': 63, 'ʔ': 37, 'f': 35, 'χ': 28, 'ʁ': 15, 'ɪ': 14, 'ː': 12, 'p': 11, 'i': 8, 'ɛ': 7, 'v': 7, 'a': 2})",(Korean),_uzUzbek
10643,9027,39,"Counter({'a': 1035, 'n': 568, 'ɪ': 520, 'ɛ': 507, 'k': 442, 'r': 410, 't': 378, 'ɯ': 371, 'd': 355, 'e': 339, 'l': 333, 'm': 330, 'ɫ': 322, 's': 303, 'i': 289, 'j': 255, 'ʃ': 241, 'ɾ': 235, 'h': 211, 'v': 200, 'b': 157, 'ʊ': 145, 'z': 116, 'ø': 114, 'ː': 107, 'u': 97, 'ɟ': 96, 'o': 90, 'æ': 88, 'œ': 78, 'ɔ': 64, 'ʒ': 61, 'y': 50, 'p': 47, 'ɡ': 27, 'f': 24, 'c': 22})",(English),_trTurkish
10646,8985,35,"Counter({'ɪ': 1162, 'ɛ': 942, 't': 762, 'a': 732, 's': 711, 'ʊ': 629, 'n': 595, 'ɔ': 527, 'r': 509, 'k': 482, 'm': 409, 'l': 291, 'd': 246, 'w': 197, 'p': 183, 'b': 139, 'ɡ': 88, 'h': 83, 'ː': 69, 'f': 62, 'j': 52, 'ŋ': 36, 'i': 24, 'u': 18, 'ʔ': 15, 'e': 9, 'o': 3, 'y': 3, 'z': 2, 'ɾ': 2, 'ə': 1, 'ɹ': 1, 'ʰ': 1})",(Russian),_laLatin
10660,8743,38,"Counter({'ɪ': 856, 'n': 722, 'ə': 677, 't': 657, 'd': 576, 'a': 551, 'ɹ': 384, 's': 331, 'l': 322, 'ɛ': 320, 'ː': 297, 'i': 268, 'k': 265, 'ɒ': 203, 'v': 202, 'm': 200, 'z': 172, 'ʌ': 162, 'ʃ': 161, 'p': 158, 'e': 141, 'w': 135, 'f': 126, 'ʊ': 107, 'ɔ': 99, 'u': 98, 'b': 96, 'o': 84, 'h': 72, 'ɑ': 59, 'j': 58, 'ʒ': 57, 'ɡ': 44, 'ɜ': 43, '̪': 26, 'ŋ': 14})",(Portuguese),_enEnglish (Caribbean)
10678,8888,32,"Counter({'ɪ': 1098, 'ɛ': 925, 't': 758, 'a': 752, 's': 682, 'ʊ': 657, 'n': 593, 'r': 483, 'k': 477, 'ɔ': 473, 'm': 403, 'l': 305, 'd': 250, 'w': 197, 'p': 193, 'b': 151, 'ɡ': 88, 'h': 83, 'j': 72, 'ː': 69, 'f': 59, 'ŋ': 45, 'i': 24, 'u': 18, 'ʔ': 11, 'e': 10, 'ʰ': 6, 'o': 3, 'y': 2, 'ʃ': 1})",(Arabic),_laLatin
10693,8993,39,"Counter({'a': 968, 'n': 546, 'ɪ': 516, 'ɛ': 444, 'k': 441, 'r': 426, 'ɯ': 406, 'm': 390, 'd': 374, 'i': 340, 't': 330, 'e': 313, 'ɫ': 312, 'j': 271, 'l': 271, 'z': 235, 's': 235, 'b': 220, 'ʃ': 213, 'h': 212, 'ɾ': 209, 'ʊ': 175, 'v': 150, 'ø': 134, 'o': 96, 'u': 94, 'ː': 92, 'ɟ': 83, 'ɔ': 82, 'œ': 80, 'y': 67, 'æ': 66, 'ʒ': 66, 'p': 59, 'ɡ': 29, 'f': 28, 'c': 20})",(Quechua),_trTurkish
10699,8987,37,"Counter({'æ': 1001, 'a': 897, 'i': 825, 'n': 561, 'd': 494, 'r': 387, 't': 373, 'm': 369, 's': 310, 'l': 300, 'ɯ': 293, 'ɫ': 266, 'u': 255, 'h': 238, 'ɡ': 237, 'j': 224, 'v': 219, 'b': 200, 'ʃ': 192, 'y': 188, 'ɾ': 172, 'e': 142, 'c': 142, 'x': 125, 'z': 121, 'o': 119, 'ç': 83, 'œ': 67, 'ʒ': 53, 'f': 52, 'ɟ': 24, 'p': 18, 'ɪ': 18, 'ː': 18, 'ɣ': 4})",(English),_azAzerbaijani
10702,8646,35,"Counter({'ə': 1507, 'i': 700, 't': 614, 's': 584, 'n': 529, 'l': 495, 'u': 391, 'a': 364, 'ɾ': 359, 'k': 315, 'z': 273, 'm': 244, 'ð': 238, 'o': 216, 'p': 216, 'd': 208, 'r': 207, 'e': 203, 'ɛ': 157, 'β': 139, 'w': 111, 'ɔ': 110, 'j': 91, 'b': 80, 'ʎ': 61, 'f': 57, 'ɣ': 46, 'ʒ': 45, 'ŋ': 33, 'ɡ': 27, 'ʃ': 10, 'ɲ': 10, 'ɱ': 6})",(English),_caCatalan
10722,8980,36,"Counter({'ɑ': 960, 'ə': 758, 'e': 738, 'ɪ': 629, 'n': 523, 'ɾ': 469, 't': 407, 'q': 386, 'd': 381, 'b': 366, 'm': 363, 'ɫ': 328, 's': 302, 'k': 277, 'z': 252, 'o': 215, 'j': 208, 'ʀ': 173, 'w': 158, 'ʊ': 153, 'ʒ': 150, 'æ': 117, 'ŋ': 110, 'ʃ': 94, 'ɡ': 91, 'u': 90, 'l': 80, 'p': 72, 'ɵ': 62, 'r': 34, 'a': 21, 'x': 10, 'v': 2, 'f': 1})",(Quechua),_kkKazakh
10731,8630,33,"Counter({'a': 1896, 'i': 1167, 'u': 686, 'k': 647, 'n': 477, 'm': 454, 't': 372, 'w': 327, 'e': 318, 'l': 261, 'o': 245, 'h': 211, 'j': 198, 'ʃ': 160, 'z': 156, 'b': 122, 'r': 115, 's': 111, 'f': 107, 'd': 102, 'ɡ': 100, 'ɟ': 91, 'ŋ': 88, '̩': 65, 'p': 61, 'ɲ': 29, 'v': 29, 'ð': 27, 'θ': 6, 'ː': 1, 'ɣ': 1})",(Arabic),_swSwahili
10733,9066,47,"Counter({'e': 733, 'æ': 692, 'r': 615, 'ɑ': 507, 'n': 494, 't': 464, 'i': 460, 'ɯ': 419, 'ɒ': 392, 'ɫ': 364, 'q': 331, 'm': 328, 'l': 273, 's': 248, 'u': 235, 'k': 233, 'b': 228, 'j': 214, 'ʃ': 196, 'd': 191, 'ʁ': 168, 'o': 145, 'ɣ': 135, 'z': 127, 'x': 125, 'h': 104, 'œ': 83, 'y': 75, 'ʔ': 74, 'w': 72, 'ɕ': 71, 'ŋ': 67, 'p': 46, 'ʑ': 39, 'f': 26, 'ɪ': 23, 'ɛ': 19, 'ɹ': 19, 'v': 18, 'ə': 5, 'a': 3, 'ʒ': 2, 'ʊ': 1, 'ɡ': 1, 'ː': 1})",(Japanese),_ttTatar
10741,8627,29,"Counter({'a': 1111, 'i': 876, 'e': 746, 'n': 707, 'o': 678, 't': 669, 's': 566, 'r': 431, 'ɪ': 400, 'l': 380, 'd': 327, 'k': 324, 'u': 306, 'v': 204, 'p': 188, 'ʃ': 112, 'm': 110, 'h': 88, 'ɡ': 81, 'b': 74, 'ʒ': 64, 'ʊ': 62, 'f': 54, 'z': 31, 'j': 28, 'ə': 9, 'w': 1})",(Quechua),_eoEsperanto
10741,9264,36,"Counter({'ɔ': 871, 'a': 831, 'ɛ': 768, 't': 634, 'n': 392, 'r': 389, 's': 380, 'ɨ': 367, 'v': 351, 'd': 346, 'p': 342, 'i': 339, 'u': 289, 'k': 276, 'ʲ': 269, 'ɲ': 256, 'j': 243, 'ɕ': 238, 'ʃ': 224, 'm': 224, 'l': 191, 'f': 151, 'z': 151, 'ɡ': 125, 'w': 119, 'b': 111, 'ʒ': 105, 'x': 87, 'ʑ': 75, '̃': 61, 'ː': 26, 'ŋ': 17, 'ɣ': 15, 'c': 1})",(Korean),_plPolish
10741,9171,33,"Counter({'n': 833, 'ɐ': 799, 'i': 682, 'ɯ': 537, 'ʌ': 521, 'h': 452, 'd': 430, 't': 415, 'o': 411, 'q': 395, 'j': 358, 's': 347, 'p': 312, 'ɡ': 285, 'ɾ': 280, 'w': 257, 'u': 249, 'ɫ': 244, 'ŋ': 238, 'e': 228, 'ɕ': 215, 'm': 196, 'ɛ': 148, 'ʑ': 138, 'ʃ': 67, 'b': 52, 'k': 51, 'r': 24, 'l': 5, 'ɪ': 1, 'a': 1})",(Arabic),_koKorean
10745,9036,33,"Counter({'ɪ': 1442, 'ɑ': 796, 'æ': 728, 'l': 563, 'n': 471, 'q': 467, 't': 429, 'r': 377, 'u': 346, 'ʃ': 343, 'd': 341, 'k': 338, 'm': 289, 'b': 249, 'j': 221, 'o': 211, 'h': 186, 's': 169, 'ɾ': 149, 'w': 130, 'ŋ': 114, 'p': 100, 'z': 94, 'ʁ': 86, 'y': 81, 'e': 81, 'œ': 66, 'χ': 63, 'ɡ': 57, 'ʒ': 45, 'a': 4})",(Russian),_ugUyghur
10745,9198,37,"Counter({'ɑ': 1024, 'e': 845, 'ə': 777, 'n': 595, 'ɪ': 529, 't': 506, 'ɾ': 496, 'q': 421, 'd': 390, 'm': 361, 's': 311, 'ɫ': 310, 'k': 278, 'b': 274, 'j': 224, 'o': 198, 'ʀ': 194, 'w': 182, 'ʒ': 163, 'æ': 144, 'z': 136, 'ʊ': 135, 'ŋ': 133, 'p': 109, 'ɡ': 96, 'ʃ': 90, 'l': 77, 'u': 67, 'ɵ': 50, 'a': 36, 'r': 30, 'x': 12, 'v': 2, 'ʔ': 2, 'f': 1})",(Portuguese),_kkKazakh
10746,8774,32,"Counter({'a': 1184, 'ɑ': 776, 'e': 665, 'd': 648, 'r': 520, 'ː': 420, 'i': 383, 't': 374, 'm': 373, 'n': 359, 'h': 340, 'b': 266, 'o': 260, 's': 235, 'j': 233, 'v': 208, 'k': 194, 'z': 183, 'l': 174, 'q': 172, '1': 172, 'ʃ': 158, 'u': 123, 'ʒ': 88, 'ʔ': 86, 'x': 78, 'ɡ': 49, 'f': 41, 'p': 11, 'ɪ': 1})",(English),_faPersian
10771,8884,43,"Counter({'a': 946, 'ə': 866, 'ɾ': 504, 'k': 470, 'd': 459, 'ɪ': 459, 'i': 429, 'e': 404, 'ʌ': 403, 't': 388, 'n': 381, '̃': 325, 's': 276, 'h': 255, 'ʰ': 218, 'v': 214, 'l': 161, 'ʊ': 160, 'm': 159, 'ɟ': 147, 'p': 139, 'u': 120, 'o': 109, 'ː': 100, 'ɳ': 98, 'b': 98, 'ʃ': 96, 'c': 93, 'ɛ': 92, 'ʈ': 83, 'ɡ': 66, 'z': 51, '+': 41, 'j': 19, 'ɔ': 19, 'r': 18, 'ɖ': 7, 'f': 5, '.': 4, 'ɭ': 1, 'x': 1})",(Korean),_paPunjabi
10771,8922,39,"Counter({'o': 818, 'ɪ': 690, 't': 618, 'ɐ': 546, 'n': 536, 'ɛ': 504, 's': 502, 'v': 463, 'a': 457, 'r': 451, 'd': 375, 'p': 264, 'k': 256, 'ʊ': 252, 'm': 247, 'l': 243, 'j': 227, 'i': 193, 'ʃ': 176, 'z': 160, 'e': 157, 'b': 151, 'u': 127, 'ɲ': 107, 'ɡ': 81, 'ɑ': 75, 'h': 59, 'ʒ': 59, 'ʎ': 49, 'ɕ': 37, 'ʑ': 23, 'f': 11, '̩': 2, 'x': 2, 'ŋ': 2, 'ɔ': 1, 'ː': 1})",(Spanish),_srSerbian
10776,9106,35,"Counter({'ɔ': 995, 'a': 908, 'ɾ': 823, 'e': 624, 'i': 579, 't': 549, 'ʃ': 525, 'k': 494, 'ʰ': 476, 'n': 437, 'b': 437, 'o': 430, 'd': 423, 'p': 203, 'm': 191, 'u': 141, 'ɟ': 115, 'ŋ': 100, 'ʒ': 88, 'j': 86, 'æ': 83, 'ɡ': 82, 'h': 67, 'l': 65, 'ʈ': 47, 'r': 38, 's': 37, 'ː': 26, '.': 13, 'w': 11, 'f': 8, '̃': 4, 'ɖ': 1})",(Portuguese),_bnBengali
10777,8701,42,"Counter({'a': 907, 'ə': 832, 'ɾ': 494, 'k': 467, 'ɪ': 448, 'ʌ': 434, 'd': 429, 'i': 415, 'e': 395, 'n': 373, 't': 360, '̃': 306, 's': 295, 'h': 260, 'v': 217, 'ʰ': 203, 'l': 182, 'm': 166, 'ʊ': 157, 'ɟ': 146, 'p': 139, 'o': 132, 'u': 103, 'ː': 97, 'b': 94, 'c': 85, 'ʈ': 83, 'ɛ': 83, 'ɡ': 79, 'ʃ': 77, 'ɳ': 76, 'z': 47, '+': 38, 'ɔ': 20, 'r': 18, 'j': 18, 'ɖ': 14, '.': 6, 'f': 5, 'ɭ': 1})",(English),_paPunjabi
10790,9074,39,"Counter({'a': 1013, 'n': 584, 'ɛ': 525, 'ɪ': 519, 'k': 474, 'ɯ': 414, 'r': 397, 'ɫ': 348, 't': 347, 'l': 343, 'm': 338, 'd': 332, 'i': 327, 'e': 320, 's': 289, 'j': 271, 'ɾ': 229, 'ʃ': 229, 'h': 214, 'v': 194, 'b': 163, 'ʊ': 142, 'ː': 119, 'ø': 114, 'z': 111, 'o': 90, 'u': 88, 'æ': 84, 'ɟ': 81, 'œ': 72, 'ɔ': 66, 'y': 54, 'ʒ': 54, 'p': 48, 'ɡ': 30, 'f': 26, 'c': 25})",(Russian),_trTurkish
10794,9319,34,"Counter({'ɐ': 863, 'n': 846, 'i': 590, 'ɯ': 553, 'ʌ': 531, 'h': 474, 'o': 454, 'd': 447, 't': 432, 'j': 393, 'q': 385, 's': 341, 'ɡ': 292, 'ɾ': 290, 'p': 289, 'w': 270, 'u': 251, 'ŋ': 249, 'm': 240, 'ɕ': 239, 'e': 225, 'ɫ': 224, 'ʑ': 138, 'ɛ': 109, 'ʃ': 59, 'b': 52, 'k': 49, 'r': 24, 'a': 3, 'ɪ': 3, 'l': 3, 'ʲ': 1})",(Russian),_koKorean
10795,9519,34,"Counter({'ə': 1451, 'ɨ': 1084, 'a': 977, 't': 778, 'n': 535, 'm': 526, 's': 363, 'ʔ': 350, 'w': 335, 'l': 329, 'j': 294, 'r': 233, 'β': 230, '`': 229, 'k': 202, 'd': 190, 'ɡ': 175, 'u': 169, 'o': 160, 'h': 159, 'i': 154, 'b': 152, 'ʃ': 142, 'ɲ': 77, 'f': 71, 'z': 49, 'e': 46, 'ʒ': 41, 'ç': 8, 'x': 4, 'p': 3, 'ː': 3})",(Korean),_amAmharic
10797,9390,38,"Counter({'a': 1000, 'o': 860, 'i': 702, 'e': 692, 't': 643, 'ː': 618, 's': 470, 'n': 444, 'r': 408, 'v': 404, 'd': 331, 'u': 303, 'k': 299, 'p': 284, 'l': 258, 'm': 241, 'ʲ': 203, 'ɲ': 174, 'b': 165, 'j': 160, 'ʃ': 154, 'z': 137, 'ʒ': 93, 'h': 79, 'x': 73, 'ʎ': 57, 'w': 30, 'f': 25, 'ʑ': 19, '̩': 19, 'ʊ': 18, 'ɡ': 9, 'æ': 6, 'ŋ': 5, 'ɣ': 4, 'ɾ': 3})",(Korean),_skSlovak
10798,8942,39,"Counter({'o': 825, 'ɪ': 668, 't': 644, 'æ': 579, 'n': 493, 's': 485, 'v': 459, 'ɛ': 427, 'a': 418, 'd': 366, 'ɾ': 299, 'j': 275, 'k': 272, 'p': 265, 'ʊ': 257, 'm': 254, 'e': 245, 'l': 228, 'i': 195, 'b': 187, 'ʃ': 161, 'r': 156, 'u': 143, 'z': 130, 'ɲ': 116, 'ɡ': 85, 'ɑ': 71, 'ʎ': 71, 'ʒ': 59, 'h': 42, 'ɕ': 39, 'ʑ': 19, 'ŋ': 3, '̩': 2, 'f': 2, 'ə': 1, 'x': 1})",(Russian),_hrCroatian
10800,8958,39,"Counter({'o': 823, 'ɪ': 695, 't': 620, 'æ': 557, 'n': 528, 's': 505, 'v': 455, 'a': 454, 'ɛ': 419, 'd': 371, 'ɾ': 285, 'j': 275, 'p': 261, 'k': 260, 'ʊ': 258, 'm': 255, 'l': 243, 'i': 210, 'e': 208, 'r': 169, 'ʃ': 165, 'z': 157, 'b': 143, 'u': 121, 'ɲ': 109, 'ɡ': 93, 'ɑ': 77, 'h': 58, 'ʒ': 56, 'ʎ': 50, 'ɕ': 40, 'ʑ': 20, 'f': 11, '̩': 2, 'x': 2, 'ŋ': 2, 'ː': 1})",(Spanish),_bsBosnian
10801,8988,38,"Counter({'o': 826, 'ɪ': 709, 't': 675, 'æ': 578, 'n': 517, 's': 480, 'v': 455, 'ɛ': 432, 'a': 431, 'd': 343, 'ɾ': 287, 'j': 278, 'k': 276, 'm': 261, 'p': 258, 'ʊ': 243, 'l': 237, 'e': 215, 'i': 189, 'ʃ': 166, 'b': 166, 'r': 163, 'z': 147, 'u': 123, 'ɲ': 112, 'ɡ': 88, 'ɑ': 78, 'ʎ': 66, 'h': 53, 'ʒ': 53, 'ɕ': 45, 'ʑ': 22, 'f': 7, 'ŋ': 6, '̩': 2, 'x': 1})",(Spanish),_hrCroatian
10801,9166,39,"Counter({'a': 1074, 'n': 621, 'ɛ': 496, 'ɪ': 494, 'k': 426, 'ɯ': 410, 'r': 396, 'd': 374, 'm': 368, 't': 366, 'ɫ': 335, 'e': 335, 'l': 323, 'i': 301, 's': 288, 'j': 271, 'ɾ': 261, 'ʃ': 228, 'h': 194, 'v': 185, 'b': 170, 'ʊ': 155, 'ø': 120, 'z': 117, 'ː': 117, 'u': 105, 'œ': 91, 'o': 91, 'ɟ': 89, 'æ': 88, 'ʒ': 56, 'ɔ': 54, 'y': 51, 'p': 47, 'ɡ': 26, 'f': 22, 'c': 21})",(Portuguese),_trTurkish
10807,9008,35,"Counter({'ɪ': 1398, 'ɑ': 831, 'æ': 698, 'l': 545, 'n': 500, 'q': 487, 't': 440, 'r': 380, 'u': 374, 'd': 360, 'ʃ': 335, 'k': 294, 'm': 292, 'b': 247, 'j': 220, 'o': 193, 'h': 185, 's': 179, 'ɾ': 131, 'w': 127, 'ŋ': 105, 'ʁ': 94, 'z': 90, 'p': 89, 'e': 81, 'y': 80, 'ɡ': 70, 'χ': 65, 'œ': 65, 'ʒ': 46, 'a': 5, 'i': 1, 'ː': 1})",(Arabic),_ugUyghur
10807,9374,34,"Counter({'n': 873, 'ɐ': 854, 'i': 586, 'ʌ': 556, 'ɯ': 549, 'h': 463, 'd': 452, 'o': 445, 't': 443, 'q': 398, 'j': 378, 's': 337, 'p': 306, 'ɾ': 290, 'ɡ': 285, 'w': 264, 'ɕ': 253, 'ŋ': 250, 'u': 237, 'ɫ': 234, 'm': 222, 'e': 219, 'ʑ': 155, 'ɛ': 134, 'ʃ': 55, 'b': 54, 'k': 49, 'r': 24, 'a': 3, 'ɪ': 3, 'l': 2, 'ː': 1})",(Spanish),_koKorean
10810,8405,26,"Counter({'a': 2084, 'k': 955, 'o': 886, 'i': 681, 'e': 670, 'n': 634, 'ː': 518, 'u': 506, 'h': 372, 'l': 360, 'm': 347, 'p': 205, 'w': 65, 'ʔ': 51, 't': 25, 's': 12, 'ɹ': 12, 'd': 8, 'ʋ': 6, 'ɡ': 2, 'b': 2, 'f': 2, 'ɪ': 1, 'r': 1})",(Korean),_hawHawaiian
10821,9450,33,"Counter({'i': 893, 't': 880, 'e': 834, 'o': 777, 'n': 711, 'ɐ': 673, 's': 558, 'a': 522, 'v': 456, 'r': 435, 'd': 370, 'ː': 283, 'p': 249, 'ʃ': 224, 'k': 221, 'z': 167, 'm': 157, 'l': 142, 'b': 133, 'ə': 123, 'u': 123, 'ɫ': 111, 'j': 105, 'f': 92, 'ʒ': 86, 'ɡ': 71, 'x': 21, 'ʲ': 18, 'ʂ': 8, 'ɲ': 6, 'ʑ': 1})",(Korean),_bgBulgarian
10823,9031,37,"Counter({'a': 858, 'æ': 820, 'i': 796, 'n': 515, 'd': 458, 'r': 410, 'm': 408, 'ɯ': 396, 'l': 300, 't': 294, 'ɫ': 286, 'ɡ': 284, 'u': 275, 'b': 268, 's': 253, 'y': 243, 'z': 225, 'h': 220, 'j': 213, 'ɾ': 182, 'ʃ': 176, 'v': 170, 'o': 161, 'c': 154, 'e': 151, 'x': 132, 'ç': 99, 'œ': 96, 'ʒ': 61, 'ɟ': 39, 'f': 35, 'ː': 22, 'ɪ': 15, 'p': 13, 'ɣ': 3})",(Quechua),_azAzerbaijani
10826,8795,33,"Counter({'a': 1914, 'i': 1151, 'u': 763, 'k': 673, 'n': 456, 'm': 437, 't': 396, 'w': 330, 'e': 310, 'l': 275, 'o': 262, 'h': 212, 'j': 193, 'z': 166, 'ʃ': 162, 'r': 130, 's': 126, 'f': 111, 'b': 111, 'ɡ': 105, 'ɟ': 100, 'd': 96, 'ŋ': 92, '̩': 66, 'p': 55, 'ɲ': 36, 'v': 32, 'ð': 22, 'ɣ': 6, 'θ': 5, 'ː': 2})",(Russian),_swSwahili
10835,8942,37,"Counter({'o': 818, 'ɪ': 636, 't': 587, 'ɛ': 549, 'ɐ': 542, 'n': 528, 's': 505, 'v': 483, 'r': 467, 'a': 462, 'd': 418, 'ʊ': 268, 'p': 260, 'l': 253, 'k': 253, 'm': 237, 'j': 213, 'i': 198, 'ʃ': 175, 'b': 169, 'e': 158, 'u': 144, 'z': 133, 'ɲ': 106, 'ɡ': 83, 'ɑ': 67, 'ʒ': 58, 'h': 56, 'ʎ': 49, 'ʑ': 29, 'ɕ': 27, 'f': 6, '̩': 2, 'x': 2, 'ɔ': 1})",(Russian),_srSerbian
10836,8967,44,"Counter({'ə': 769, 'n': 746, 'ː': 743, 't': 574, 'ʀ': 467, 'ɑ': 454, 'e': 360, 'i': 345, 'd': 343, 'l': 334, 'u': 294, 'æ': 278, 'f': 267, 'ʁ': 246, 'o': 224, 'ɪ': 181, 'z': 175, 'ʦ': 168, 'm': 166, 'ɕ': 165, 'v': 159, 'g': 151, 'k': 148, 'ʃ': 131, 's': 129, 'h': 124, 'ɳ': 123, 'a': 120, 'ʊ': 97, 'ɜ': 97, 'p': 95, 'b': 83, 'j': 63, 'ʑ': 37, 'ɐ': 36, 'ɛ': 29, 'w': 11, 'X': 11, 'ʒ': 9, '̃': 9, 'œ': 4, 'y': 2})",(English),_lbLuxembourgish
10841,8704,43,"Counter({'ʔ': 1010, 'ə': 511, 'n': 510, 'ʌ': 497, 'a': 467, 'l': 461, 'e': 441, 't': 438, 's': 420, 'i': 363, 'ε': 279, 'ʋ': 260, 'ʁ': 209, 'k': 207, 'd': 204, 'ð': 204, 'f': 188, 'ɐ': 180, '̯': 180, 'ɒ': 177, 'h': 172, 'm': 153, 'ɛ': 149, 'ɑ': 144, '?': 104, 'o': 99, 'ɡ': 97, 'j': 88, 'b': 83, 'œ': 78, 'u': 70, 'ː': 49, 'p': 49, 'y': 47, 'ŋ': 46, 'w': 33, 'ʃ': 26, 'ɪ': 6, 'ɔ': 2, 'ʒ': 2, 'ɾ': 1})",(Quechua),_daDanish
10844,9010,42,"Counter({'ʔ': 1083, 'n': 550, 'l': 535, 'ə': 534, 'ʌ': 494, 't': 492, 's': 462, 'e': 444, 'a': 422, 'i': 374, 'ε': 356, 'ʁ': 279, 'ð': 224, 'f': 219, 'd': 195, 'm': 190, 'k': 188, 'ɑ': 183, 'h': 165, 'ʋ': 156, 'ɒ': 155, 'ɐ': 141, '̯': 141, '?': 139, 'o': 116, 'ɡ': 104, 'b': 94, 'u': 87, 'ŋ': 78, 'j': 75, 'ɛ': 69, 'p': 68, 'œ': 58, 'y': 37, 'ː': 34, 'w': 29, 'ʃ': 29, 'ɪ': 6, 'ɔ': 4, 'ɾ': 1})",(English),_daDanish
10849,8829,39,"Counter({'o': 804, 'ɪ': 675, 't': 601, 'ɐ': 543, 'ɛ': 512, 'n': 511, 's': 504, 'a': 471, 'v': 443, 'r': 430, 'd': 395, 'p': 288, 'ʊ': 261, 'm': 255, 'k': 249, 'l': 234, 'j': 220, 'e': 186, 'i': 173, 'ʃ': 160, 'b': 148, 'z': 146, 'u': 128, 'ɲ': 112, 'ɡ': 101, 'ɑ': 61, 'ʒ': 57, 'ʎ': 51, 'h': 37, 'ɕ': 27, 'ʑ': 23, 'f': 12, 'ə': 4, 'x': 3, '̩': 2, 'ɔ': 1, 'ŋ': 1})",(Arabic),_srSerbian
10852,9291,38,"Counter({'ː': 1200, 'r': 831, 't': 649, 'n': 638, 'l': 570, 'a': 561, 'ə': 426, 'ɛ': 426, 's': 394, 'ɪ': 323, 'i': 305, 'u': 252, 'k': 250, 'e': 245, 'ɡ': 228, 'ɑ': 220, 'm': 212, 'f': 212, 'v': 202, 'd': 175, 'h': 162, 'ɔ': 143, 'ʉ': 133, 'ŋ': 96, 'p': 84, 'o': 69, 'b': 69, 'ʃ': 69, 'y': 45, 'j': 35, 'ø': 20, 'œ': 15, 'ʊ': 10, 'ʂ': 10, 'ɹ': 7, 'x': 5})",(Korean),_noNorwegian Bokmål
10858,9623,26,"Counter({'a': 1100, 's': 889, 't': 763, 'e': 760, 'n': 667, 'i': 638, 'k': 580, 'l': 561, 'ː': 521, 'o': 471, 'u': 439, 'ɪ': 384, 'æ': 305, 'm': 291, 'j': 221, 'v': 192, 'y': 183, 'r': 174, 'h': 144, 'p': 123, 'd': 119, 'ŋ': 66, 'ø': 31, 'ɡ': 1})",(Korean),_fiFinnish
10862,9162,37,"Counter({'æ': 1030, 'a': 901, 'i': 866, 'n': 596, 'd': 515, 'm': 387, 'r': 367, 't': 365, 's': 326, 'ɯ': 302, 'l': 297, 'u': 251, 'ɫ': 250, 'ɡ': 244, 'j': 240, 'h': 221, 'v': 216, 'ʃ': 201, 'b': 198, 'y': 194, 'ɾ': 192, 'e': 165, 'c': 141, 'x': 131, 'z': 127, 'o': 101, 'ç': 86, 'œ': 58, 'ʒ': 57, 'f': 57, 'ɟ': 21, 'ɪ': 19, 'ː': 19, 'p': 18, 'ɣ': 3})",(Portuguese),_azAzerbaijani
10865,9100,39,"Counter({'ɑ': 1002, 'e': 833, 'ə': 741, 'n': 592, 'ɪ': 521, 't': 493, 'ɾ': 492, 'q': 438, 'd': 378, 'm': 329, 'ɫ': 328, 's': 312, 'b': 276, 'k': 263, 'j': 233, 'o': 210, 'w': 178, 'ʀ': 173, 'ʒ': 159, 'æ': 158, 'ʊ': 142, 'z': 133, 'ŋ': 117, 'ʃ': 103, 'ɡ': 103, 'p': 93, 'l': 86, 'u': 76, 'ɵ': 56, 'r': 32, 'a': 27, 'x': 16, 'f': 2, 'ʔ': 2, 'h': 1, 'i': 1, 'ː': 1})",(Arabic),_kkKazakh
10870,8563,36,"Counter({'a': 710, 'ʁ': 698, 'e': 556, 'l': 520, '̃': 512, 't': 495, 's': 467, 'd': 448, 'i': 436, 'ɛ': 397, 'ɔ': 307, 'k': 302, 'ə': 278, 'n': 266, 'p': 256, 'j': 199, 'y': 184, 'ɑ': 182, 'z': 178, 'm': 172, 'o': 165, 'w': 145, 'v': 136, 'u': 120, 'b': 97, 'œ': 83, 'f': 70, 'ʒ': 61, 'ɡ': 45, 'ø': 40, 'ʃ': 24, 'ɲ': 9, 'ː': 4, 'θ': 1})",(Japanese),_frFrench (Belgium)
10880,8994,37,"Counter({'o': 845, 'ɪ': 648, 't': 597, 'æ': 577, 'n': 528, 's': 514, 'v': 484, 'ɛ': 449, 'a': 448, 'd': 389, 'ɾ': 295, 'j': 264, 'p': 260, 'ʊ': 259, 'k': 246, 'l': 241, 'm': 238, 'e': 225, 'i': 205, 'b': 178, 'r': 172, 'ʃ': 165, 'u': 139, 'z': 133, 'ɲ': 112, 'ɡ': 88, 'ɑ': 67, 'ʒ': 59, 'ʎ': 54, 'h': 53, 'ɕ': 29, 'ʑ': 22, 'f': 7, '̩': 2, 'x': 2})",(Russian),_bsBosnian
10887,8774,30,"Counter({'a': 1040, 'e': 987, 'n': 901, 'o': 772, 'i': 592, 't': 540, 's': 492, 'u': 466, 'j': 416, 'k': 404, 'l': 343, 'p': 331, 'd': 259, 'h': 254, 'w': 239, 'm': 227, 'v': 105, 'b': 98, 'ɡ': 93, 'f': 71, 'z': 59, 'y': 28, 'ʃ': 15, '̃': 14, 'ʁ': 13, 'ɛ': 11, 'ɑ': 3, 'ŋ': 1})",(Chinese),_htHaitian Creole
10890,9075,38,"Counter({'ː': 994, 'r': 719, 't': 699, 'a': 603, 'n': 553, 'l': 461, 'ə': 457, 's': 453, 'ɛ': 381, 'k': 346, 'ɪ': 343, 'd': 311, 'ɔ': 263, 'i': 231, 'm': 204, 'f': 204, 'v': 197, 'e': 193, 'ɑ': 189, 'ɡ': 173, 'h': 160, 'u': 107, 'ŋ': 96, 'o': 92, 'p': 88, 'b': 77, 'j': 77, 'ø': 74, 'ʉ': 68, 'ɵ': 60, 'x': 58, 'œ': 47, 'y': 45, 'ʂ': 25, 'ɕ': 18, 'ʊ': 9})",(English),_svSwedish
10895,8685,43,"Counter({'ə': 1101, 'a': 696, 'n': 629, 'ɾ': 494, 'ʲ': 489, 'ɡ': 380, 's': 368, 'x': 351, 'ː': 292, 'u': 283, 'i': 260, 'ɔ': 247, 'ɪ': 244, 'd': 224, '̪': 195, 'k': 174, 'ɣ': 173, 'h': 172, 't': 159, 'ɛ': 151, 'm': 140, 'v': 135, 'ɯ': 128, 'e': 123, 'l': 120, 'ɕ': 115, 'b': 101, 'ɫ': 100, 'ɲ': 74, 'ʊ': 71, 'ç': 70, 'ɤ': 61, 'c': 59, 'ʰ': 59, 'f': 52, 'o': 46, 'ʎ': 41, 'ʝ': 38, 'r': 35, 'p': 30, 'j': 5})",(English),_gdGaelic (Scottish)
10896,8904,39,"Counter({'o': 816, 'ɪ': 706, 't': 629, 'æ': 605, 'n': 508, 's': 491, 'v': 440, 'a': 436, 'ɛ': 415, 'd': 344, 'ɾ': 282, 'p': 278, 'k': 276, 'j': 273, 'm': 269, 'e': 244, 'ʊ': 241, 'l': 235, 'i': 173, 'ʃ': 163, 'b': 161, 'z': 150, 'u': 138, 'r': 137, 'ɲ': 119, 'ɡ': 96, 'ʎ': 62, 'ɑ': 59, 'ʒ': 53, 'h': 37, 'ɕ': 34, 'ʑ': 19, 'f': 6, 'ə': 3, 'ŋ': 2, '̩': 2, 'x': 2})",(Arabic),_hrCroatian
10901,8877,33,"Counter({'a': 1997, 'i': 1172, 'u': 743, 'k': 675, 'm': 453, 'n': 453, 't': 383, 'w': 349, 'e': 281, 'l': 260, 'o': 253, 'j': 221, 'h': 212, 'z': 184, 'ʃ': 157, 'b': 122, 's': 122, 'r': 120, 'f': 111, 'd': 105, 'ɡ': 102, 'ɟ': 93, 'ŋ': 86, '̩': 67, 'p': 46, 'ð': 35, 'ɲ': 33, 'v': 32, 'θ': 5, 'ɣ': 4, 'ː': 1})",(Spanish),_swSwahili
10916,9275,32,"Counter({'ɪ': 1221, 'ɛ': 920, 't': 788, 'a': 784, 's': 714, 'ʊ': 637, 'n': 624, 'ɔ': 551, 'r': 531, 'k': 487, 'm': 428, 'l': 306, 'd': 240, 'p': 216, 'w': 213, 'b': 158, 'ɡ': 76, 'h': 72, 'ː': 71, 'f': 70, 'j': 56, 'ŋ': 36, 'i': 24, 'u': 18, 'e': 10, 'ʔ': 10, 'ɾ': 6, 'o': 3, 'ʰ': 3, 'y': 2})",(Spanish),_laLatin
10922,9247,32,"Counter({'ɪ': 1152, 'ɛ': 978, 't': 802, 'a': 771, 's': 718, 'ʊ': 641, 'n': 612, 'r': 524, 'ɔ': 524, 'k': 455, 'm': 453, 'l': 315, 'd': 221, 'w': 221, 'p': 216, 'b': 163, 'h': 92, 'ɡ': 77, 'ː': 73, 'f': 62, 'j': 59, 'ŋ': 32, 'i': 24, 'u': 17, 'ʔ': 16, 'e': 14, 'ɾ': 8, 'y': 4, 'o': 2, 'ʰ': 1})",(Japanese),_laLatin
10932,9244,39,"Counter({'a': 1036, 'n': 630, 'ɛ': 514, 'ɪ': 498, 'k': 459, 'ɯ': 420, 'r': 400, 'd': 377, 't': 351, 'l': 346, 'm': 339, 'e': 338, 'ɫ': 325, 's': 297, 'i': 297, 'j': 267, 'ɾ': 246, 'ʃ': 231, 'h': 207, 'v': 193, 'b': 167, 'ʊ': 154, 'ː': 118, 'z': 116, 'ø': 115, 'o': 109, 'u': 107, 'æ': 99, 'ɟ': 92, 'œ': 85, 'ʒ': 69, 'y': 66, 'ɔ': 49, 'p': 45, 'ɡ': 32, 'c': 27, 'f': 23})",(Spanish),_trTurkish
10944,9261,35,"Counter({'æ': 1409, 'y': 1301, 'ɾ': 502, 'n': 501, 'ɑ': 440, 't': 434, 'ʊ': 402, 'd': 386, 'm': 349, 'k': 330, 'ɫ': 320, 'q': 319, 'l': 258, 'b': 249, 'ʃ': 249, 'j': 238, 's': 229, 'h': 216, 'e': 207, 'ɡ': 197, 'ʋ': 164, 'o': 98, 'z': 92, 'S': 82, 'ŋ': 68, 'ʒ': 66, 'χ': 41, 'f': 37, 'ʔ': 34, 'ʁ': 21, 'ː': 12, 'p': 9, 'i': 1})",(English),_uzUzbek
10976,8900,35,"Counter({'ə': 1542, 'i': 730, 't': 632, 's': 626, 'n': 535, 'l': 526, 'u': 407, 'a': 347, 'ɾ': 346, 'k': 323, 'z': 296, 'm': 255, 'ð': 245, 'p': 226, 'e': 217, 'd': 215, 'o': 213, 'r': 205, 'ɛ': 160, 'β': 149, 'ɔ': 123, 'w': 98, 'j': 85, 'b': 77, 'f': 71, 'ʎ': 54, 'ɣ': 50, 'ʒ': 49, 'ŋ': 33, 'ɡ': 33, 'ʃ': 17, 'ɲ': 9, 'ɱ': 6})",(Portuguese),_caCatalan
10987,9132,38,"Counter({'e': 975, 'a': 920, 's': 847, 'i': 768, 't': 546, 'k': 479, 'l': 450, 'ː': 432, 'u': 404, 'm': 395, 'd': 387, 'n': 301, 'o': 290, 'ɡ': 228, 'v': 202, 'ɵ': 190, 'r': 179, 'ɑ': 159, 'h': 147, 'j': 141, 'y': 104, 'ɛ': 98, 'ɪ': 87, 'p': 79, 'b': 60, 'ɲ': 52, 'ʊ': 48, 'æ': 47, '^': 43, 'ʎ': 36, 'ŋ': 20, 'ø': 11, 'w': 4, 'ʃ': 1, 'ɔ': 1, 'f': 1})",(Quechua),_etEstonian
10990,9177,39,"Counter({'a': 1069, 'n': 626, 'ɪ': 537, 'ɛ': 480, 'k': 437, 'r': 422, 'ɯ': 399, 'd': 373, 't': 363, 'm': 353, 'e': 318, 'ɫ': 317, 'l': 313, 'i': 313, 'j': 293, 's': 285, 'ɾ': 235, 'ʃ': 222, 'h': 213, 'b': 194, 'v': 175, 'ʊ': 147, 'ː': 116, 'z': 108, 'ø': 104, 'o': 103, 'u': 102, 'æ': 95, 'ɟ': 79, 'œ': 72, 'ɔ': 63, 'y': 56, 'p': 56, 'ʒ': 54, 'ɡ': 33, 'f': 28, 'c': 24})",(Arabic),_trTurkish
10993,9755,28,"Counter({'a': 1330, 'i': 1072, 's': 907, 'e': 798, 'ʰ': 613, 't': 551, 'r': 474, 'l': 448, 'b': 432, 'd': 409, 'o': 400, 'v': 348, 'm': 347, 'u': 334, 'n': 321, 'p': 174, 'k': 161, 'ʃ': 144, 'ɡ': 124, 'x': 120, 'q': 100, 'z': 79, 'ɣ': 42, 'ʒ': 15, 'c': 7, 'ə': 5})",(Korean),_kaGeorgian
10994,8899,39,"Counter({'t': 1007, 'ə': 826, 'ɛ': 773, 'r': 661, 'i': 583, 'n': 493, 'd': 355, 'a': 348, 's': 325, 'ɔ': 300, 'm': 295, 'k': 275, 'ɪ': 235, 'p': 235, 'u': 232, 'e': 209, 'ɑ': 199, 'ʃ': 181, 'j': 140, 'ð': 136, 'b': 123, 'ɫ': 121, 'v': 117, 'ʌ': 116, 'ɲ': 86, 'l': 71, 'ʑ': 64, 'h': 61, 'z': 59, 'f': 53, 'ɕ': 52, 'y': 49, 'θ': 47, 'ɡ': 40, 'ː': 25, 'ʒ': 6, 'w': 1})",(English),_sqAlbanian
10996,9358,38,"Counter({'ɑ': 983, 'e': 667, 'i': 603, 'r': 574, 'n': 572, 'm': 412, 'ʊ': 409, 'ɯ': 398, 'd': 396, 'ɫ': 335, 't': 322, 'o': 284, 'l': 264, 'ʃ': 251, 'β': 250, 'ː': 241, 'j': 231, 'θ': 229, 'q': 223, 'ʁ': 214, 'k': 197, 'ŋ': 163, 'ø': 146, 'œ': 142, 'ð': 136, 'x': 117, 'ɡ': 112, 'h': 96, 'ʒ': 82, 'æ': 78, 'b': 74, 'p': 72, 'ɪ': 53, 'ɛ': 22, 's': 9, 'v': 1})",(Portuguese),_tkTurkmen
11002,8980,39,"Counter({'o': 831, 'ɪ': 705, 't': 607, 'æ': 569, 'n': 506, 's': 506, 'a': 455, 'v': 449, 'ɛ': 431, 'd': 392, 'ɾ': 288, 'p': 282, 'j': 277, 'm': 264, 'ʊ': 258, 'k': 245, 'e': 240, 'l': 233, 'i': 187, 'ʃ': 160, 'r': 155, 'b': 149, 'z': 145, 'u': 134, 'ɲ': 116, 'ɡ': 107, 'ɑ': 69, 'ʎ': 56, 'ʒ': 56, 'h': 38, 'ɕ': 28, 'ʑ': 21, 'f': 11, 'ə': 4, 'x': 3, '̩': 2, 'ŋ': 1})",(Arabic),_bsBosnian
11004,9371,37,"Counter({'ɑ': 1072, 'e': 839, 'ə': 795, 'n': 612, 't': 517, 'ɪ': 515, 'ɾ': 493, 'q': 427, 'd': 409, 'm': 363, 's': 331, 'ɫ': 315, 'b': 285, 'k': 272, 'j': 244, 'o': 204, 'ʀ': 193, 'w': 181, 'ʒ': 177, 'æ': 155, 'ʊ': 147, 'z': 133, 'ŋ': 129, 'p': 103, 'ɡ': 102, 'ʃ': 79, 'l': 74, 'u': 60, 'ɵ': 49, 'a': 45, 'r': 34, 'x': 12, 'v': 3, 'f': 1, 'ʔ': 1})",(Spanish),_kkKazakh
11006,9007,37,"Counter({'ə': 1475, 'n': 729, 'r': 638, 'i': 594, 't': 567, 's': 444, 'l': 378, 'ɛ': 375, 'd': 373, 'ɐ': 359, 'x': 348, 'f': 319, 'k': 263, 'ɔ': 245, 'm': 193, 'ː': 185, 'æ': 180, 'ɑ': 166, 'v': 163, 'ɪ': 159, 'h': 140, 'p': 125, 'ŋ': 111, 'b': 91, 'ʊ': 89, 'u': 63, 'y': 48, 'ø': 45, 'œ': 41, 'w': 28, 'ʃ': 25, 'e': 22, '̃': 21, 'j': 4, 'ɡ': 1})",(English),_afAfrikaans
11018,9088,36,"Counter({'o': 941, 'e': 808, 't': 732, 'n': 666, 'æ': 642, 'ɪ': 525, 'a': 507, 's': 500, 'v': 499, 'r': 422, 'd': 404, 'i': 311, 'l': 284, 'k': 273, 'p': 249, 'm': 166, 'j': 165, 'b': 162, 'z': 154, 'ɕ': 116, 'u': 92, 'ʊ': 91, 'ɡ': 91, 'ɲ': 66, 'ʃ': 59, 'ɛ': 45, 'ʒ': 42, '̩': 19, '^': 18, 'ʑ': 15, 'f': 14, 'h': 6, 'ɾ': 3, 'ɹ': 1})",(English),_mkMacedonian
11020,8927,40,"Counter({'a': 750, 'ɨ': 688, 'n': 603, 'r': 572, 'd': 491, 'ː': 440, 'l': 401, 'ɔ': 362, 'ɡ': 326, 'ʌ': 310, 'ə': 309, 'ɛ': 286, 'ð': 237, 'ɑ': 235, 'h': 234, 'ø': 215, 's': 210, 'b': 197, 'θ': 185, 'm': 178, 'ɪ': 173, 'ʊ': 170, 'j': 167, 'v': 148, 'e': 128, 'o': 127, 't': 124, 'k': 124, 'u': 108, 'p': 91, 'w': 71, 'ɬ': 67, 'i': 63, 'x': 53, 'f': 35, 'ŋ': 23, 'ʃ': 13, 'ç': 13})",(Russian),_cyWelsh
11021,8978,38,"Counter({'ɪ': 902, 'n': 735, 'ə': 642, 't': 641, 'd': 557, 'a': 546, 'ɹ': 426, 's': 373, 'ː': 356, 'l': 326, 'ɛ': 319, 'i': 296, 'k': 252, 'ɒ': 206, 'v': 200, 'p': 199, 'm': 195, 'z': 189, 'ʃ': 177, 'e': 150, 'ʌ': 149, 'f': 129, 'w': 118, 'b': 107, 'u': 102, 'ʊ': 102, 'ɔ': 93, 'h': 91, 'o': 80, 'ɜ': 72, 'ʒ': 60, 'ɑ': 57, 'j': 50, 'ɡ': 40, '̪': 26, 'ŋ': 15})",(Russian),_enEnglish (Caribbean)
11025,9090,28,"Counter({'a': 1163, 'o': 870, 'e': 843, 'i': 777, 't': 705, 'n': 567, 's': 530, 'r': 524, 'l': 474, 'k': 410, 'ɪ': 408, 'd': 404, 'u': 293, 'p': 214, 'm': 163, 'v': 150, 'ɡ': 102, 'b': 90, 'ʃ': 77, 'ʊ': 67, 'ʒ': 65, 'h': 63, 'z': 45, 'f': 44, 'j': 32, 'ə': 10})",(Spanish),_eoEsperanto
11031,9377,37,"Counter({'ː': 851, 'a': 846, 'e': 800, 'i': 768, 'o': 734, 't': 579, 's': 480, 'n': 476, 'v': 405, 'r': 398, 'd': 307, 'p': 284, 'k': 283, 'l': 265, 'm': 227, 'u': 225, 'ɲ': 209, 'b': 173, 'z': 170, 'j': 167, 'ʃ': 145, 'h': 89, 'ʒ': 82, '̝': 76, 'x': 71, 'c': 55, '̊': 50, 'ʊ': 45, 'ɟ': 36, 'f': 31, '̩': 20, 'ɪ': 12, 'ɡ': 9, 'ɣ': 5, 'ŋ': 4})",(English),_csCzech
11033,9050,31,"Counter({'a': 1166, 'ɑ': 813, 'e': 740, 'd': 648, 'r': 521, 'ː': 447, 'n': 408, 'i': 401, 't': 400, 'm': 399, 'h': 334, 'o': 294, 'b': 268, 'j': 224, 's': 222, 'v': 213, 'z': 198, 'k': 191, 'ʃ': 175, 'q': 166, '1': 166, 'l': 162, 'u': 111, 'ʒ': 96, 'x': 85, 'ʔ': 80, 'f': 65, 'ɡ': 42, 'p': 15})",(Portuguese),_faPersian
11047,8880,44,"Counter({'ə': 881, 'n': 837, 'ː': 701, 't': 571, 'ɑ': 457, 'i': 363, 'e': 340, 'ʀ': 339, 'd': 320, 'ʁ': 282, 'l': 264, 'æ': 242, 'u': 234, 'ɪ': 221, 'f': 215, 'o': 211, 'ʦ': 210, 'm': 206, 'z': 205, 'v': 205, 'ɕ': 161, 's': 158, 'g': 153, 'h': 145, 'k': 116, 'a': 114, 'ɜ': 98, 'p': 95, 'ɳ': 93, 'ʃ': 90, 'ʊ': 76, 'b': 64, 'X': 52, 'ʑ': 37, 'ɐ': 31, 'j': 30, 'ɛ': 21, 'y': 17, 'w': 15, 'ʒ': 6, '̃': 3, 'œ': 1})",(Quechua),_lbLuxembourgish
11049,9308,40,"Counter({'ɑ': 853, 'i': 654, 'e': 608, 'r': 582, 'm': 470, 'ʊ': 468, 'n': 457, 'ɯ': 389, 'd': 354, 'ɫ': 350, 'o': 322, 'l': 295, 't': 278, 'ː': 274, 'β': 256, 'q': 251, 'ð': 232, 'j': 232, 'ʃ': 213, 'k': 205, 'ʁ': 186, 'ø': 177, 'θ': 170, 'b': 135, 'œ': 135, 'ŋ': 118, 'ɡ': 118, 'x': 117, 'h': 101, 'æ': 97, 'p': 77, 'ɪ': 56, 'ʒ': 51, 'ɛ': 18, 's': 4, 'v': 3, 'u': 1, 'a': 1})",(Quechua),_tkTurkmen
11051,9176,38,"Counter({'a': 874, 'e': 828, 'i': 761, 'ː': 743, 'o': 663, 't': 606, 's': 468, 'n': 428, 'v': 399, 'm': 353, 'r': 352, 'd': 337, 'p': 252, 'u': 224, 'k': 222, 'l': 209, 'j': 201, 'b': 180, 'ɲ': 147, 'z': 141, 'ʃ': 123, 'ʒ': 119, 'x': 107, '̝': 79, 'h': 75, 'ʊ': 62, 'ɟ': 50, '̊': 47, 'c': 43, 'f': 40, '̩': 19, 'ɡ': 10, 'ɪ': 8, 'ɣ': 3, 'ʑ': 2, 'ŋ': 1})",(Quechua),_csCzech
11056,8981,28,"Counter({'a': 1110, 'i': 851, 'o': 831, 'e': 747, 't': 692, 'n': 569, 's': 551, 'r': 500, 'l': 459, 'k': 396, 'ɪ': 391, 'd': 386, 'u': 355, 'p': 215, 'm': 162, 'v': 158, 'ɡ': 95, 'b': 92, 'ʃ': 85, 'ʒ': 77, 'h': 69, 'ʊ': 63, 'f': 47, 'z': 43, 'j': 27, 'ə': 10})",(Arabic),_eoEsperanto
11072,9430,38,"Counter({'e': 922, 's': 894, 'a': 851, 'i': 827, 't': 634, 'l': 540, 'u': 521, 'ː': 444, 'k': 434, 'd': 358, 'n': 322, 'm': 313, 'r': 271, 'o': 262, 'v': 236, 'ɡ': 231, 'ɵ': 182, 'h': 173, 'ɑ': 159, 'j': 137, 'ɪ': 110, 'y': 95, 'p': 84, 'ɛ': 70, 'b': 66, 'ʊ': 56, 'ɲ': 54, 'æ': 50, '^': 48, 'ŋ': 37, 'ʎ': 30, 'ø': 12, 'f': 3, 'ɔ': 2, 'ʒ': 1, 'w': 1})",(Spanish),_etEstonian
11072,9419,34,"Counter({'æ': 1423, 'y': 1357, 'n': 533, 'ɾ': 509, 'ɑ': 460, 't': 441, 'd': 381, 'ʊ': 377, 'm': 336, 'q': 325, 'k': 324, 'ɫ': 324, 'l': 270, 'ʃ': 263, 'b': 261, 'j': 248, 's': 233, 'e': 211, 'ɡ': 209, 'h': 203, 'ʋ': 155, 'o': 96, 'ŋ': 90, 'z': 90, 'S': 84, 'ʒ': 66, 'χ': 39, 'ʔ': 36, 'f': 36, 'ʁ': 18, 'ː': 12, 'p': 9})",(Portuguese),_uzUzbek
11079,9690,35,"Counter({'a': 1963, 'ː': 1081, 'l': 765, 'ʔ': 627, 'i': 616, 'm': 444, 't': 377, 'd': 374, 'w': 312, 'n': 310, 'j': 309, 'ʕ': 300, 'r': 260, 'u': 250, 's': 193, 'ħ': 192, 'h': 187, 'q': 178, 'f': 163, 'b': 138, 'k': 105, 'ʒ': 92, '̪': 72, 'ʃ': 67, 'z': 57, 'θ': 51, 'ˤ': 49, 'ð': 47, '.': 35, 'x': 29, 'χ': 28, 'ɣ': 18, 'ɹ': 1})",(Korean),_arArabic
11081,9111,32,"Counter({'i': 1458, 'e': 978, 'a': 967, 'o': 796, 's': 768, 't': 595, 'n': 572, 'r': 418, 'k': 348, 'p': 340, 'm': 256, 'ð': 252, 'θ': 207, 'u': 189, 'c': 183, 'l': 177, 'f': 116, 'j': 67, 'v': 62, 'ç': 61, 'd': 56, 'z': 56, 'ɣ': 47, 'x': 45, 'b': 34, 'ŋ': 19, 'ɡ': 15, 'ɲ': 15, 'ʎ': 10, 'ɪ': 4})",(English),_elGreek
11090,8905,38,"Counter({'ɪ': 957, 'n': 700, 't': 655, 'ə': 621, 'd': 611, 'a': 559, 'ɹ': 380, 's': 361, 'ː': 342, 'l': 325, 'ɛ': 324, 'i': 266, 'k': 241, 'z': 208, 'm': 180, 'v': 178, 'ɒ': 167, 'p': 161, 'ʃ': 150, 'e': 144, 'ʌ': 143, 'f': 137, 'h': 125, 'w': 125, 'u': 120, 'ʊ': 115, 'b': 108, 'ɔ': 100, 'ʒ': 78, 'o': 77, 'ɜ': 54, 'j': 51, 'ɑ': 49, 'ɡ': 43, '̪': 32, 'ŋ': 18})",(Arabic),_enEnglish (Caribbean)
11102,9403,36,"Counter({'ɑ': 1090, 'e': 837, 'ə': 804, 'n': 608, 't': 518, 'ɪ': 505, 'ɾ': 501, 'q': 418, 'd': 386, 'm': 377, 's': 319, 'ɫ': 312, 'b': 301, 'k': 281, 'j': 220, 'w': 204, 'ʀ': 198, 'o': 197, 'ʒ': 195, 'æ': 178, 'ʊ': 133, 'z': 130, 'ŋ': 111, 'ɡ': 99, 'p': 96, 'l': 84, 'ʃ': 79, 'u': 69, 'a': 50, 'ɵ': 50, 'r': 33, 'x': 15, 'v': 3, 'ʔ': 2})",(Russian),_kkKazakh
11104,9416,38,"Counter({'ɑ': 976, 'e': 722, 'r': 592, 'i': 592, 'n': 555, 'm': 428, 'd': 414, 'ɯ': 405, 'ʊ': 398, 't': 339, 'ɫ': 320, 'l': 290, 'o': 271, 'β': 260, 'ʃ': 246, 'q': 237, 'ː': 230, 'θ': 228, 'j': 224, 'ʁ': 205, 'k': 193, 'œ': 150, 'ø': 144, 'ð': 141, 'ŋ': 140, 'x': 115, 'ɡ': 109, 'h': 97, 'ʒ': 86, 'æ': 83, 'b': 76, 'p': 64, 'ɪ': 60, 'ɛ': 16, 's': 9, 'f': 1})",(Spanish),_tkTurkmen
11105,8748,25,"Counter({'a': 2053, 't': 967, 'e': 901, 'i': 769, 'k': 569, 'ɔ': 522, 'r': 423, 'u': 382, '""': 341, 'm': 327, 'h': 313, 'ŋ': 307, 'n': 304, 'f': 216, 'p': 122, 'ɪ': 106, 'w': 63, 'ʊ': 25, 'ː': 16, 'o': 15, 'ɛ': 3, 'd': 2, 's': 2})",(Korean),_miMāori
11110,9235,44,"Counter({'ə': 809, 'n': 791, 'ː': 774, 't': 605, 'ʀ': 457, 'ɑ': 443, 'e': 380, 'd': 368, 'i': 359, 'l': 343, 'u': 306, 'æ': 294, 'f': 283, 'ʁ': 260, 'o': 217, 'ʦ': 190, 'm': 183, 'ɪ': 177, 'k': 169, 'ɕ': 161, 'g': 159, 'v': 153, 'z': 145, 'h': 134, 's': 128, 'a': 123, 'ʃ': 122, 'ɳ': 107, 'p': 106, 'ʊ': 99, 'ɜ': 98, 'b': 87, 'j': 62, 'ʑ': 33, 'ɐ': 31, 'ɛ': 28, 'X': 17, 'w': 13, '̃': 7, 'œ': 5, 'ʒ': 5, 'y': 4})",(Portuguese),_lbLuxembourgish
11110,9430,36,"Counter({'e': 939, 's': 917, 'a': 859, 'i': 816, 't': 568, 'l': 523, 'u': 513, 'ː': 441, 'k': 434, 'd': 376, 'm': 331, 'n': 312, 'r': 275, 'o': 260, 'v': 239, 'ɡ': 220, 'ɵ': 179, 'ɑ': 175, 'j': 156, 'h': 152, 'ɪ': 128, 'p': 93, 'y': 89, 'ɲ': 67, 'ɛ': 67, 'b': 64, 'æ': 53, '^': 51, 'ʊ': 47, 'ʎ': 34, 'ŋ': 32, 'ø': 13, 'w': 4, 'ɔ': 3})",(Russian),_etEstonian
11111,9201,38,"Counter({'o': 808, 'ɪ': 712, 't': 636, 'ɐ': 556, 'n': 549, 's': 534, 'ɛ': 520, 'r': 470, 'a': 461, 'v': 436, 'd': 422, 'ʊ': 288, 'm': 281, 'p': 276, 'j': 258, 'k': 255, 'l': 238, 'i': 196, 'e': 177, 'ʃ': 174, 'b': 161, 'u': 139, 'z': 132, 'ɑ': 92, 'ɲ': 91, 'ɡ': 83, 'ʎ': 63, 'ʒ': 63, 'h': 54, 'ɕ': 39, 'ʑ': 20, 'f': 9, 'ŋ': 3, '̩': 2, 'x': 2, 'ɔ': 1})",(Japanese),_srSerbian
11116,9334,38,"Counter({'æ': 1045, 'i': 900, 'a': 890, 'n': 596, 'd': 523, 'r': 392, 'm': 370, 't': 362, 's': 341, 'ɯ': 325, 'l': 311, 'ɫ': 261, 'ɡ': 248, 'u': 242, 'j': 241, 'h': 235, 'v': 225, 'b': 200, 'ɾ': 194, 'y': 191, 'ʃ': 186, 'e': 163, 'x': 138, 'c': 136, 'z': 127, 'o': 108, 'ç': 99, 'ʒ': 72, 'œ': 72, 'f': 61, 'ɟ': 28, 'p': 16, 'ɪ': 16, 'ː': 15, 'ɣ': 4, 'ə': 1})",(Spanish),_azAzerbaijani
11117,9251,38,"Counter({'o': 806, 'ɪ': 763, 't': 711, 'æ': 569, 'n': 542, 's': 515, 'ɛ': 454, 'v': 431, 'a': 406, 'd': 380, 'm': 315, 'j': 309, 'ɾ': 290, 'p': 265, 'k': 263, 'ʊ': 262, 'e': 238, 'l': 236, 'i': 204, 'r': 176, 'b': 159, 'ʃ': 156, 'u': 142, 'z': 121, 'ɲ': 93, 'ɑ': 85, 'ɡ': 78, 'ʎ': 76, 'h': 64, 'ʒ': 58, 'ɕ': 36, 'ʑ': 19, 'f': 14, 'x': 6, 'ŋ': 6, '̩': 3})",(Japanese),_hrCroatian
11128,9151,28,"Counter({'a': 1157, 'o': 885, 'e': 819, 'i': 775, 't': 713, 'n': 547, 's': 542, 'r': 539, 'l': 454, 'ɪ': 425, 'k': 414, 'd': 382, 'u': 322, 'p': 229, 'm': 171, 'v': 165, 'b': 105, 'ɡ': 95, 'ʃ': 85, 'h': 79, 'ʒ': 61, 'ʊ': 57, 'z': 52, 'f': 43, 'j': 25, 'ə': 10})",(Russian),_eoEsperanto
11129,9349,37,"Counter({'e': 948, 's': 932, 'a': 827, 'i': 815, 't': 609, 'l': 523, 'u': 469, 'ː': 458, 'k': 446, 'd': 360, 'm': 323, 'n': 303, 'o': 253, 'r': 250, 'ɡ': 237, 'v': 227, 'ɑ': 185, 'ɵ': 183, 'h': 143, 'j': 136, 'ɪ': 126, 'y': 90, 'p': 86, 'ɲ': 66, 'b': 63, 'ɛ': 63, 'æ': 49, '^': 48, 'ʊ': 46, 'ʎ': 32, 'ŋ': 32, 'ø': 14, 'w': 3, 'ɔ': 2, 'f': 2})",(Arabic),_etEstonian
11136,9240,38,"Counter({'o': 807, 'ɪ': 724, 't': 634, 'æ': 559, 'n': 544, 's': 519, 'a': 450, 'v': 436, 'ɛ': 434, 'd': 415, 'j': 310, 'ɾ': 302, 'm': 291, 'ʊ': 290, 'p': 273, 'k': 253, 'e': 243, 'l': 235, 'i': 209, 'r': 184, 'ʃ': 166, 'b': 153, 'u': 142, 'z': 127, 'ɲ': 99, 'ɑ': 95, 'ɡ': 90, 'ʎ': 65, 'ʒ': 61, 'h': 54, 'ɕ': 42, 'ʑ': 20, 'f': 7, 'ŋ': 3, '̩': 2, 'x': 2})",(Japanese),_bsBosnian
11137,9085,38,"Counter({'ɪ': 893, 'n': 763, 'ə': 690, 't': 654, 'd': 589, 'a': 566, 'ɹ': 412, 's': 341, 'ɛ': 337, 'l': 335, 'ː': 331, 'i': 276, 'k': 269, 'ɒ': 219, 'v': 212, 'm': 201, 'z': 187, 'p': 174, 'ʃ': 171, 'ʌ': 159, 'e': 152, 'w': 134, 'f': 126, 'b': 111, 'u': 102, 'ʊ': 102, 'ɔ': 95, 'h': 88, 'o': 86, 'ɜ': 64, 'ʒ': 56, 'j': 50, 'ɑ': 50, 'ɡ': 46, '̪': 31, 'ŋ': 13})",(Spanish),_enEnglish (Caribbean)
11156,8941,45,"Counter({'ə': 1164, 'a': 690, 'n': 661, 'ɾ': 492, 'ʲ': 465, 'ɡ': 385, 'x': 363, 's': 347, 'ː': 319, 'u': 274, 'ɪ': 270, 'ɔ': 267, 'i': 256, 'd': 246, '̪': 194, 'k': 182, 'ɣ': 180, 'h': 180, 't': 164, 'v': 158, 'e': 145, 'ɯ': 135, 'm': 135, 'ɕ': 131, 'l': 126, 'ɛ': 125, 'ɫ': 105, 'b': 81, 'ɲ': 76, 'ɤ': 70, 'ç': 69, 'f': 69, 'c': 66, 'ʰ': 66, 'ʊ': 61, 'ʎ': 57, 'o': 47, 'r': 44, 'p': 38, 'ʝ': 28, 'j': 5, 'ʃ': 3, 'ŋ': 2})",(Portuguese),_gdGaelic (Scottish)
11160,9492,38,"Counter({'a': 1003, 'o': 856, 'e': 733, 'i': 713, 't': 658, 'ː': 642, 'n': 473, 's': 466, 'r': 417, 'v': 410, 'd': 332, 'k': 315, 'u': 290, 'p': 281, 'l': 259, 'm': 227, 'ʲ': 217, 'b': 168, 'ɲ': 167, 'ʃ': 162, 'j': 152, 'z': 140, 'ʒ': 91, 'h': 76, 'x': 65, 'ʎ': 57, 'w': 25, 'f': 24, 'ʑ': 19, '̩': 18, 'ʊ': 12, 'ɡ': 9, 'æ': 6, 'ɣ': 3, 'ɾ': 3, 'ŋ': 3})",(English),_skSlovak
11161,9054,40,"Counter({'a': 773, 'ɨ': 710, 'n': 658, 'r': 547, 'd': 500, 'ː': 418, 'l': 405, 'ɔ': 359, 'ə': 351, 'ɡ': 343, 'ʌ': 343, 'ɛ': 273, 'h': 251, 'ð': 243, 'ø': 237, 'ɑ': 209, 'b': 200, 's': 191, 'j': 185, 'm': 178, 'ʊ': 172, 'v': 170, 'θ': 168, 'ɪ': 152, 'k': 137, 'e': 124, 't': 122, 'o': 120, 'u': 113, 'w': 73, 'p': 72, 'i': 66, 'x': 59, 'ɬ': 47, 'f': 42, 'ŋ': 21, 'ç': 12, 'ʃ': 10})",(Spanish),_cyWelsh
11172,9022,39,"Counter({'ː': 1065, 'r': 732, 'a': 717, 't': 712, 'n': 517, 'ɛ': 480, 's': 432, 'l': 398, 'ə': 361, 'v': 297, 'ɪ': 296, 'd': 295, 'k': 265, 'ɔ': 261, 'i': 215, 'e': 194, 'f': 185, 'ɑ': 185, 'm': 184, 'h': 181, 'ɡ': 143, 'o': 137, 'u': 113, 'j': 89, 'b': 72, 'ŋ': 68, 'ø': 67, 'x': 64, 'p': 62, 'ʉ': 56, 'œ': 40, 'y': 40, 'ɕ': 35, 'ɵ': 34, 'ʂ': 24, 'ʊ': 5, 'ʃ': 1})",(Quechua),_svSwedish
11176,9350,38,"Counter({'ː': 1002, 't': 727, 'r': 707, 'a': 624, 'n': 573, 'ə': 533, 'l': 462, 's': 458, 'ɛ': 409, 'd': 351, 'ɪ': 351, 'k': 345, 'ɔ': 256, 'm': 239, 'i': 234, 'v': 207, 'f': 201, 'e': 197, 'ɑ': 178, 'ɡ': 173, 'h': 141, 'u': 113, 'ŋ': 96, 'o': 96, 'p': 91, 'j': 84, 'b': 83, 'ø': 70, 'ʉ': 70, 'x': 66, 'ɵ': 62, 'y': 46, 'œ': 45, 'ʂ': 30, 'ɕ': 18, 'ʊ': 12})",(Portuguese),_svSwedish
11177,9834,32,"Counter({'a': 1402, 'e': 1253, 's': 748, 't': 742, 'i': 684, 'o': 576, 'k': 574, 'ɾ': 568, 'n': 558, 'u': 466, '̻': 413, '̺': 335, 'β': 305, 'ð': 293, 'l': 185, 'ɣ': 137, 'p': 98, 'r': 82, 'm': 79, 'ɪ': 74, 'b': 50, 'ɲ': 48, 'd': 44, 'ʊ': 37, 'ɡ': 24, 'ʎ': 16, 'j': 14, 'f': 12, 'ɟ': 10, 'ʃ': 7})",(Korean),_euBasque
11177,8894,35,"Counter({'ə': 1548, 'i': 718, 's': 636, 't': 601, 'n': 510, 'l': 495, 'a': 382, 'u': 372, 'ɾ': 368, 'k': 332, 'z': 271, 'ð': 246, 'p': 240, 'd': 236, 'e': 235, 'm': 215, 'r': 208, 'o': 202, 'ɛ': 170, 'β': 167, 'w': 118, 'ɔ': 104, 'j': 99, 'b': 82, 'ɣ': 61, 'ʒ': 61, 'f': 57, 'ʎ': 56, 'ɡ': 37, 'ŋ': 34, 'ʃ': 22, 'ɲ': 8, 'ɱ': 3})",(Arabic),_caCatalan
11179,9313,42,"Counter({'ʔ': 1117, 'ə': 571, 'n': 559, 'l': 553, 't': 507, 'ʌ': 478, 'e': 470, 'a': 440, 's': 438, 'i': 419, 'ε': 361, 'ʁ': 269, 'ð': 234, 'f': 219, 'd': 215, 'k': 204, 'ɑ': 201, 'm': 193, 'ʋ': 165, 'ɐ': 153, '̯': 153, 'ɒ': 151, '?': 142, 'h': 138, 'b': 115, 'o': 113, 'ɡ': 112, 'u': 101, 'ɛ': 90, 'j': 87, 'ŋ': 82, 'p': 71, 'œ': 55, 'w': 33, 'ː': 33, 'ʃ': 30, 'y': 29, 'ɪ': 6, 'ɔ': 5, 'ɾ': 1})",(Portuguese),_daDanish
11187,9463,36,"Counter({'ɪ': 1496, 'ɑ': 860, 'æ': 797, 'l': 595, 'q': 512, 'n': 465, 't': 437, 'd': 381, 'k': 355, 'm': 353, 'r': 353, 'ʃ': 352, 'u': 343, 'b': 263, 'j': 233, 'o': 211, 'h': 185, 's': 182, 'ɾ': 154, 'w': 131, 'p': 101, 'z': 95, 'e': 92, 'ʁ': 86, 'œ': 82, 'ɡ': 80, 'ŋ': 79, 'y': 68, 'χ': 56, 'ʒ': 54, 'a': 3, 'v': 3, 'i': 3, 'ː': 3})",(Japanese),_ugUyghur
11200,9430,37,"Counter({'ɔ': 1020, 'a': 913, 'ɾ': 826, 'e': 632, 'i': 614, 't': 596, 'ʃ': 535, 'k': 532, 'ʰ': 506, 'b': 467, 'n': 456, 'd': 437, 'o': 424, 'p': 206, 'm': 199, 'u': 159, 'ŋ': 115, 'ɟ': 112, 'ʒ': 92, 'ɡ': 88, 'æ': 86, 'j': 84, 'h': 70, 'l': 69, 'ʈ': 56, 's': 35, 'r': 34, 'ː': 32, '.': 12, 'w': 9, '̃': 5, 'f': 4, 'ɪ': 3, 'ɐ': 1, 'ɖ': 1})",(Spanish),_bnBengali
11203,8560,23,"Counter({'a': 2171, 'k': 977, 'o': 909, 'i': 702, 'e': 660, 'n': 653, 'u': 511, 'ː': 451, 'l': 391, 'h': 388, 'm': 354, 'p': 220, 'w': 79, 'ʔ': 50, 't': 16, 'ʋ': 10, 's': 7, 'd': 5, 'ɹ': 4, 'r': 1, 'b': 1})",(English),_hawHawaiian
11204,9387,35,"Counter({'e': 1246, 'a': 1020, 'o': 882, 's': 686, 'n': 678, 'ɾ': 594, 'i': 573, 't': 543, 'ð': 494, 'l': 473, 'j': 307, 'k': 275, 'u': 245, 'p': 222, 'θ': 220, 'm': 217, 'β': 180, 'd': 85, 'ʃ': 68, 'r': 61, 'w': 55, 'x': 49, 'ɣ': 47, 'f': 46, 'ɛ': 44, 'ɪ': 22, 'b': 17, 'ɡ': 12, 'ŋ': 10, 'ʎ': 5, 'ʝ': 4, 'ɲ': 4, 'ʊ': 3})",(Korean),_esSpanish (Spain)
11204,9748,26,"Counter({'a': 1111, 's': 850, 't': 812, 'e': 758, 'n': 681, 'i': 630, 'k': 587, 'l': 575, 'o': 520, 'ː': 512, 'u': 434, 'ɪ': 385, 'æ': 326, 'm': 282, 'j': 227, 'v': 194, 'y': 190, 'r': 186, 'h': 157, 'p': 122, 'd': 109, 'ŋ': 57, 'ø': 42, 'ɡ': 1})",(Portuguese),_fiFinnish
11210,9544,37,"Counter({'a': 913, 's': 912, 'e': 883, 'i': 857, 't': 632, 'u': 486, 'ː': 482, 'l': 462, 'k': 456, 'd': 365, 'n': 324, 'm': 323, 'o': 283, 'r': 273, 'ɡ': 235, 'v': 233, 'ɵ': 195, 'h': 173, 'ɑ': 153, 'j': 135, 'y': 121, 'ɪ': 120, 'p': 92, 'b': 77, 'ɛ': 71, 'æ': 59, 'ʊ': 53, '^': 51, 'ɲ': 41, 'ŋ': 33, 'ʎ': 33, 'ø': 13, 'w': 3, 'f': 1, 'ɔ': 1})",(Japanese),_etEstonian
11225,9143,32,"Counter({'a': 1178, 'ɑ': 836, 'e': 728, 'd': 678, 'r': 539, 'ː': 437, 'i': 408, 'm': 400, 't': 376, 'n': 369, 'h': 340, 'o': 283, 'b': 276, 's': 239, 'v': 233, 'j': 225, 'z': 197, 'ʃ': 196, 'l': 179, 'q': 171, '1': 171, 'k': 151, 'u': 117, 'x': 100, 'ʒ': 93, 'ʔ': 85, 'f': 70, 'ɡ': 46, 'p': 19, 'ɪ': 3})",(Russian),_faPersian
11226,9679,34,"Counter({'a': 2169, 'n': 761, 'ə': 612, 'i': 579, 't': 532, 'd': 526, 's': 503, 'r': 481, 'k': 479, 'u': 475, 'm': 375, 'p': 366, 'l': 284, 'b': 281, 'ŋ': 248, 'h': 240, 'ɛ': 173, 'ɡ': 86, 'j': 80, 'o': 68, 'ʒ': 62, 'ɲ': 59, 'ɔ': 55, 'ɪ': 43, 'ʃ': 38, 'w': 38, 'ʊ': 34, 'v': 9, 'ç': 9, 'f': 9, 'e': 3, 'x': 2})",(Korean),_idIndonesian
11228,9436,38,"Counter({'ɪ': 1520, 'æ': 744, 'ɑ': 740, 'l': 606, 'n': 537, 'q': 463, 't': 452, 'm': 389, 'u': 368, 'ʃ': 353, 'r': 345, 'b': 329, 'k': 322, 'd': 290, 'z': 253, 'o': 224, 'j': 223, 'h': 195, 's': 138, 'ɾ': 107, 'ŋ': 106, 'ʁ': 102, 'y': 98, 'w': 92, 'œ': 91, 'ɡ': 90, 'e': 82, 'p': 63, 'χ': 43, 'ʒ': 30, 'i': 11, 'ː': 11, 'v': 8, 'f': 6, 'a': 3, 'ɹ': 2})",(Quechua),_ugUyghur
11229,9507,39,"Counter({'a': 1129, 'n': 584, 'ɪ': 561, 'ɛ': 524, 'k': 453, 'r': 441, 'ɯ': 406, 't': 374, 'd': 370, 'ɫ': 363, 'm': 362, 'l': 357, 'e': 342, 's': 327, 'j': 294, 'i': 282, 'ʃ': 235, 'ɾ': 233, 'h': 220, 'v': 194, 'b': 191, 'ʊ': 151, 'ː': 115, 'z': 109, 'ø': 109, 'æ': 101, 'o': 97, 'u': 97, 'ɟ': 88, 'ɔ': 73, 'p': 67, 'œ': 67, 'ʒ': 65, 'y': 52, 'f': 25, 'ɡ': 25, 'c': 24})",(Japanese),_trTurkish
11231,9319,36,"Counter({'o': 966, 'e': 825, 't': 809, 'n': 680, 'æ': 676, 'ɪ': 560, 's': 520, 'v': 511, 'a': 510, 'r': 446, 'd': 414, 'i': 313, 'l': 273, 'k': 262, 'p': 257, 'm': 189, 'j': 167, 'z': 158, 'b': 155, 'ɕ': 113, 'u': 89, 'ʊ': 77, 'ʃ': 73, 'ɡ': 69, 'ɲ': 54, 'ʒ': 43, 'ɛ': 43, 'f': 17, 'ʑ': 16, '̩': 16, '^': 10, 'h': 4, 'ɾ': 3, 'ɹ': 1})",(Portuguese),_mkMacedonian
11240,8992,40,"Counter({'a': 755, 'ɨ': 722, 'n': 683, 'r': 537, 'd': 467, 'ː': 424, 'l': 395, 'ɔ': 362, 'ɡ': 342, 'ə': 329, 'ʌ': 312, 'ɛ': 268, 'ø': 262, 'h': 254, 'ð': 245, 'ɑ': 239, 'm': 201, 'b': 183, 's': 181, 'ʊ': 178, 'ɪ': 178, 'θ': 171, 'j': 165, 'v': 155, 'k': 129, 't': 118, 'e': 116, 'o': 107, 'u': 104, 'p': 72, 'w': 72, 'i': 71, 'x': 60, 'ɬ': 50, 'f': 37, 'ŋ': 25, 'ʃ': 12, 'ç': 11})",(Arabic),_cyWelsh
11242,9285,28,"Counter({'a': 1224, 'e': 815, 'o': 815, 'i': 811, 't': 721, 'n': 631, 's': 574, 'r': 532, 'ɪ': 455, 'l': 448, 'k': 387, 'd': 364, 'u': 324, 'p': 231, 'v': 171, 'm': 159, 'ɡ': 108, 'b': 101, 'ʃ': 79, 'h': 75, 'ʊ': 68, 'ʒ': 65, 'f': 47, 'z': 40, 'j': 30, 'ə': 10})",(Japanese),_eoEsperanto
11242,9145,38,"Counter({'ɪ': 872, 'n': 746, 'ə': 688, 't': 687, 'a': 607, 'd': 579, 'ɹ': 425, 'l': 363, 'ː': 346, 's': 344, 'ɛ': 335, 'i': 304, 'k': 251, 'ɒ': 188, 'm': 187, 'v': 186, 'p': 184, 'ʃ': 180, 'z': 165, 'ʌ': 159, 'e': 142, 'b': 129, 'w': 125, 'ʊ': 119, 'f': 115, 'u': 113, 'ɔ': 101, 'o': 100, 'h': 87, 'ʒ': 66, 'j': 63, 'ɑ': 55, 'ɜ': 48, 'ɡ': 47, '̪': 26, 'ŋ': 13})",(Japanese),_enEnglish (Caribbean)
11243,9427,38,"Counter({'ː': 1200, 'r': 817, 'n': 651, 't': 642, 'l': 631, 'a': 594, 'ə': 426, 'ɛ': 419, 's': 410, 'ɪ': 330, 'i': 291, 'e': 262, 'u': 260, 'ɡ': 239, 'ɑ': 238, 'k': 236, 'f': 221, 'm': 198, 'v': 195, 'd': 189, 'h': 166, 'ɔ': 142, 'ʉ': 128, 'ŋ': 106, 'p': 87, 'ʃ': 74, 'b': 73, 'o': 54, 'y': 43, 'j': 28, 'ø': 21, 'œ': 17, 'ʊ': 14, 'ʂ': 13, 'x': 6, 'ɹ': 6})",(English),_noNorwegian Bokmål
11243,9069,35,"Counter({'ɛ': 943, 'a': 892, 'ɪ': 860, 'n': 731, 'e': 596, 'd': 491, 'k': 381, 'b': 321, 'i': 316, 't': 312, 'r': 300, 'h': 259, 'j': 244, 'u': 229, 's': 221, 'm': 211, 'ɾ': 211, 'ʊ': 181, 'ʒ': 171, 'v': 170, 'w': 166, 'l': 139, 'z': 97, 'ɡ': 97, 'ʃ': 97, 'o': 96, 'f': 88, 'p': 81, 'x': 72, 'ɵ': 38, 'c': 32, 'q': 24, 'ɟ': 2})",(Chinese),_kuKurdish
11253,9322,35,"Counter({'ɔ': 932, 'a': 918, 'ɾ': 819, 't': 638, 'e': 632, 'i': 626, 'k': 539, 'ʃ': 511, 'ʰ': 502, 'n': 466, 'o': 452, 'd': 416, 'b': 403, 'm': 190, 'p': 179, 'u': 147, 'ɟ': 124, 'ʒ': 100, 'æ': 97, 'l': 93, 'ŋ': 91, 'j': 89, 'ɡ': 78, 'ʈ': 70, 'h': 64, 's': 38, 'ː': 34, 'r': 32, '.': 13, 'w': 13, 'f': 9, '̃': 5, 'ɖ': 2})",(Arabic),_bnBengali
11260,9124,41,"Counter({'a': 792, 'ɨ': 738, 'n': 659, 'r': 571, 'd': 492, 'ː': 436, 'l': 429, 'ɔ': 345, 'ə': 327, 'ɡ': 325, 'ʌ': 299, 'h': 259, 'ɛ': 255, 'ɑ': 247, 'ø': 244, 'ð': 243, 'ʊ': 195, 's': 191, 'ɪ': 188, 'b': 186, 'θ': 178, 'j': 174, 'm': 173, 'v': 161, 'k': 132, 'e': 128, 't': 126, 'u': 116, 'o': 87, 'w': 83, 'i': 72, 'p': 70, 'ɬ': 61, 'x': 59, 'f': 43, 'ŋ': 18, 'ç': 11, 'ʃ': 10, 'ʒ': 1})",(Japanese),_cyWelsh
11264,9353,38,"Counter({'a': 1016, 'i': 757, 'e': 754, 'o': 733, 't': 694, 'ː': 589, 's': 478, 'n': 383, 'r': 378, 'v': 376, 'd': 356, 'm': 334, 'ʲ': 301, 'u': 301, 'k': 283, 'p': 239, 'b': 185, 'l': 185, 'j': 170, 'ɲ': 149, 'ʃ': 137, 'ʒ': 118, 'z': 115, 'x': 81, 'h': 70, 'ʎ': 55, 'f': 34, 'w': 26, '̩': 15, 'ɡ': 10, 'ʑ': 7, 'æ': 7, 'ʊ': 7, 'ɾ': 4, 'ɣ': 4, 'ŋ': 2})",(Quechua),_skSlovak
11269,9652,34,"Counter({'i': 914, 't': 878, 'e': 845, 'o': 813, 'n': 720, 'ɐ': 633, 'a': 561, 's': 552, 'v': 484, 'r': 438, 'd': 365, 'ː': 313, 'p': 283, 'ʃ': 244, 'k': 231, 'z': 170, 'm': 161, 'l': 158, 'b': 124, 'ə': 121, 'u': 119, 'ɫ': 113, 'f': 95, 'j': 95, 'ɡ': 81, 'ʒ': 80, 'ʲ': 25, 'x': 17, 'ʂ': 9, 'ɲ': 5, 'ʑ': 3, 'ɪ': 2})",(English),_bgBulgarian
11271,9455,37,"Counter({'ɔ': 996, 'a': 890, 'ɾ': 807, 'i': 630, 't': 629, 'e': 614, 'k': 543, 'ʃ': 531, 'ʰ': 505, 'b': 469, 'n': 454, 'o': 434, 'd': 421, 'p': 196, 'm': 185, 'u': 168, 'ɟ': 124, 'ŋ': 121, 'æ': 113, 'ʒ': 100, 'j': 93, 'ɡ': 91, 'l': 72, 'h': 69, 'ʈ': 57, 's': 40, 'r': 33, 'ː': 32, '.': 12, 'w': 9, 'ɖ': 5, '̃': 4, 'f': 4, 'ɪ': 3, 'ɐ': 1})",(Russian),_bnBengali
11276,9358,39,"Counter({'æ': 1005, 'a': 927, 'i': 873, 'n': 627, 'd': 514, 'r': 436, 'm': 376, 't': 347, 'ɯ': 338, 's': 318, 'l': 310, 'u': 277, 'ɫ': 277, 'ɡ': 264, 'j': 247, 'h': 227, 'b': 220, 'ʃ': 204, 'v': 197, 'y': 185, 'ɾ': 185, 'e': 143, 'o': 142, 'z': 132, 'x': 122, 'c': 116, 'ç': 82, 'œ': 68, 'ʒ': 59, 'f': 58, 'ɟ': 24, 'ː': 20, 'p': 18, 'ɪ': 16, 'ɣ': 2, 'ə': 1, 'ɹ': 1})",(Arabic),_azAzerbaijani
11278,9093,31,"Counter({'a': 1169, 'ɑ': 820, 'e': 714, 'd': 697, 'r': 547, 'ː': 461, 'i': 435, 'n': 403, 'm': 384, 't': 364, 'h': 344, 'o': 273, 'b': 270, 'j': 246, 'v': 202, 'ʃ': 201, 's': 201, 'z': 199, 'q': 165, '1': 165, 'k': 159, 'l': 153, 'u': 124, 'x': 87, 'f': 82, 'ʒ': 78, 'ʔ': 73, 'ɡ': 57, 'p': 20})",(Arabic),_faPersian
11281,9192,32,"Counter({'a': 2042, 'i': 1191, 'u': 776, 'k': 669, 'n': 511, 't': 433, 'm': 426, 'w': 420, 'e': 317, 'o': 293, 'l': 277, 'h': 227, 'j': 199, 'z': 177, 'ʃ': 175, 's': 120, 'f': 112, 'b': 107, 'd': 106, 'r': 103, 'ɡ': 100, 'ɟ': 93, 'ŋ': 81, '̩': 65, 'p': 58, 'v': 42, 'ɲ': 38, 'ð': 25, 'θ': 5, 'ɣ': 4})",(Japanese),_swSwahili
11302,9159,35,"Counter({'ə': 1620, 'i': 751, 't': 619, 's': 617, 'n': 561, 'l': 543, 'u': 397, 'ɾ': 386, 'a': 384, 'k': 340, 'z': 297, 'ð': 262, 'm': 255, 'p': 247, 'd': 239, 'o': 239, 'r': 210, 'e': 198, 'ɛ': 169, 'β': 145, 'w': 109, 'ɔ': 105, 'j': 93, 'b': 68, 'f': 61, 'ʎ': 50, 'ʒ': 48, 'ɣ': 48, 'ŋ': 36, 'ɡ': 29, 'ʃ': 20, 'ɲ': 7, 'ɱ': 6})",(Spanish),_caCatalan
11302,9192,39,"Counter({'t': 1005, 'ə': 832, 'ɛ': 808, 'r': 679, 'i': 598, 'n': 532, 'a': 376, 's': 369, 'd': 350, 'ɔ': 310, 'm': 299, 'k': 280, 'u': 263, 'p': 248, 'ɪ': 222, 'ɑ': 214, 'e': 214, 'ʃ': 179, 'j': 156, 'ɫ': 131, 'ð': 130, 'v': 128, 'b': 124, 'ʌ': 102, 'ɲ': 89, 'l': 74, 'y': 73, 'ʑ': 69, 'h': 64, 'z': 58, 'ɕ': 54, 'f': 50, 'θ': 45, 'ɡ': 38, 'ː': 14, 'ʒ': 8, 'w': 7})",(Portuguese),_sqAlbanian
11308,9251,37,"Counter({'ə': 1540, 'n': 756, 'r': 626, 'i': 621, 't': 576, 'd': 426, 's': 405, 'ɐ': 387, 'l': 386, 'ɛ': 362, 'f': 337, 'x': 311, 'k': 281, 'ɔ': 256, 'm': 225, 'ː': 187, 'v': 172, 'ɑ': 164, 'æ': 158, 'h': 147, 'ɪ': 138, 'p': 126, 'b': 113, 'ŋ': 112, 'ʊ': 97, 'u': 78, 'œ': 57, 'y': 52, 'ø': 43, 'w': 31, 'ʃ': 24, 'e': 23, '̃': 21, 'j': 11, 'ɡ': 2})",(Portuguese),_afAfrikaans
11321,9190,43,"Counter({'a': 954, 'ə': 910, 'ɾ': 520, 'k': 494, 'd': 473, 'ɪ': 465, 'i': 439, 'n': 438, 'ʌ': 428, 't': 420, 'e': 398, '̃': 349, 's': 280, 'h': 270, 'ʰ': 244, 'v': 211, 'm': 174, 'ʊ': 168, 'l': 168, 'ɟ': 153, 'p': 131, 'o': 124, 'u': 111, 'b': 111, 'c': 94, 'ː': 92, 'ɛ': 91, 'ʃ': 90, 'ɳ': 79, 'ʈ': 77, 'ɡ': 64, '+': 46, 'z': 45, 'ɔ': 25, 'r': 17, 'j': 16, 'ɖ': 12, '.': 6, 'x': 1, 'ɭ': 1, 'f': 1})",(Portuguese),_paPunjabi
11321,8901,40,"Counter({'n': 799, 'ɨ': 757, 'a': 678, 'd': 481, 'ː': 460, 'ə': 444, 'r': 439, 'l': 320, 'ɡ': 297, 'ɔ': 294, 'h': 277, 'ø': 266, 'ʌ': 248, 'ɛ': 246, 'ð': 241, 'b': 228, 'ʊ': 226, 'ɑ': 224, 'm': 220, 'ɪ': 214, 'v': 168, 'e': 150, 's': 149, 'k': 123, 'u': 117, 'j': 113, 'θ': 104, 'i': 101, 't': 87, 'w': 87, 'p': 85, 'ɬ': 77, 'o': 76, 'x': 43, 'f': 40, 'ç': 9, 'ʃ': 8, 'ŋ': 5})",(Quechua),_cyWelsh
11323,8940,37,"Counter({'ə': 1319, 'n': 788, 't': 623, 'i': 569, 's': 548, 'r': 525, 'd': 377, 'ɐ': 347, 'x': 340, 'ɛ': 332, 'l': 323, 'f': 276, 'ɔ': 256, 'k': 222, 'm': 220, 'v': 196, 'h': 186, 'æ': 183, 'ː': 172, 'ɑ': 145, '̃': 143, 'ɪ': 141, 'o': 116, 'ʊ': 107, 'b': 84, 'p': 78, 'u': 71, 'ŋ': 59, 'w': 46, 'œ': 40, 'e': 36, 'ø': 32, 'y': 30, 'ʃ': 7, 'j': 3})",(Quechua),_afAfrikaans
11328,9354,44,"Counter({'ə': 805, 'n': 790, 'ː': 739, 't': 610, 'ɑ': 492, 'ʀ': 452, 'l': 381, 'e': 363, 'i': 361, 'd': 312, 'æ': 292, 'u': 291, 'f': 268, 'ʁ': 264, 'o': 217, 'z': 205, 'ɪ': 196, 'ʦ': 184, 'm': 175, 'k': 169, 'ɕ': 164, 'v': 160, 's': 144, 'g': 143, 'ʃ': 140, 'h': 133, 'ʊ': 130, 'a': 127, 'p': 119, 'ɳ': 113, 'ɜ': 111, 'b': 98, 'j': 77, 'ɐ': 28, 'ɛ': 26, 'ʑ': 16, 'X': 14, 'w': 13, 'ʒ': 10, 'y': 8, '̃': 8, 'œ': 6})",(Russian),_lbLuxembourgish
11331,9489,38,"Counter({'æ': 1022, 'a': 944, 'i': 888, 'n': 615, 'd': 492, 'r': 421, 'm': 382, 't': 379, 'ɯ': 370, 's': 355, 'l': 309, 'ɫ': 300, 'ɡ': 247, 'u': 241, 'j': 240, 'h': 232, 'v': 232, 'b': 228, 'y': 201, 'ʃ': 198, 'ɾ': 197, 'e': 149, 'x': 147, 'z': 137, 'c': 122, 'o': 120, 'ç': 80, 'œ': 72, 'ʒ': 56, 'f': 45, 'ɟ': 17, 'p': 16, 'ɪ': 15, 'ː': 15, 'ɣ': 4, 'ə': 1})",(Russian),_azAzerbaijani
11338,9260,32,"Counter({'a': 1193, 'ɑ': 805, 'e': 753, 'd': 656, 'r': 511, 'ː': 451, 't': 417, 'n': 414, 'i': 410, 'm': 400, 'h': 365, 'o': 300, 'b': 274, 's': 251, 'j': 222, 'v': 212, 'z': 205, 'k': 186, 'ʃ': 180, 'l': 177, 'q': 177, '1': 177, 'u': 128, 'x': 99, 'ʔ': 94, 'ʒ': 83, 'f': 62, 'ɡ': 43, 'p': 12, 'ɪ': 3})",(Spanish),_faPersian
11338,9177,35,"Counter({'ə': 1608, 'i': 779, 's': 665, 't': 651, 'n': 518, 'l': 505, 'a': 391, 'u': 386, 'ɾ': 379, 'k': 330, 'z': 293, 'ð': 275, 'p': 255, 'o': 245, 'r': 242, 'm': 234, 'd': 215, 'e': 193, 'ɛ': 165, 'β': 153, 'w': 116, 'ɔ': 111, 'j': 92, 'b': 80, 'ʎ': 54, 'f': 53, 'ʒ': 50, 'ɣ': 37, 'ŋ': 36, 'ɡ': 34, 'ʃ': 14, 'ɲ': 12, 'ɱ': 6})",(Russian),_caCatalan
11360,9688,37,"Counter({'ː': 868, 'a': 853, 'e': 843, 'i': 802, 'o': 734, 't': 636, 's': 521, 'n': 472, 'v': 441, 'r': 406, 'd': 288, 'p': 280, 'k': 279, 'l': 274, 'm': 252, 'u': 241, 'ɲ': 216, 'j': 178, 'z': 167, 'b': 163, 'ʃ': 156, 'ʒ': 93, 'x': 84, '̝': 82, 'h': 81, 'c': 55, '̊': 47, 'f': 43, 'ʊ': 42, 'ɟ': 39, 'ɪ': 18, '̩': 17, 'ɡ': 8, 'ɣ': 5, 'ŋ': 4})",(Portuguese),_csCzech
11361,9417,37,"Counter({'a': 1071, 'ɔ': 950, 'e': 832, 'ɾ': 820, 't': 602, 'i': 601, 'ʃ': 522, 'k': 518, 'd': 474, 'ʰ': 461, 'n': 415, 'b': 391, 'o': 358, 'm': 249, 'u': 159, 'p': 148, 'ʒ': 116, 'h': 103, 'l': 98, 'ɟ': 95, 'ʈ': 70, 'ŋ': 68, 'j': 67, 'æ': 54, 'ɡ': 54, 'ː': 30, 's': 22, 'r': 21, '.': 16, 'w': 11, '̃': 10, 'f': 6, 'ɖ': 2, 'ɪ': 2, 'ɛ': 1})",(Quechua),_bnBengali
11364,9084,44,"Counter({'ə': 1162, 'a': 740, 'n': 665, 'ɾ': 517, 'ʲ': 468, 'ɡ': 402, 'x': 380, 's': 373, 'ː': 328, 'u': 281, 'ɪ': 266, 'ɔ': 257, 'i': 255, 'd': 228, 'k': 202, '̪': 196, 'ɣ': 185, 'h': 180, 't': 173, 'ɛ': 149, 'v': 145, 'm': 140, 'e': 137, 'ɯ': 129, 'ɕ': 121, 'l': 115, 'ɫ': 100, 'b': 95, 'ɲ': 77, 'ç': 71, 'c': 69, 'ʰ': 69, 'ɤ': 65, 'ʊ': 64, 'f': 63, 'ʎ': 49, 'o': 45, 'r': 42, 'ʝ': 39, 'p': 35, 'ʃ': 4, 'j': 3})",(Spanish),_gdGaelic (Scottish)
11365,9863,27,"Counter({'a': 1169, 's': 899, 't': 826, 'e': 769, 'n': 700, 'i': 630, 'k': 600, 'l': 544, 'ː': 531, 'o': 494, 'u': 452, 'ɪ': 368, 'æ': 304, 'm': 294, 'j': 235, 'v': 188, 'y': 185, 'r': 181, 'h': 161, 'p': 120, 'd': 104, 'ŋ': 69, 'ø': 37, 'b': 2, 'ɡ': 1})",(English),_fiFinnish
11367,10015,34,"Counter({'i': 1387, 'a': 1182, 'ː': 904, 's': 818, 't': 713, 'u': 628, 'e': 605, 'n': 447, 'r': 438, 'ʋ': 363, 'b': 291, 'k': 262, 'm': 261, 'l': 255, 'p': 243, 'd': 241, 'o': 208, 'z': 161, 'j': 135, '͡': 127, 'ɡ': 97, 'ʃ': 91, 'æ': 57, 'ɲ': 47, 'ʎ': 18, 'ɟ': 12, 'f': 5, 'ʒ': 5, '`': 5, 'c': 5, 'ŋ': 3, 'h': 1})",(Korean),_lvLatvian
11371,9898,31,"Counter({'a': 2139, 'n': 967, 'i': 771, 't': 753, 's': 625, 'u': 612, 'k': 585, 'q': 404, 'p': 384, 'j': 369, 'r': 335, 'm': 333, 'e': 264, 'ʃ': 259, 'o': 255, 'h': 175, 'ʎ': 130, 'w': 126, 'd': 116, 'l': 108, 'b': 35, 'ʔ': 32, 'ɲ': 28, '`': 28, 'ɡ': 23, 'f': 17, 'ː': 11, 'v': 8, 'z': 6})",(Japanese),_quQuechua
11373,9628,35,"Counter({'æ': 1443, 'y': 1388, 'n': 525, 'ɾ': 513, 'ɑ': 456, 't': 447, 'ʊ': 408, 'd': 383, 'q': 354, 'k': 338, 'm': 336, 'ɫ': 334, 'l': 285, 'b': 264, 'ʃ': 254, 'j': 252, 's': 246, 'h': 221, 'ɡ': 211, 'e': 204, 'ʋ': 158, 'o': 105, 'ŋ': 93, 'z': 92, 'S': 88, 'ʒ': 61, 'f': 45, 'χ': 40, 'ʔ': 39, 'ː': 16, 'ʁ': 15, 'p': 11, 'i': 3})",(Spanish),_uzUzbek
11378,9494,35,"Counter({'æ': 1457, 'y': 1333, 'ɾ': 534, 'n': 502, 't': 445, 'ɑ': 427, 'ʊ': 417, 'd': 387, 'q': 349, 'k': 329, 'm': 320, 'ɫ': 311, 'b': 286, 'l': 272, 'ʃ': 255, 's': 246, 'j': 243, 'ɡ': 226, 'h': 214, 'e': 199, 'ʋ': 141, 'o': 117, 'S': 108, 'z': 91, 'ŋ': 74, 'ʒ': 58, 'χ': 50, 'ʔ': 36, 'f': 29, 'ː': 16, 'p': 13, 'ʁ': 8, 'a': 1})",(Arabic),_uzUzbek
11400,9843,35,"Counter({'ə': 1450, 'ɨ': 1153, 'a': 1026, 't': 803, 'n': 544, 'm': 537, 's': 373, 'ʔ': 370, 'l': 356, 'w': 340, 'j': 320, '`': 241, 'β': 237, 'r': 236, 'k': 226, 'u': 187, 'd': 180, 'ɡ': 178, 'h': 171, 'o': 159, 'b': 154, 'ʃ': 150, 'i': 142, 'ɲ': 74, 'f': 63, 'e': 63, 'z': 53, 'ʒ': 34, 'ç': 10, 'x': 6, 'p': 3, 'ː': 3, 'ɪ': 1})",(English),_amAmharic
11411,9948,36,"Counter({'a': 1003, 'o': 812, 't': 727, 'i': 574, 'ː': 574, 'n': 553, 'ɪ': 503, '̪': 439, 'β': 436, 'j': 431, 's': 422, 'r': 386, 'u': 356, 'ɛ': 351, 'd': 346, 'p': 249, 'z': 228, 'm': 221, 'k': 197, 'b': 170, 'ʃ': 167, 'ʎ': 148, 'ɲ': 136, 'ʒ': 112, 'h': 111, 'x': 88, 'l': 80, 'f': 46, 'e': 26, 'ʲ': 17, 'v': 17, 'ɣ': 15, 'ɡ': 5, 'ə': 2})",(Korean),_ukUkrainian
11412,9385,32,"Counter({'i': 1511, 'a': 994, 'e': 978, 'o': 871, 's': 780, 't': 640, 'n': 612, 'r': 416, 'k': 336, 'p': 333, 'm': 288, 'ð': 267, 'θ': 200, 'l': 182, 'c': 177, 'u': 171, 'f': 117, 'z': 72, 'd': 71, 'j': 61, 'ç': 59, 'v': 54, 'x': 50, 'ɣ': 46, 'b': 32, 'ŋ': 21, 'ɡ': 17, 'ɲ': 16, 'ʎ': 12, 'ɪ': 1})",(Portuguese),_elGreek
11427,9992,35,"Counter({'ː': 1341, 'a': 881, 'i': 808, 'n': 674, 't': 587, 'ɔ': 572, 's': 539, 'r': 459, 'ɛ': 432, 'ʋ': 361, 'd': 333, 'j': 324, 'e': 323, 'p': 271, 'u': 247, 'l': 232, 'k': 227, 'm': 226, 'ʃ': 200, 'o': 199, 'z': 158, 'b': 127, 'ɡ': 122, 'w': 97, 'ʒ': 82, 'ə': 61, 'h': 58, 'ʎ': 18, 'x': 15, 'ɲ': 10, 'ɣ': 3, 'ŋ': 3, 'f': 2})",(Korean),_slSlovenian
11430,9626,41,"Counter({'ə': 1133, 'n': 1009, 't': 691, 'r': 641, 'ː': 609, 'ɛ': 548, 'ɪ': 464, 'd': 445, 'l': 318, 'v': 306, 'ɑ': 287, 's': 283, 'ɔ': 269, 'e': 252, 'i': 246, 'k': 204, 'm': 201, 'ɣ': 195, 'a': 193, 'x': 183, 'h': 182, 'ʋ': 130, 'z': 119, 'f': 113, 'ŋ': 107, 'p': 107, 'o': 101, 'b': 96, 'y': 44, 'u': 33, 'ɵ': 31, 'ʃ': 23, 'œ': 20, 'ʌ': 11, 'ʊ': 11, 'ø': 9, 'j': 6, 'w': 4, 'ɾ': 2})",(Korean),_nlDutch
11432,9761,38,"Counter({'a': 1013, 'o': 896, 'e': 741, 'i': 735, 't': 687, 'ː': 645, 's': 490, 'n': 471, 'v': 429, 'r': 422, 'd': 335, 'u': 325, 'k': 310, 'p': 282, 'l': 264, 'm': 233, 'ʲ': 214, 'j': 183, 'ɲ': 171, 'ʃ': 170, 'b': 168, 'z': 126, 'ʒ': 98, 'h': 80, 'x': 75, 'ʎ': 54, 'w': 34, 'f': 31, 'ʑ': 23, 'ʊ': 15, '̩': 14, 'ɡ': 10, 'æ': 6, 'ŋ': 5, 'ɾ': 3, 'ɣ': 3})",(Portuguese),_skSlovak
11435,9887,38,"Counter({'a': 1834, 'ə': 1098, 'n': 766, 'i': 534, 'd': 508, 't': 505, 'r': 482, 's': 448, 'm': 405, 'u': 381, 'k': 360, 'p': 349, 'b': 281, 'h': 269, 'ŋ': 265, 'l': 260, 'o': 177, 'ʔ': 156, 'ɾ': 113, 'ɡ': 98, 'ɛ': 93, 'j': 70, 'ɲ': 66, 'e': 65, 'ʒ': 58, 'ɪ': 48, 'w': 46, 'ɔ': 46, 'ʃ': 41, 'ʊ': 35, 'f': 14, 'v': 7, 'z': 3, 'x': 2, 'ɹ': 2, 'ː': 2})",(Korean),_msMalay
11436,9665,37,"Counter({'ɑ': 1002, 'e': 738, 'r': 604, 'i': 596, 'n': 534, 'd': 448, 'm': 439, 'ɯ': 427, 'ʊ': 424, 'ɫ': 348, 't': 343, 'l': 302, 'o': 293, 'β': 278, 'ː': 245, 'ʃ': 240, 'θ': 237, 'q': 227, 'j': 227, 'ʁ': 215, 'k': 197, 'ø': 148, 'ŋ': 147, 'ð': 142, 'œ': 141, 'x': 115, 'ɡ': 105, 'h': 95, 'ʒ': 94, 'b': 83, 'æ': 77, 'p': 71, 'ɪ': 58, 'ɛ': 16, 's': 9})",(Russian),_tkTurkmen
11446,9746,46,"Counter({'e': 778, 'æ': 745, 'r': 689, 'n': 547, 'ɑ': 519, 't': 519, 'i': 479, 'ɯ': 439, 'ɒ': 408, 'ɫ': 382, 'm': 345, 'q': 344, 'k': 272, 'l': 270, 'u': 262, 's': 260, 'b': 224, 'j': 207, 'd': 193, 'o': 176, 'ʃ': 171, 'ʁ': 163, 'x': 137, 'ɣ': 136, 'z': 135, 'h': 120, 'w': 104, 'ŋ': 103, 'y': 99, 'œ': 85, 'ʔ': 84, 'ɕ': 81, 'ɪ': 55, 'p': 44, 'ʑ': 42, 'ɛ': 30, 'v': 29, 'ɹ': 29, 'f': 23, 'a': 12, 'ʒ': 2, 'ə': 2, 'ʌ': 1, 'ː': 1})",(Chinese),_ttTatar
11448,9346,44,"Counter({'ə': 854, 'ː': 765, 'n': 755, 't': 618, 'ɑ': 454, 'ʀ': 438, 'e': 396, 'i': 366, 'd': 361, 'l': 355, 'u': 282, 'ʁ': 281, 'æ': 261, 'f': 252, 'o': 209, 'z': 198, 'ʦ': 193, 'ɪ': 193, 'm': 186, 'ɕ': 169, 'v': 166, 's': 156, 'k': 154, 'g': 153, 'h': 142, 'ʃ': 132, 'ɳ': 129, 'a': 118, 'p': 112, 'ɜ': 111, 'ʊ': 99, 'b': 96, 'j': 59, 'ɐ': 32, 'ɛ': 25, 'ʑ': 18, 'X': 14, 'y': 13, '̃': 12, 'w': 9, 'ʒ': 9, 'œ': 1})",(Arabic),_lbLuxembourgish
11450,9478,36,"Counter({'a': 872, 'ɛ': 845, 'ɔ': 794, 't': 661, 'd': 423, 'ɨ': 423, 'n': 383, 'ɕ': 374, 'v': 364, 'i': 356, 'm': 343, 's': 322, 'r': 313, 'ʲ': 265, 'p': 255, 'k': 252, 'u': 249, 'ʃ': 237, 'j': 235, 'ɲ': 220, 'l': 165, 'ʒ': 152, 'b': 148, 'ʑ': 141, 'f': 139, 'z': 137, 'ɡ': 126, 'w': 95, 'x': 78, '̃': 67, 'ː': 23, 'ŋ': 11, 'ɣ': 8, 'c': 2})",(Quechua),_plPolish
11458,9137,44,"Counter({'ə': 1142, 'a': 743, 'n': 620, 'ɾ': 538, 'ʲ': 506, 'ɡ': 402, 's': 393, 'x': 375, 'ː': 327, 'u': 294, 'ɪ': 268, 'i': 266, 'ɔ': 264, 'd': 232, 'k': 197, 'ɣ': 191, '̪': 181, 'h': 174, 't': 168, 'ɛ': 158, 'v': 149, 'm': 148, 'ɕ': 134, 'ɯ': 128, 'l': 123, 'e': 122, 'ɫ': 110, 'b': 104, 'ɤ': 74, 'ç': 74, 'ɲ': 68, 'ʊ': 67, 'f': 63, 'c': 60, 'ʰ': 60, 'o': 55, 'r': 43, 'ʎ': 38, 'p': 37, 'ʝ': 35, 'j': 5, 'ʃ': 1})",(Russian),_gdGaelic (Scottish)
11466,9031,45,"Counter({'ə': 1150, 'a': 739, 'n': 627, 'ʲ': 485, 'ɾ': 485, 'ɡ': 397, 's': 374, 'x': 357, 'ː': 334, 'u': 276, 'i': 274, 'ɔ': 271, 'ɪ': 255, 'd': 225, 'ɣ': 199, 'h': 191, 'k': 181, '̪': 180, 't': 156, 'm': 152, 'ɛ': 145, 'v': 137, 'l': 137, 'ɯ': 127, 'e': 123, 'ɕ': 118, 'ɫ': 113, 'b': 112, 'ɲ': 80, 'ç': 74, 'c': 72, 'ʰ': 72, 'ɤ': 71, 'f': 69, 'ʊ': 63, 'o': 48, 'ʎ': 44, 'r': 38, 'ʝ': 36, 'p': 32, 'j': 7, 'ʃ': 4, 'ŋ': 1})",(Arabic),_gdGaelic (Scottish)
11472,8793,26,"Counter({'a': 2124, 'k': 1039, 'o': 948, 'i': 752, 'e': 702, 'n': 618, 'u': 544, 'ː': 490, 'l': 431, 'h': 406, 'm': 355, 'p': 211, 'w': 72, 'ʔ': 51, 't': 16, 'ʋ': 11, 'ɹ': 6, 's': 4, 'd': 4, 'r': 3, 'b': 3, 'ɡ': 1, 'z': 1, 'f': 1})",(Portuguese),_hawHawaiian
11475,9252,40,"Counter({'e': 959, 'o': 865, 't': 712, 'æ': 685, 'a': 640, 'n': 555, 'ɪ': 507, 'd': 502, 's': 493, 'v': 459, 'r': 397, 'i': 348, 'm': 302, 'k': 237, 'p': 221, 'l': 212, 'b': 178, 'z': 150, 'j': 138, 'ʃ': 126, 'ɡ': 118, 'u': 81, 'ʒ': 77, 'ɕ': 61, 'ɛ': 55, 'ʊ': 51, 'ɲ': 30, '̩': 20, '^': 19, 'f': 16, 'ʑ': 16, 'ə': 6, 'ː': 4, 'ɹ': 3, 'h': 3, 'ɾ': 3, 'ɑ': 2, 'w': 1})",(Quechua),_mkMacedonian
11482,9786,35,"Counter({'ɑ': 1133, 'e': 924, 'ə': 842, 'n': 590, 'ɪ': 532, 't': 526, 'ɾ': 525, 'q': 472, 'm': 392, 'd': 376, 'ɫ': 350, 's': 348, 'b': 306, 'k': 303, 'j': 244, 'w': 206, 'ʀ': 195, 'o': 187, 'ʒ': 161, 'z': 155, 'ʊ': 150, 'æ': 146, 'ɡ': 115, 'ŋ': 113, 'p': 104, 'ʃ': 87, 'l': 83, 'u': 68, 'ɵ': 52, 'a': 50, 'r': 33, 'x': 16, 'f': 2})",(Japanese),_kkKazakh
11488,9664,35,"Counter({'ɔ': 1092, 'a': 922, 'ɾ': 813, 'i': 670, 'e': 636, 't': 593, 'ʃ': 544, 'k': 528, 'ʰ': 488, 'n': 468, 'o': 454, 'b': 443, 'd': 438, 'm': 244, 'p': 193, 'u': 181, 'ɟ': 125, 'ŋ': 105, 'h': 96, 'j': 92, 'ɡ': 91, 'l': 83, 'ʒ': 82, 'æ': 76, 'ʈ': 62, 's': 41, 'r': 39, 'ː': 28, 'w': 12, '.': 10, 'ɖ': 5, '̃': 5, 'f': 5})",(Japanese),_bnBengali
11492,9532,44,"Counter({'ə': 845, 'n': 823, 'ː': 755, 't': 661, 'ʀ': 464, 'ɑ': 459, 'i': 377, 'd': 370, 'e': 356, 'l': 343, 'u': 319, 'f': 292, 'æ': 287, 'ʁ': 287, 'o': 227, 'm': 198, 'ɪ': 190, 'k': 181, 'ʦ': 174, 'v': 168, 'z': 164, 'ɕ': 163, 'g': 146, 'ʃ': 141, 'h': 131, 's': 128, 'a': 122, 'ɳ': 122, 'ʊ': 113, 'ɜ': 113, 'p': 107, 'b': 82, 'j': 65, 'ɛ': 37, 'ɐ': 28, 'ʑ': 27, 'X': 15, 'w': 15, '̃': 15, 'y': 10, 'ʒ': 7, 'œ': 5})",(Spanish),_lbLuxembourgish
11497,9500,47,"Counter({'ː': 1662, 'a': 1206, 'k': 546, 'i': 513, 'r': 500, 'e': 459, 'n': 372, 'm': 358, 'h': 342, 'ɪ': 279, 't': 268, 's': 254, 'l': 230, 'd': 218, 'o': 211, 'q': 193, 'ə': 184, 'ʌ': 173, 'ʊ': 152, 'b': 130, 'z': 116, 'ɔ': 114, 'j': 95, 'u': 90, '̃': 90, 'ɛ': 90, 'f': 76, 'ɟ': 76, 'ʋ': 61, 'p': 61, 'ʂ': 59, 'ʃ': 58, 'x': 54, 'ɡ': 43, 'ʈ': 41, 'ʰ': 39, 'ʐ': 28, 'c': 27, 'ɣ': 23, 'w': 3, '.': 2, 'ð': 1, 'ŋ': 1, 'ɾ': 1, 'ɖ': 1})",(Korean),_urUrdu
11499,9731,36,"Counter({'ɔ': 906, 'a': 875, 'ɛ': 830, 't': 683, 'n': 418, 'ɨ': 396, 'r': 383, 's': 383, 'd': 377, 'v': 371, 'i': 358, 'p': 345, 'u': 293, 'k': 288, 'ɲ': 282, 'ʲ': 276, 'ɕ': 268, 'j': 244, 'ʃ': 238, 'm': 233, 'l': 201, 'f': 151, 'w': 148, 'z': 143, 'ɡ': 128, 'b': 126, 'ʒ': 119, 'ʑ': 83, 'x': 79, '̃': 53, 'ː': 29, 'ŋ': 17, 'ɣ': 6, 'c': 1})",(English),_plPolish
11500,9743,36,"Counter({'ɔ': 927, 'a': 897, 'ɛ': 793, 't': 690, 'n': 424, 's': 402, 'r': 401, 'v': 384, 'ɨ': 369, 'd': 346, 'i': 343, 'p': 334, 'u': 333, 'k': 293, 'ʲ': 286, 'ɲ': 270, 'j': 264, 'ɕ': 248, 'ʃ': 229, 'm': 220, 'l': 183, 'f': 162, 'z': 158, 'w': 147, 'b': 127, 'ɡ': 121, 'ʒ': 106, 'ʑ': 89, 'x': 76, '̃': 66, 'ː': 20, 'ŋ': 17, 'ɣ': 17, 'c': 1})",(Portuguese),_plPolish
11509,9588,46,"Counter({'ə': 992, 'ː': 877, 'n': 746, '̪': 414, 'i': 398, 'ɐ': 394, 't': 392, 'r': 390, 'ʲ': 365, 'ɪ': 341, 'ɡ': 318, 'x': 313, 's': 289, 'l': 287, 'ʃ': 240, 'd': 236, 'a': 219, 'A': 205, 'ɑ': 205, 'ɛ': 179, 'u': 165, 'k': 152, 'e': 150, 'ɹ': 137, 'h': 135, 'ʊ': 133, 'o': 111, 'ɔ': 103, 'v': 101, '̯': 100, 'f': 81, 'm': 77, 'ʒ': 64, 'b': 57, 'c': 42, 'j': 42, 'ç': 40, 'p': 29, 'χ': 19, 'w': 17, 'ɣ': 16, 'ŋ': 6, 'ʁ': 6, '̆': 5})",(Korean),_gaGaelic (Irish)
11514,9360,38,"Counter({'ː': 1372, 'r': 791, 'a': 662, 'n': 627, 't': 617, 'l': 550, 'ɛ': 402, 'ə': 386, 'i': 380, 's': 342, 'v': 301, 'e': 263, 'ɑ': 222, 'ɪ': 221, 'k': 221, 'u': 200, 'f': 193, 'd': 186, 'ɡ': 184, 'h': 181, 'm': 177, 'ɔ': 162, 'o': 153, 'ʉ': 80, 'ʃ': 80, 'b': 73, 'ŋ': 66, 'p': 61, 'j': 55, 'y': 47, 'ø': 29, 'œ': 21, 'ʊ': 18, 'ʂ': 17, 'x': 13, 'ɹ': 7})",(Quechua),_noNorwegian Bokmål
11519,9766,34,"Counter({'e': 998, 'a': 973, 'i': 885, 't': 826, 'o': 798, 'n': 658, 'r': 644, 'l': 571, 's': 500, 'd': 495, 'ɪ': 335, 'k': 231, 'p': 229, 'ʊ': 213, 'ː': 196, 'm': 180, 'v': 141, 'ɛ': 127, 'ʃ': 95, 'u': 94, 'b': 81, 'ɔ': 76, 'ɲ': 69, 'z': 65, 'f': 57, 'j': 53, 'w': 47, 'ʒ': 42, 'ɡ': 41, 'ɾ': 24, 'ʎ': 21, 'ŋ': 1})",(Korean),_itItalian
11520,9629,40,"Counter({'ɑ': 978, 'e': 734, 'i': 650, 'r': 593, 'n': 568, 'd': 432, 'm': 401, 'ʊ': 393, 'ɯ': 387, 't': 352, 'o': 328, 'ɫ': 327, 'l': 305, 'β': 258, 'ʃ': 258, 'ː': 249, 'θ': 249, 'j': 229, 'q': 223, 'ʁ': 207, 'k': 187, 'ø': 164, 'ŋ': 151, 'ð': 135, 'œ': 126, 'ɡ': 108, 'x': 106, 'ʒ': 90, 'b': 90, 'h': 89, 'p': 75, 'æ': 74, 'ɪ': 56, 'ɛ': 40, 's': 12, 'f': 2, 'v': 2, 'a': 1})",(Arabic),_tkTurkmen
11524,9896,41,"Counter({'n': 934, 't': 891, 'ː': 698, 'a': 689, 'ə': 641, 'ɪ': 563, 'd': 432, 's': 422, 'ɛ': 401, 'ɾ': 392, 'ʊ': 376, 'l': 348, 'f': 276, 'i': 229, 'r': 227, 'ɡ': 200, 'ç': 197, 'ɜ': 176, 'm': 158, 'z': 153, 'k': 151, 'e': 141, 'v': 134, 'ʃ': 133, 'ŋ': 117, 'o': 115, 'h': 110, 'b': 102, 'ɑ': 94, 'u': 72, 'ɔ': 71, 'j': 58, 'p': 53, 'x': 28, 'y': 27, 'ʏ': 25, 'ø': 25, 'œ': 23, 'ɐ': 14})",(Korean),_deGerman
11525,9598,42,"Counter({'ʔ': 1149, 'n': 563, 'ə': 562, 't': 545, 'l': 544, 's': 513, 'ʌ': 511, 'e': 461, 'a': 423, 'ε': 412, 'i': 395, 'ʁ': 279, 'ð': 233, 'f': 225, 'm': 212, 'k': 203, 'ɐ': 193, '̯': 193, 'd': 180, 'ɑ': 177, 'ʋ': 169, 'h': 167, 'ɒ': 160, '?': 140, 'o': 125, 'b': 120, 'ɡ': 109, 'u': 99, 'p': 95, 'j': 89, 'œ': 77, 'ɛ': 73, 'ŋ': 70, 'ː': 32, 'y': 32, 'w': 32, 'ʃ': 21, 'ɔ': 7, 'ɪ': 7, 'ɾ': 1})",(Russian),_daDanish
11531,9862,34,"Counter({'e': 1170, 't': 932, 'a': 929, 'i': 743, 'r': 576, 's': 539, 'n': 535, 'l': 517, 'u': 464, 'o': 397, 'p': 347, 'd': 324, 'ʃ': 287, 'ə': 277, 'k': 269, 'ɾ': 254, 'ʲ': 180, 'm': 173, 'ɪ': 147, 'j': 119, 'f': 99, 'b': 98, 'v': 95, 'ɨ': 95, 'z': 74, 'ɔ': 61, 'ʊ': 51, 'ɡ': 47, 'ʒ': 39, 'w': 14, 'ŋ': 6, 'h': 4})",(Korean),_roRomanian
11536,9278,38,"Counter({'i': 1231, 'a': 1156, 'e': 1074, 'o': 805, 'n': 664, 's': 662, 't': 611, 'm': 432, 'r': 356, 'k': 314, 'p': 279, 'u': 255, 'ð': 235, 'θ': 171, 'l': 171, 'f': 146, 'c': 132, 'x': 87, 'z': 85, 'v': 65, 'd': 63, 'j': 56, 'ç': 53, 'ɣ': 48, 'b': 44, 'ɲ': 19, 'ŋ': 18, 'ɡ': 18, 'ɪ': 10, 'ʎ': 5, 'ɛ': 5, 'ː': 3, 'w': 2, 'ʂ': 1, 'ə': 1, 'ʃ': 1})",(Quechua),_elGreek
11539,9316,35,"Counter({'ə': 1623, 'i': 745, 's': 646, 't': 645, 'n': 568, 'l': 506, 'u': 435, 'a': 394, 'ɾ': 379, 'z': 366, 'k': 317, 'ð': 268, 'p': 266, 'm': 253, 'd': 225, 'o': 225, 'r': 223, 'e': 190, 'ɛ': 172, 'β': 143, 'ɔ': 125, 'w': 110, 'j': 92, 'b': 84, 'ʎ': 61, 'ʒ': 60, 'ɣ': 55, 'f': 55, 'ŋ': 27, 'ɡ': 26, 'ʃ': 17, 'ɲ': 10, 'ɱ': 5})",(Japanese),_caCatalan
11540,9998,42,"Counter({'a': 990, 'ː': 914, 'r': 806, 'ɪ': 742, 'ɛ': 539, 'd': 534, 'n': 508, 's': 472, 'l': 404, 'y': 376, 'm': 306, 'ð': 306, 'h': 243, 'ɡ': 235, '#': 227, 'ʊ': 220, 'j': 216, 'ʋ': 199, 'f': 163, 'ɔ': 156, 'i': 155, 'e': 153, 'ə': 149, 'x': 144, 'θ': 113, 'ɣ': 105, 'ɟ': 87, 'ɾ': 87, 'b': 85, 't': 80, 'o': 71, 'ŋ': 57, 'œ': 52, 'u': 25, 'k': 22, 'ø': 19, 'c': 13, 'ɲ': 13, 'p': 6, 'ç': 6})",(Korean),_isIcelandic
11541,9811,38,"Counter({'ː': 864, 'a': 861, 'e': 837, 'i': 812, 'o': 762, 't': 620, 's': 530, 'n': 462, 'v': 440, 'r': 413, 'd': 328, 'p': 303, 'k': 288, 'l': 283, 'u': 267, 'm': 245, 'ɲ': 208, 'j': 200, 'z': 173, 'b': 167, 'ʃ': 141, 'ʒ': 96, '̝': 81, 'h': 76, 'x': 70, '̊': 54, 'c': 53, 'ʊ': 49, 'ɟ': 36, 'f': 34, '̩': 20, 'ɪ': 19, 'ɣ': 8, 'ɡ': 7, 'ŋ': 3, 'ʑ': 1})",(Spanish),_csCzech
11545,9795,32,"Counter({'a': 1878, 'ː': 1361, 'm': 559, 'n': 540, 'u': 463, 't': 453, 'ɪ': 436, 'i': 432, 'k': 419, 's': 345, 'r': 324, 'o': 280, 'd': 268, 'b': 251, 'e': 245, 'l': 243, 'ɡ': 224, 'f': 224, '?': 216, 'w': 165, '`': 129, 'h': 108, 'ʃ': 72, 'ʒ': 68, 'ð': 58, 'ɲ': 24, 'θ': 3, 'p': 3, 'Φ': 2, 'v': 2})",(English),_omOromo
11548,9735,35,"Counter({'æ': 1479, 'y': 1396, 'ɾ': 539, 'n': 519, 'ɑ': 459, 't': 448, 'ʊ': 397, 'd': 384, 'q': 357, 'k': 351, 'ɫ': 346, 'm': 327, 'l': 278, 'b': 272, 'ʃ': 270, 's': 252, 'j': 247, 'h': 216, 'e': 214, 'ɡ': 204, 'ʋ': 173, 'o': 110, 'z': 93, 'S': 84, 'ŋ': 77, 'ʒ': 65, 'χ': 51, 'ʔ': 44, 'f': 40, 'ː': 16, 'ʁ': 15, 'p': 9, 'i': 3})",(Russian),_uzUzbek
11551,9861,38,"Counter({'e': 1398, 'a': 1363, 'o': 1031, 'i': 677, 'ɾ': 592, 'u': 447, 't': 404, 'p': 387, 'm': 362, 'h': 352, 'β': 319, 'k': 312, 'd': 277, '̃': 246, 'ɣ': 221, 'y': 199, 'n': 189, 'l': 178, 's': 169, 'ŋ': 134, 'ʝ': 130, 'ʃ': 109, 'θ': 102, 'b': 97, 'ɲ': 83, 'ɡ': 23, 'f': 22, 'ː': 12, 'ɨ': 6, 'ɪ': 5, 'r': 5, 'ʒ': 3, 'ɛ': 2, 'v': 2, 'ə': 2, 'w': 1})",(English),_gnGuarani
11563,9637,39,"Counter({'ː': 1033, 'r': 745, 't': 727, 'a': 652, 'n': 581, 'ə': 540, 's': 473, 'l': 451, 'ɛ': 407, 'k': 353, 'ɪ': 345, 'd': 342, 'ɔ': 288, 'i': 239, 'm': 236, 'f': 212, 'v': 210, 'e': 208, 'ɡ': 180, 'h': 172, 'ɑ': 166, 'u': 123, 'p': 111, 'j': 110, 'o': 94, 'b': 91, 'ŋ': 89, 'ø': 84, 'ʉ': 75, 'x': 66, 'ɵ': 58, 'ʂ': 51, 'œ': 47, 'y': 46, 'ɕ': 19, 'ʊ': 12, 'ʃ': 1})",(Russian),_svSwedish
11564,10164,34,"Counter({'ː': 1121, 'ɛ': 1052, 'ɑ': 793, 't': 712, 'n': 599, 'l': 538, 'k': 496, 'ʃ': 483, 'i': 456, 'e': 414, 'o': 407, 'a': 343, 'm': 339, 'r': 251, 'ɡ': 250, 'z': 230, 's': 220, 'v': 205, 'ø': 186, 'b': 175, 'j': 162, 'd': 147, 'h': 138, 'ɟ': 132, 'y': 85, 'ɲ': 79, 'u': 50, 'f': 43, 'p': 39, 'ʎ': 11, 'c': 7, 'ʒ': 1})",(Korean),_huHungarian
11576,10108,38,"Counter({'ɐ': 915, 'n': 904, 'i': 666, 'ʌ': 576, 'ɯ': 563, 'h': 525, 'd': 494, 'o': 456, 't': 452, 'j': 429, 'q': 400, 's': 375, 'p': 330, 'ɾ': 323, 'w': 295, 'u': 283, 'ŋ': 282, 'ɡ': 269, 'ɫ': 258, 'e': 250, 'm': 244, 'ɕ': 240, 'ʑ': 168, 'ɛ': 141, 'ʃ': 68, 'k': 56, 'b': 50, 'r': 38, 'ə': 18, 'ɹ': 10, 'ʊ': 9, 'ː': 9, 'ɪ': 4, 'l': 4, 'a': 3, 'θ': 1})",(Chinese),_koKorean
11578,9769,38,"Counter({'æ': 1081, 'a': 953, 'i': 933, 'n': 562, 'd': 523, 'r': 428, 'm': 427, 't': 397, 's': 361, 'l': 355, 'ɯ': 329, 'ɫ': 289, 'j': 271, 'u': 269, 'ɡ': 261, 'h': 226, 'b': 225, 'v': 218, 'y': 210, 'ʃ': 204, 'ɾ': 197, 'e': 167, 'c': 147, 'z': 137, 'x': 118, 'o': 117, 'ç': 95, 'œ': 73, 'f': 56, 'ʒ': 55, 'ɟ': 27, 'p': 24, 'ː': 18, 'ɪ': 11, 'ɣ': 4, 'ə': 1})",(Japanese),_azAzerbaijani
11579,10003,32,"Counter({'a': 1485, 'e': 1262, 's': 749, 't': 735, 'i': 691, 'o': 609, 'k': 592, 'n': 560, 'ɾ': 543, 'u': 457, '̻': 421, '̺': 328, 'ð': 288, 'β': 265, 'l': 179, 'ɣ': 126, 'p': 106, 'r': 98, 'b': 82, 'ɪ': 78, 'm': 78, 'ɡ': 51, 'ɲ': 51, 'd': 46, 'ʊ': 44, 'f': 21, 'j': 19, 'ʎ': 17, 'ɟ': 13, 'ʃ': 9})",(English),_euBasque
11581,9957,33,"Counter({'t': 967, 'i': 915, 'e': 859, 'o': 856, 'n': 728, 'ɐ': 676, 'a': 570, 's': 569, 'v': 510, 'r': 445, 'd': 372, 'ː': 291, 'p': 283, 'ʃ': 270, 'k': 242, 'z': 179, 'm': 167, 'l': 139, 'b': 137, 'ə': 130, 'u': 127, 'ɫ': 112, 'j': 110, 'f': 89, 'ɡ': 75, 'ʒ': 74, 'ʲ': 23, 'x': 20, 'ɲ': 12, 'ʂ': 9, 'ʑ': 1})",(Portuguese),_bgBulgarian
11590,9214,36,"Counter({'ʁ': 763, 'a': 762, 'e': 583, 't': 573, 'l': 560, '̃': 534, 's': 528, 'd': 492, 'i': 468, 'ɛ': 458, 'ɔ': 322, 'ə': 319, 'k': 300, 'n': 288, 'p': 288, 'j': 214, 'ɑ': 200, 'y': 196, 'z': 189, 'm': 175, 'o': 162, 'w': 148, 'v': 131, 'u': 131, 'b': 98, 'f': 72, 'œ': 71, 'ʒ': 56, 'ɡ': 54, 'ø': 43, 'ʃ': 21, 'ɲ': 10, 'ː': 4, 'θ': 1})",(Chinese),_frFrench (Belgium)
11611,9483,37,"Counter({'ə': 1580, 'n': 748, 'r': 687, 't': 599, 'i': 559, 's': 477, 'ɛ': 415, 'l': 379, 'd': 362, 'ɐ': 342, 'f': 334, 'x': 329, 'k': 277, 'ɔ': 263, 'm': 211, 'ː': 195, 'æ': 187, 'v': 180, 'ɪ': 175, 'h': 174, 'ɑ': 165, 'p': 156, 'ŋ': 126, 'ʊ': 121, 'b': 109, 'u': 70, 'y': 58, 'ø': 48, 'œ': 47, 'w': 30, 'e': 28, '̃': 24, 'ʃ': 21, 'j': 5, 'ɡ': 2})",(Russian),_afAfrikaans
11615,8982,25,"Counter({'a': 2036, 't': 1015, 'e': 957, 'i': 793, 'k': 554, 'ɔ': 532, 'r': 454, 'u': 394, '""': 353, 'h': 341, 'm': 334, 'ŋ': 323, 'n': 311, 'f': 210, 'ɪ': 119, 'p': 103, 'w': 70, 'o': 27, 'ʊ': 24, 'ː': 19, 'ɛ': 5, 'd': 4, 's': 4})",(Portuguese),_miMāori
11618,9779,38,"Counter({'ː': 1275, 'r': 800, 'n': 715, 't': 704, 'l': 629, 'a': 611, 'ə': 448, 'ɛ': 410, 's': 380, 'i': 362, 'ɪ': 357, 'ɑ': 264, 'e': 256, 'u': 255, 'k': 239, 'ɡ': 228, 'f': 226, 'm': 219, 'v': 215, 'd': 200, 'ʉ': 137, 'h': 133, 'ɔ': 126, 'ŋ': 103, 'b': 92, 'p': 87, 'ʃ': 80, 'o': 70, 'j': 42, 'y': 38, 'œ': 18, 'ʊ': 18, 'ø': 17, 'ʂ': 12, 'x': 8, 'ɹ': 5})",(Portuguese),_noNorwegian Bokmål
11620,9737,41,"Counter({'y': 1417, 'æ': 1403, 'n': 545, 'ɾ': 529, 'ʊ': 462, 'm': 426, 't': 416, 'b': 373, 'k': 364, 'q': 363, 'ɑ': 359, 'ɫ': 305, 'd': 290, 'l': 287, 'ʃ': 270, 'z': 242, 'ɡ': 235, 'h': 223, 'e': 216, 'j': 209, 's': 171, 'o': 153, 'S': 125, 'ʋ': 101, 'ŋ': 67, 'χ': 47, 'ʒ': 39, 'f': 25, 'ʔ': 24, 'ː': 18, 'ʁ': 11, 'p': 10, 'i': 5, 'ɪ': 2, 'ʌ': 1, 'ə': 1, 'u': 1, 'ɛ': 1, 'v': 1})",(Quechua),_uzUzbek
11633,9378,36,"Counter({'i': 1435, 'a': 1081, 'e': 991, 'o': 869, 's': 715, 't': 655, 'n': 552, 'r': 407, 'p': 347, 'k': 343, 'm': 331, 'ð': 235, 'θ': 196, 'l': 180, 'u': 179, 'c': 173, 'f': 139, 'ç': 85, 'j': 80, 'v': 71, 'z': 60, 'd': 54, 'x': 45, 'b': 40, 'ɣ': 38, 'ŋ': 26, 'ɡ': 22, 'ɲ': 15, 'ʎ': 7, 'ʂ': 2, 'ɪ': 2, 'ə': 1, 'ʲ': 1, 'ʃ': 1})",(Arabic),_elGreek
11644,9355,37,"Counter({'ə': 1570, 'n': 701, 'r': 651, 't': 613, 'i': 580, 's': 463, 'd': 418, 'ɛ': 392, 'l': 362, 'x': 335, 'f': 320, 'ɐ': 307, 'ɔ': 282, 'k': 267, 'm': 229, 'ː': 208, 'v': 190, 'ɑ': 183, 'æ': 178, 'h': 173, 'ɪ': 170, 'p': 131, 'b': 111, 'ŋ': 100, 'ʊ': 99, 'u': 68, 'y': 62, 'œ': 50, 'ø': 38, 'w': 32, 'e': 25, '̃': 24, 'ʃ': 19, 'j': 3, 'ɡ': 1})",(Arabic),_afAfrikaans
11651,9412,43,"Counter({'a': 984, 'ə': 933, 'ɾ': 520, 'k': 515, 'ɪ': 493, 'd': 483, 'i': 434, 'n': 420, 'ʌ': 420, 'e': 418, 't': 412, '̃': 353, 'h': 290, 's': 275, 'v': 243, 'ʰ': 238, 'm': 192, 'ʊ': 180, 'l': 170, 'o': 149, 'ɟ': 144, 'p': 131, 'u': 116, 'b': 107, 'c': 98, 'ʃ': 93, 'ː': 92, 'ɛ': 92, 'ɳ': 84, 'ɡ': 78, 'ʈ': 76, 'z': 49, '+': 48, 'ɔ': 25, 'j': 19, 'r': 17, 'ɖ': 11, '.': 4, 'f': 4, 'ɭ': 1, 'x': 1})",(Spanish),_paPunjabi
11657,9042,25,"Counter({'a': 2070, 't': 1050, 'e': 938, 'i': 822, 'k': 582, 'ɔ': 496, 'r': 439, 'u': 416, '""': 375, 'h': 343, 'ŋ': 327, 'm': 305, 'n': 305, 'f': 207, 'p': 117, 'ɪ': 101, 'w': 81, 'ʊ': 21, 'ː': 21, 'o': 19, 'ɛ': 3, 'd': 2, 's': 2})",(English),_miMāori
11658,9308,39,"Counter({'t': 1042, 'ə': 832, 'ɛ': 784, 'r': 699, 'i': 604, 'n': 539, 'd': 386, 'a': 382, 'ɔ': 339, 's': 338, 'm': 288, 'p': 272, 'k': 262, 'ɪ': 232, 'u': 226, 'ɑ': 221, 'e': 217, 'ʃ': 192, 'j': 169, 'ʌ': 131, 'b': 125, 'v': 121, 'ɫ': 120, 'ð': 120, 'ɲ': 100, 'h': 75, 'z': 65, 'y': 65, 'ɕ': 64, 'l': 62, 'ʑ': 60, 'f': 60, 'ɡ': 45, 'ː': 29, 'θ': 28, 'ʒ': 10, 'w': 4})",(Arabic),_sqAlbanian
11665,9864,34,"Counter({'ɛ': 1025, 'ː': 852, 'ɑ': 809, 'n': 776, 't': 598, 'k': 583, 'o': 467, 'i': 461, 'l': 434, 'm': 348, 'ʃ': 343, 'e': 291, 'a': 273, 'z': 258, 'r': 255, 'ɡ': 241, 'h': 237, 'ɟ': 202, 'v': 197, 's': 188, 'b': 177, 'j': 173, 'd': 162, 'u': 136, 'ø': 120, 'y': 89, 'ɲ': 62, 'f': 53, 'p': 35, 'ʎ': 9, 'c': 9, 'ʒ': 1})",(Quechua),_huHungarian
11667,9763,39,"Counter({'o': 874, 'ɪ': 775, 't': 764, 'æ': 644, 'n': 573, 's': 530, 'ɛ': 469, 'v': 458, 'a': 449, 'd': 399, 'ɾ': 322, 'j': 314, 'k': 303, 'p': 284, 'e': 279, 'l': 259, 'ʊ': 257, 'm': 255, 'i': 195, 'b': 192, 'ʃ': 180, 'r': 169, 'z': 151, 'u': 147, 'ɲ': 117, 'ɡ': 83, 'ɑ': 75, 'ʎ': 72, 'ʒ': 57, 'h': 44, 'ɕ': 42, 'ʑ': 21, '̩': 3, 'f': 2, 'ŋ': 2, 'ə': 2, 'x': 1})",(Chinese),_hrCroatian
11674,9458,46,"Counter({'ː': 1648, 'a': 1195, 'k': 514, 'i': 504, 'r': 485, 'e': 455, 'h': 367, 'm': 366, 'n': 346, 'ɪ': 281, 't': 268, 's': 256, 'l': 229, 'd': 214, 'o': 208, 'q': 178, 'ə': 178, 'ʌ': 168, 'ʊ': 155, 'b': 146, 'ɔ': 118, 'z': 107, 'j': 101, '̃': 100, 'ɟ': 94, 'ɛ': 89, 'u': 85, 'f': 69, 'ʋ': 66, 'ɡ': 65, 'x': 62, 'p': 60, 'ʂ': 57, 'ʃ': 55, 'ʰ': 42, 'ʈ': 39, 'ʐ': 26, 'c': 25, 'ɣ': 22, 'w': 6, 'ð': 3, '.': 3, 'ɖ': 2, 'ŋ': 1})",(English),_urUrdu
11675,9737,38,"Counter({'o': 866, 'ɪ': 749, 't': 666, 'ɐ': 649, 'n': 587, 'ɛ': 560, 's': 548, 'r': 511, 'v': 494, 'a': 482, 'd': 449, 'p': 279, 'ʊ': 276, 'k': 273, 'l': 271, 'j': 260, 'm': 242, 'i': 195, 'e': 190, 'ʃ': 183, 'b': 174, 'z': 157, 'u': 148, 'ɲ': 104, 'ɡ': 101, 'ɑ': 77, 'ʒ': 62, 'h': 59, 'ʎ': 56, 'ɕ': 28, 'ʑ': 24, 'f': 8, '̩': 3, 'ɔ': 2, 'ə': 2, 'x': 2})",(Chinese),_srSerbian
11677,9959,33,"Counter({'ɪ': 1617, 'ɑ': 832, 'æ': 820, 'l': 646, 'n': 524, 'q': 514, 't': 484, 'u': 400, 'd': 393, 'ʃ': 381, 'm': 380, 'r': 364, 'k': 362, 'b': 266, 'j': 232, 'o': 224, 'h': 198, 's': 162, 'ɾ': 162, 'w': 153, 'ŋ': 105, 'z': 99, 'p': 96, 'y': 92, 'e': 90, 'ʁ': 90, 'œ': 88, 'ɡ': 69, 'χ': 61, 'ʒ': 51, 'a': 4})",(Chinese),_ugUyghur
11687,9948,28,"Counter({'a': 1080, 'e': 825, 's': 798, 't': 743, 'i': 685, 'k': 634, 'n': 630, 'o': 571, 'm': 535, 'ː': 513, 'l': 512, 'u': 450, 'æ': 416, 'ɪ': 306, 'v': 234, 'h': 230, 'j': 184, 'y': 170, 'p': 112, 'd': 109, 'r': 91, 'ŋ': 83, 'ø': 32, 'f': 2, 'q': 2, 'ɡ': 1})",(Quechua),_fiFinnish
11691,9454,39,"Counter({'t': 1047, 'ɛ': 869, 'ə': 824, 'r': 739, 'i': 627, 'n': 526, 'a': 387, 's': 384, 'd': 366, 'ɔ': 347, 'm': 298, 'p': 274, 'k': 262, 'u': 239, 'ɪ': 217, 'ɑ': 206, 'ʃ': 205, 'e': 200, 'j': 161, 'ð': 145, 'v': 128, 'b': 128, 'ɫ': 122, 'ʌ': 115, 'l': 83, 'ɲ': 80, 'h': 75, 'z': 65, 'y': 65, 'ʑ': 60, 'f': 60, 'ɕ': 51, 'ɡ': 36, 'θ': 32, 'ː': 21, 'ʒ': 5, 'w': 5})",(Russian),_sqAlbanian
11702,10133,32,"Counter({'a': 1514, 'e': 1251, 's': 761, 't': 757, 'i': 720, 'o': 596, 'n': 587, 'k': 584, 'ɾ': 565, 'u': 464, '̻': 433, '̺': 328, 'ð': 285, 'β': 262, 'l': 193, 'ɣ': 134, 'p': 104, 'r': 95, 'ɪ': 88, 'b': 76, 'm': 75, 'd': 58, 'ɲ': 45, 'ʊ': 40, 'ɡ': 38, 'f': 20, 'j': 20, 'ʎ': 18, 'ɟ': 15, 'ʃ': 7})",(Portuguese),_euBasque
11717,9782,38,"Counter({'o': 873, 'ɪ': 775, 't': 670, 'æ': 656, 'n': 577, 's': 545, 'v': 496, 'ɛ': 473, 'a': 467, 'd': 436, 'ɾ': 328, 'j': 305, 'p': 278, 'k': 277, 'ʊ': 270, 'l': 269, 'm': 250, 'e': 246, 'i': 211, 'r': 194, 'ʃ': 179, 'b': 172, 'z': 154, 'u': 148, 'ɲ': 109, 'ɡ': 99, 'ɑ': 82, 'ʒ': 63, 'ʎ': 59, 'h': 56, 'ɕ': 28, 'ʑ': 22, 'f': 8, '̩': 3, 'ə': 2, 'x': 2})",(Chinese),_bsBosnian
11723,9630,42,"Counter({'ʔ': 1176, 'n': 583, 'ə': 561, 't': 534, 'l': 517, 'ʌ': 503, 'e': 502, 's': 489, 'a': 424, 'i': 394, 'ε': 370, 'ʁ': 273, 'ð': 266, 'd': 255, 'f': 224, 'm': 209, 'ɑ': 203, 'k': 187, 'ʋ': 181, 'h': 179, 'ɐ': 172, '̯': 172, 'ɒ': 160, '?': 148, 'o': 112, 'ɡ': 110, 'u': 93, 'b': 92, 'j': 87, 'p': 86, 'ɛ': 85, 'œ': 66, 'ŋ': 65, 'ː': 40, 'w': 38, 'y': 36, 'ʃ': 21, 'ɔ': 11, 'ɪ': 5, 'ɾ': 1})",(Arabic),_daDanish
11723,10191,30,"Counter({'a': 1417, 'i': 1106, 's': 921, 'e': 831, 'ʰ': 617, 't': 559, 'r': 518, 'l': 457, 'b': 446, 'd': 436, 'o': 431, 'm': 378, 'v': 368, 'u': 342, 'n': 339, 'p': 179, 'k': 159, 'ʃ': 151, 'x': 141, 'ɡ': 135, 'q': 100, 'z': 72, 'ɣ': 47, 'ʒ': 22, 'c': 10, 'ə': 7, 'ɪ': 1, 'h': 1})",(English),_kaGeorgian
11725,10045,34,"Counter({'e': 1404, 'a': 1292, 'o': 1060, 'i': 685, 'ɾ': 679, 'u': 474, 't': 438, 'p': 434, 'm': 343, 'k': 328, 'β': 313, 'h': 302, 'd': 278, '̃': 263, 'y': 261, 'ɣ': 205, 'n': 198, 'l': 179, 's': 172, 'ŋ': 138, 'ʝ': 120, 'ʃ': 111, 'θ': 109, 'ɲ': 100, 'b': 90, 'f': 30, 'ɡ': 18, 'ɨ': 9, 'r': 7, 'ɳ': 2, 'ː': 2, 'j': 1})",(Portuguese),_gnGuarani
11730,9677,38,"Counter({'ː': 1044, 't': 751, 'r': 741, 'a': 647, 'n': 599, 'ə': 531, 's': 484, 'l': 437, 'ɛ': 423, 'd': 391, 'ɪ': 349, 'k': 322, 'ɔ': 267, 'i': 246, 'm': 241, 'v': 225, 'e': 223, 'f': 216, 'h': 183, 'ɡ': 176, 'ɑ': 164, 'u': 101, 'o': 98, 'j': 97, 'p': 96, 'ø': 92, 'ŋ': 90, 'b': 76, 'ʉ': 69, 'ɵ': 68, 'x': 64, 'y': 47, 'œ': 46, 'ʂ': 45, 'ɕ': 19, 'ʊ': 9})",(Arabic),_svSwedish
11732,10045,36,"Counter({'a': 1070, 'o': 832, 't': 754, 'n': 559, 'i': 535, 'ː': 535, 'ɪ': 511, 'β': 447, '̪': 442, 'j': 437, 's': 416, 'r': 390, 'u': 372, 'ɛ': 360, 'd': 334, 'p': 258, 'm': 242, 'z': 223, 'ʃ': 210, 'k': 185, 'b': 166, 'ɲ': 138, 'ʎ': 136, 'ʒ': 110, 'h': 103, 'l': 82, 'x': 74, 'f': 55, 'e': 26, 'v': 17, 'ɣ': 13, 'ʲ': 8, 'ɡ': 4, 'ə': 1})",(Portuguese),_ukUkrainian
11734,10365,31,"Counter({'a': 1572, 'n': 944, 't': 736, 'ʰ': 673, 'e': 598, 'k': 590, 'u': 564, 'i': 487, 'v': 455, 'ɹ': 442, 'j': 375, 's': 370, 'r': 341, 'm': 329, 'o': 307, 'ə': 252, 'h': 190, 'd': 187, 'ʃ': 151, 'p': 144, 'l': 138, 'ɡ': 98, 'z': 94, 'ʀ': 73, 'ɪ': 70, 'ʒ': 68, 'b': 62, 'χ': 53, 'ː': 2})",(Korean),_hyArmenian (East Armenia)
11739,9580,39,"Counter({'ə': 1580, 'n': 786, 'r': 680, 'i': 636, 't': 574, 's': 444, 'd': 420, 'l': 390, 'ɐ': 388, 'ɛ': 376, 'f': 356, 'x': 332, 'k': 297, 'ɔ': 274, 'm': 223, 'ː': 192, 'æ': 179, 'v': 178, 'ɑ': 172, 'h': 157, 'ɪ': 142, 'p': 133, 'ŋ': 115, 'ʊ': 112, 'b': 102, 'u': 73, 'œ': 55, 'y': 52, 'ø': 50, 'w': 29, 'e': 25, 'ʃ': 25, '̃': 23, 'j': 6, 'ɡ': 2, 'ʒ': 1, 'z': 1})",(Spanish),_afAfrikaans
11743,10471,34,"Counter({'a': 2246, 'ː': 992, 'i': 868, 'n': 771, 'u': 617, 'r': 591, 'k': 577, 'l': 313, 't': 312, 'm': 290, 'j': 273, 'd': 268, 'e': 263, 'ʋ': 257, 's': 217, 'p': 216, 'o': 192, 'c': 176, 'ʰ': 146, 'ʈ': 144, 'ɡ': 127, 'ɖ': 125, 'h': 111, 'b': 93, 'ɟ': 67, 'ɪ': 64, 'ʂ': 59, 'ɕ': 34, 'ɳ': 28, 'ʲ': 17, 'ʊ': 13, 'ɭ': 4})",(Korean),_teTelugu
11747,9525,39,"Counter({'t': 1053, 'ɛ': 860, 'ə': 830, 'r': 711, 'i': 622, 'n': 541, 'a': 386, 's': 376, 'd': 365, 'ɔ': 361, 'm': 308, 'k': 293, 'p': 261, 'u': 252, 'ɪ': 240, 'e': 215, 'ɑ': 207, 'ʃ': 202, 'j': 163, 'ð': 138, 'v': 133, 'b': 129, 'ɫ': 125, 'ʌ': 109, 'ɲ': 90, 'l': 83, 'y': 73, 'ʑ': 64, 'z': 63, 'h': 59, 'ɕ': 54, 'f': 51, 'ɡ': 42, 'θ': 40, 'ː': 14, 'ʒ': 8, 'w': 4})",(Spanish),_sqAlbanian
11747,9067,25,"Counter({'a': 2061, 't': 1024, 'e': 966, 'i': 873, 'k': 594, 'ɔ': 490, 'r': 437, 'u': 382, 'h': 366, '""': 338, 'm': 330, 'ŋ': 320, 'n': 304, 'f': 208, 'p': 110, 'ɪ': 96, 'w': 77, 'ː': 32, 'ʊ': 23, 'o': 20, 'ɛ': 6, 'd': 5, 's': 5})",(Russian),_miMāori
11749,9559,37,"Counter({'o': 1006, 'e': 905, 't': 821, 'n': 665, 'æ': 664, 'ɪ': 552, 's': 550, 'v': 537, 'a': 515, 'd': 425, 'r': 419, 'i': 311, 'l': 288, 'k': 272, 'p': 268, 'z': 181, 'm': 181, 'b': 154, 'j': 144, 'ɕ': 125, 'ɡ': 112, 'u': 98, 'ʊ': 74, 'ʃ': 71, 'ɲ': 54, 'ɛ': 51, 'ʒ': 42, '̩': 26, 'ʑ': 15, 'f': 14, '^': 7, 'h': 7, 'ɾ': 3, 'ə': 1, 'ɹ': 1})",(Arabic),_mkMacedonian
11749,9800,38,"Counter({'ː': 1031, 't': 803, 'r': 768, 'a': 642, 'ə': 571, 'n': 568, 's': 469, 'l': 454, 'ɛ': 430, 'k': 380, 'ɪ': 360, 'd': 347, 'ɔ': 288, 'm': 254, 'v': 235, 'i': 232, 'f': 206, 'e': 202, 'ɑ': 188, 'ɡ': 165, 'h': 156, 'u': 129, 'p': 103, 'ŋ': 100, 'j': 95, 'o': 94, 'b': 85, 'ʉ': 75, 'ø': 72, 'ɵ': 69, 'x': 67, 'y': 46, 'ʂ': 45, 'œ': 44, 'ɕ': 17, 'ʊ': 10})",(Spanish),_svSwedish
11752,10000,39,"Counter({'a': 1126, 'n': 653, 'ɛ': 569, 'ɪ': 545, 'k': 473, 'r': 466, 'ɯ': 425, 't': 397, 'm': 396, 'l': 380, 'd': 380, 'ɫ': 372, 'e': 350, 'i': 350, 's': 327, 'j': 313, 'ɾ': 250, 'ʃ': 240, 'h': 211, 'b': 197, 'v': 194, 'ʊ': 170, 'ø': 135, 'ː': 129, 'z': 122, 'u': 110, 'æ': 104, 'ɟ': 103, 'o': 90, 'œ': 88, 'y': 73, 'ɔ': 67, 'p': 59, 'ʒ': 49, 'c': 32, 'ɡ': 31, 'f': 24})",(Chinese),_trTurkish
11753,9650,32,"Counter({'a': 2142, 'i': 1295, 'u': 814, 'k': 692, 'n': 511, 'm': 475, 't': 438, 'w': 361, 'e': 315, 'l': 312, 'o': 294, 'h': 238, 'j': 212, 'z': 174, 'ʃ': 171, 's': 139, 'b': 138, 'f': 131, 'r': 127, 'ɟ': 113, 'd': 106, 'ɡ': 104, 'ŋ': 87, '̩': 80, 'p': 77, 'v': 35, 'ɲ': 30, 'ð': 29, 'θ': 6, 'ɣ': 4})",(Chinese),_swSwahili
11756,9672,35,"Counter({'e': 1261, 'a': 1112, 'o': 917, 'n': 720, 's': 686, 'ɾ': 609, 'i': 560, 't': 554, 'l': 495, 'ð': 468, 'j': 323, 'k': 307, 'u': 246, 'θ': 226, 'm': 220, 'p': 219, 'β': 162, 'd': 129, 'ʃ': 69, 'r': 56, 'ɛ': 55, 'w': 54, 'f': 52, 'ɣ': 46, 'x': 44, 'ɪ': 21, 'b': 18, 'ɡ': 11, 'ʝ': 10, 'ʎ': 7, 'ŋ': 6, 'ʊ': 6, 'ɲ': 3})",(English),_esSpanish (Spain)
11760,9797,42,"Counter({'ʔ': 1201, 'n': 586, 't': 556, 'ə': 551, 'l': 547, 'ʌ': 515, 'e': 511, 's': 474, 'a': 437, 'i': 406, 'ε': 395, 'ʁ': 288, 'ð': 242, 'f': 231, 'd': 219, 'k': 211, 'm': 203, 'ɑ': 196, 'ʋ': 187, 'ɐ': 175, '̯': 175, 'ɒ': 172, 'h': 155, '?': 143, 'o': 134, 'b': 118, 'ɡ': 117, 'u': 97, 'ɛ': 90, 'p': 87, 'j': 86, 'ŋ': 83, 'œ': 57, 'y': 37, 'w': 36, 'ː': 34, 'ʃ': 32, 'ɔ': 8, 'ɪ': 4, 'ɾ': 1})",(Spanish),_daDanish
11770,10119,36,"Counter({'ə': 1500, 'ɨ': 1251, 'a': 973, 't': 795, 'n': 667, 'm': 571, 'l': 438, 'ʔ': 348, 's': 346, 'j': 329, 'w': 322, 'r': 234, 'β': 224, 'd': 215, 'ɡ': 202, 'u': 199, 'ʃ': 192, 'h': 185, '`': 182, 'k': 169, 'b': 168, 'o': 168, 'i': 120, 'ɲ': 94, 'z': 61, 'e': 57, 'f': 50, 'ʒ': 28, 'ç': 20, 'ː': 4, 'x': 4, 'v': 1, 'ɛ': 1, 'ɪ': 1})",(Quechua),_amAmharic
11771,9829,37,"Counter({'e': 914, 'i': 893, 't': 824, 'ɐ': 732, 'o': 693, 'a': 653, 'n': 597, 's': 529, 'd': 480, 'v': 461, 'r': 451, 'ː': 330, 'm': 293, 'k': 266, 'p': 255, 'ʃ': 239, 'b': 174, 'z': 170, 'ə': 154, 'f': 109, 'ʒ': 100, 'ɫ': 92, 'l': 91, 'u': 82, 'ɡ': 80, 'j': 69, 'ʲ': 41, 'x': 28, 'ʂ': 10, 'ɲ': 8, 'ɪ': 4, 'ɛ': 3, 'ʑ': 2, 'ç': 1, 'w': 1})",(Quechua),_bgBulgarian
11771,9670,34,"Counter({'i': 1507, 'a': 1031, 'e': 977, 'o': 949, 's': 793, 't': 652, 'n': 571, 'r': 433, 'k': 375, 'p': 364, 'm': 294, 'ð': 260, 'θ': 223, 'l': 189, 'c': 186, 'u': 184, 'f': 136, 'd': 72, 'j': 66, 'ç': 65, 'z': 63, 'v': 62, 'ɣ': 54, 'x': 47, 'b': 40, 'ŋ': 23, 'ɡ': 20, 'ɲ': 19, 'ʎ': 11, 'ʂ': 2, 'ʲ': 1, 'ɪ': 1})",(Spanish),_elGreek
11774,9657,34,"Counter({'i': 1521, 'a': 1051, 'e': 1032, 'o': 912, 's': 771, 't': 651, 'n': 558, 'r': 475, 'k': 381, 'p': 359, 'm': 300, 'ð': 251, 'θ': 221, 'c': 183, 'l': 180, 'u': 163, 'f': 139, 'ç': 70, 'v': 67, 'j': 66, 'z': 59, 'd': 52, 'x': 48, 'ɣ': 42, 'b': 40, 'ŋ': 21, 'ɡ': 17, 'ɲ': 14, 'ʎ': 7, 'ɪ': 3, 'ʂ': 2, 'ʲ': 1})",(Russian),_elGreek
11780,9649,46,"Counter({'ə': 987, 'ː': 848, 'n': 765, '̪': 413, 'ɐ': 404, 't': 382, 'ɪ': 378, 'i': 370, 'ʲ': 366, 'r': 360, 'ɡ': 343, 'x': 304, 'l': 291, 's': 291, 'd': 261, 'ʃ': 253, 'a': 220, 'A': 216, 'ɑ': 188, 'ɛ': 178, 'u': 164, 'e': 158, 'k': 157, 'ɹ': 143, 'ʊ': 140, 'h': 120, 'o': 114, 'ɔ': 107, '̯': 91, 'm': 89, 'v': 87, 'f': 84, 'ʒ': 75, 'b': 73, 'c': 41, 'ç': 40, 'j': 39, 'p': 35, 'w': 22, 'χ': 17, 'ŋ': 10, '̆': 9, 'ɣ': 8, 'ʁ': 8})",(English),_gaGaelic (Irish)
11782,9038,26,"Counter({'a': 2212, 'k': 1050, 'o': 997, 'i': 748, 'e': 718, 'n': 656, 'u': 552, 'l': 448, 'ː': 443, 'h': 438, 'm': 377, 'p': 199, 'w': 81, 'ʔ': 59, 't': 19, 'ɹ': 12, 'ʋ': 9, 's': 7, 'd': 6, 'r': 2, 'ɡ': 2, 'z': 1, 'f': 1, 'b': 1})",(Spanish),_hawHawaiian
11782,10124,34,"Counter({'ː': 1397, 'a': 900, 'i': 804, 'n': 680, 't': 606, 'ɔ': 595, 's': 524, 'r': 438, 'ɛ': 427, 'ʋ': 382, 'd': 344, 'e': 307, 'j': 299, 'p': 269, 'o': 252, 'u': 238, 'l': 228, 'k': 224, 'm': 219, 'ʃ': 205, 'z': 174, 'b': 141, 'w': 113, 'ɡ': 111, 'ʒ': 77, 'ə': 60, 'h': 54, 'ʎ': 22, 'x': 18, 'ɲ': 9, 'ŋ': 4, 'f': 3})",(Portuguese),_slSlovenian
11785,9523,44,"Counter({'a': 998, 'ə': 978, 'ɾ': 522, 'k': 514, 'ɪ': 497, 'i': 492, 'd': 477, 'ʌ': 450, 't': 448, 'n': 406, 'e': 376, '̃': 354, 'h': 294, 's': 291, 'ʰ': 247, 'v': 246, 'l': 187, 'm': 165, 'o': 153, 'ɟ': 153, 'ʊ': 151, 'p': 125, 'u': 111, 'c': 111, 'ʃ': 98, 'ɛ': 95, 'b': 94, 'ː': 91, 'ɳ': 88, 'ʈ': 79, 'ɡ': 59, 'z': 51, '+': 39, 'r': 21, 'ɔ': 20, 'j': 17, 'ɖ': 11, '.': 5, 'ɣ': 4, 'x': 2, 'f': 2, 'ɭ': 1})",(Russian),_paPunjabi
11785,9708,36,"Counter({'o': 1041, 'e': 875, 't': 798, 'æ': 692, 'n': 667, 'v': 579, 's': 548, 'ɪ': 539, 'a': 499, 'r': 454, 'd': 432, 'i': 328, 'l': 308, 'k': 285, 'p': 252, 'b': 170, 'm': 165, 'j': 157, 'z': 152, 'ɕ': 139, 'u': 105, 'ʊ': 98, 'ɡ': 97, 'ɲ': 69, 'ʃ': 60, 'ɛ': 54, 'ʒ': 54, '̩': 36, 'ʑ': 17, 'f': 14, '^': 12, 'h': 8, 'ɾ': 3, 'ɹ': 1})",(Russian),_mkMacedonian
11787,9848,37,"Counter({'a': 983, 'o': 800, 't': 747, 'ɪ': 645, 'i': 508, 'ː': 508, 'n': 494, 'β': 446, 'j': 441, 'ɛ': 367, 'm': 359, 'u': 357, 's': 356, 'r': 350, '̪': 348, 'd': 340, 'ʃ': 251, 'p': 231, 'k': 220, 'b': 185, 'z': 174, 'ʒ': 123, 'ɲ': 118, 'l': 95, 'x': 91, 'ʎ': 86, 'h': 83, 'f': 63, 'e': 30, 'v': 19, 'ʲ': 18, 'ɣ': 7, 'ɡ': 2, 'ə': 2, 'w': 1})",(Quechua),_ukUkrainian
11789,10168,35,"Counter({'i': 1370, 'a': 1193, 'ː': 909, 's': 876, 't': 716, 'u': 658, 'e': 603, 'r': 462, 'n': 450, 'ʋ': 344, 'b': 306, 'k': 282, 'p': 261, 'd': 252, 'm': 248, 'l': 246, 'o': 220, 'z': 174, 'j': 120, '͡': 120, 'ʃ': 105, 'ɡ': 90, 'æ': 57, 'ɲ': 46, 'ɟ': 14, 'ʎ': 14, 'c': 9, 'f': 6, 'ʒ': 6, 'ŋ': 4, '`': 3, 'h': 2, '̩': 2})",(English),_lvLatvian
11793,10401,32,"Counter({'ɑ': 1263, '[': 863, 'e': 698, 'n': 649, 't': 623, 'd': 584, 'r': 536, 'u': 493, 'i': 475, 'ɯ': 428, 'q': 412, 'o': 396, 'l': 388, 'm': 291, 'k': 259, ':': 251, 'b': 244, 'S': 241, 'j': 221, 'Z': 219, 'y': 215, 's': 210, 'ʁ': 150, 'z': 120, 'ɡ': 104, 'p': 52, 'N': 8, 'X': 4, 'v': 3, 'ə': 1})",(Korean),_kyKyrgyz
11807,9431,44,"Counter({'ə': 948, 'a': 948, 'ɪ': 512, 'k': 505, 'i': 478, 'd': 477, 'ɾ': 475, 'n': 434, 'ʌ': 431, 't': 416, '̃': 390, 'e': 386, 's': 311, 'h': 289, 'v': 229, 'ʰ': 228, 'l': 184, 'ʊ': 183, 'ɟ': 179, 'm': 168, 'o': 136, 'p': 134, 'u': 121, 'c': 100, 'ɛ': 99, 'b': 96, 'ɳ': 91, 'ʃ': 87, 'ː': 86, 'ʈ': 74, 'ɡ': 60, 'z': 53, '+': 38, 'r': 25, 'j': 20, 'ɔ': 18, 'ɖ': 7, '.': 6, 'f': 5, 'ɣ': 2, 'x': 1, 'ɭ': 1})",(Arabic),_paPunjabi
11813,9788,36,"Counter({'o': 971, 'e': 850, 't': 837, 'n': 725, 'æ': 723, 'ɪ': 605, 's': 550, 'v': 538, 'a': 534, 'r': 453, 'd': 426, 'i': 353, 'k': 304, 'l': 285, 'p': 253, 'j': 179, 'm': 178, 'z': 171, 'b': 163, 'ɕ': 131, 'ʊ': 91, 'ɡ': 85, 'u': 84, 'ʃ': 58, 'ɛ': 52, 'ɲ': 52, 'ʒ': 45, '^': 25, '̩': 22, 'f': 18, 'ʑ': 16, 'h': 7, 'ɾ': 3, 'ɹ': 1})",(Spanish),_mkMacedonian
11815,10109,27,"Counter({'a': 1148, 's': 919, 'e': 812, 't': 799, 'n': 727, 'i': 656, 'k': 620, 'l': 599, 'ː': 510, 'o': 498, 'u': 439, 'ɪ': 390, 'æ': 358, 'm': 312, 'j': 225, 'y': 198, 'r': 184, 'h': 181, 'v': 176, 'd': 122, 'p': 121, 'ŋ': 64, 'ø': 48, 'b': 2, 'ɡ': 1})",(Arabic),_fiFinnish
11820,9864,38,"Counter({'e': 914, 'a': 875, 'i': 846, 'o': 761, 't': 735, 'ː': 712, 's': 588, 'n': 519, 'r': 445, 'v': 406, 'd': 304, 'l': 284, 'p': 277, 'k': 248, 'm': 235, 'u': 203, 'j': 198, 'ɲ': 182, 'b': 159, 'z': 158, 'h': 140, 'ʃ': 127, 'ʒ': 78, 'c': 75, 'x': 74, '̝': 72, 'f': 63, '̊': 46, 'ʊ': 44, 'ɟ': 32, '̩': 20, 'ɡ': 20, 'ɪ': 15, 'ŋ': 5, 'ɣ': 3, 'ʑ': 1})",(Arabic),_csCzech
11822,10208,31,"Counter({'a': 2055, 'n': 997, 'i': 853, 't': 805, 's': 698, 'u': 542, 'k': 469, 'q': 411, 'p': 394, 'e': 384, 'r': 381, 'j': 362, 'o': 315, 'm': 310, 'h': 252, 'ʃ': 230, 'd': 140, 'l': 139, 'ʎ': 120, 'w': 110, 'ɡ': 40, 'b': 38, 'f': 33, 'ʔ': 31, 'v': 28, '`': 28, 'ɲ': 26, 'ː': 13, 'z': 4})",(English),_quQuechua
11828,10207,36,"Counter({'ɐ': 998, 'n': 961, 'i': 862, 'ɯ': 724, 'd': 557, 'ʌ': 513, 'ɾ': 459, 's': 437, 'h': 422, 't': 408, 'o': 399, 'q': 379, 'u': 349, 'p': 334, 'j': 317, 'ɫ': 287, 'ɡ': 284, 'm': 257, 'w': 225, 'e': 222, 'ŋ': 182, 'ɛ': 143, 'ɕ': 140, 'ʑ': 128, 'k': 76, 'ʃ': 52, 'b': 46, 'r': 23, 'l': 12, 'ɪ': 5, 'ː': 3, 'a': 1, 'ʲ': 1, 'v': 1})",(Quechua),_koKorean
11832,10630,36,"Counter({'ʌ': 1526, 'ʉ': 870, 'a': 761, 'm': 651, 'i': 645, 'ː': 490, 'k': 463, 'n': 460, 'd': 378, 'ɹ': 364, 'p': 357, 't': 351, 'v': 324, 'ɪ': 299, 'r': 292, 'ɡ': 274, 'ɖ': 261, 'u': 257, 'l': 237, 'ʈ': 214, 'j': 207, 'ɭ': 180, 's': 158, 'o': 145, 'e': 140, 'ɳ': 96, 'b': 60, 'ɻ': 50, 'ŋ': 49, 'ʲ': 42, 'ʃ': 24, 'ʒ': 3, 'ʂ': 1, 'ɲ': 1})",(Korean),_taTamil
11838,10275,34,"Counter({'ə': 1515, 'ɨ': 1173, 'a': 1069, 't': 860, 'm': 566, 'n': 534, 's': 394, 'ʔ': 371, 'l': 356, 'w': 355, 'j': 336, '`': 248, 'r': 244, 'β': 231, 'k': 225, 'ɡ': 211, 'u': 193, 'd': 189, 'h': 186, 'b': 184, 'i': 173, 'o': 170, 'ʃ': 160, 'ɲ': 75, 'f': 67, 'e': 65, 'z': 63, 'ʒ': 38, 'ç': 12, 'x': 6, 'p': 3, 'ː': 3})",(Portuguese),_amAmharic
11839,10245,26,"Counter({'a': 1198, 's': 895, 't': 829, 'e': 778, 'n': 708, 'i': 657, 'k': 618, 'l': 617, 'ː': 537, 'o': 513, 'u': 473, 'ɪ': 422, 'æ': 328, 'm': 318, 'j': 248, 'v': 198, 'y': 193, 'r': 185, 'h': 177, 'p': 143, 'd': 108, 'ŋ': 57, 'ø': 43, 'b': 2})",(Russian),_fiFinnish
11847,10135,36,"Counter({'a': 1035, 'o': 842, 't': 728, 'i': 585, 'ː': 585, 'n': 573, 'ɪ': 494, 'β': 445, '̪': 442, 'j': 435, 's': 424, 'r': 391, 'ɛ': 374, 'd': 364, 'u': 360, 'p': 265, 'm': 232, 'z': 208, 'k': 203, 'b': 172, 'ʃ': 170, 'ɲ': 158, 'ʎ': 142, 'ʒ': 115, 'h': 108, 'l': 95, 'x': 69, 'f': 47, 'e': 26, 'v': 17, 'ɣ': 12, 'ɡ': 9, 'ʲ': 9, 'ə': 1})",(English),_ukUkrainian
11849,9373,39,"Counter({'t': 1149, 'ə': 1034, 'ɛ': 732, 'r': 619, 'n': 552, 'i': 518, 'd': 394, 'm': 371, 'a': 333, 'ɔ': 285, 'u': 267, 'k': 262, 's': 261, 'ɑ': 257, 'e': 242, 'ɪ': 228, 'p': 206, 'ʃ': 189, 'j': 169, 'ʌ': 149, 'b': 127, 'v': 108, 'ɲ': 104, 'ð': 103, 'ʑ': 87, 'h': 86, 'ɕ': 84, 'ɫ': 78, 'y': 66, 'z': 65, 'l': 64, 'f': 55, 'θ': 53, 'ɡ': 33, 'ː': 20, 'w': 18, 'ʒ': 5})",(Quechua),_sqAlbanian
11857,9766,35,"Counter({'e': 1277, 'a': 1071, 'o': 929, 's': 715, 'n': 701, 'i': 594, 'ɾ': 585, 't': 571, 'l': 499, 'ð': 478, 'k': 311, 'j': 304, 'u': 260, 'p': 233, 'm': 230, 'θ': 221, 'β': 177, 'd': 133, 'ʃ': 70, 'f': 62, 'r': 57, 'w': 56, 'ɛ': 54, 'x': 52, 'ɣ': 51, 'b': 25, 'ɪ': 20, 'ɡ': 9, 'ɲ': 5, 'ŋ': 5, 'ʝ': 4, 'ʎ': 4, 'ʊ': 3})",(Portuguese),_esSpanish (Spain)
11858,10056,38,"Counter({'ɑ': 1101, 'e': 739, 'r': 652, 'i': 631, 'n': 538, 'm': 477, 'd': 460, 'ɯ': 435, 'ʊ': 421, 'ɫ': 391, 't': 333, 'o': 328, 'l': 323, 'β': 269, 'θ': 256, 'ː': 247, 'ʃ': 243, 'j': 242, 'q': 235, 'ʁ': 214, 'k': 193, 'ð': 145, 'ø': 140, 'ŋ': 130, 'œ': 130, 'x': 119, 'ɡ': 107, 'h': 106, 'æ': 92, 'p': 89, 'ʒ': 83, 'b': 77, 'ɪ': 56, 'ɛ': 40, 's': 12, 'f': 2})",(Japanese),_tkTurkmen
11860,10292,28,"Counter({'a': 1205, 's': 924, 't': 866, 'e': 807, 'n': 698, 'i': 675, 'k': 623, 'l': 588, 'o': 545, 'ː': 540, 'u': 461, 'ɪ': 399, 'æ': 315, 'm': 288, 'j': 246, 'v': 211, 'y': 198, 'h': 182, 'r': 175, 'p': 124, 'd': 112, 'ŋ': 60, 'ø': 46, 'b': 2, 'f': 1, 'ɡ': 1})",(Spanish),_fiFinnish
11860,9638,36,"Counter({'e': 1399, 'a': 1009, 'o': 1006, 's': 880, 'n': 730, 'ɾ': 636, 't': 575, 'ð': 435, 'i': 422, 'l': 344, 'k': 263, 'p': 254, 'j': 247, 'm': 241, 'θ': 177, 'β': 174, 'u': 169, 'w': 104, 'd': 95, 'ʃ': 88, 'r': 67, 'ɣ': 57, 'ɛ': 50, 'x': 43, 'b': 40, 'f': 38, 'ɪ': 37, 'ʝ': 11, 'ɡ': 11, 'ŋ': 10, 'ʎ': 9, 'ʊ': 7, 'ɲ': 6, 'ː': 4})",(Quechua),_esSpanish (Spain)
11865,10203,35,"Counter({'a': 2091, 'ː': 1131, 'l': 795, 'ʔ': 679, 'i': 651, 'm': 450, 'd': 414, 't': 406, 'j': 338, 'w': 326, 'n': 318, 'ʕ': 299, 'r': 287, 'u': 250, 'h': 201, 's': 190, 'ħ': 187, 'q': 180, 'f': 167, 'b': 139, 'ʒ': 116, 'k': 115, '̪': 74, 'ʃ': 70, 'z': 59, 'ˤ': 54, 'θ': 52, 'ð': 48, '.': 37, 'χ': 31, 'x': 26, 'ɣ': 21, 'ɹ': 1})",(English),_arArabic
11871,10174,35,"Counter({'ː': 1390, 'a': 890, 'i': 772, 'n': 705, 't': 611, 'ɔ': 557, 's': 546, 'ɛ': 474, 'r': 457, 'ʋ': 371, 'd': 341, 'e': 330, 'j': 320, 'p': 273, 'u': 265, 'o': 240, 'k': 230, 'l': 225, 'ʃ': 208, 'm': 203, 'z': 156, 'b': 138, 'ɡ': 123, 'w': 102, 'ʒ': 79, 'ə': 71, 'h': 44, 'x': 19, 'ʎ': 18, 'ɲ': 12, 'ŋ': 2, 'ɣ': 1, 'f': 1})",(English),_slSlovenian
11873,10222,35,"Counter({'a': 2067, 'ː': 1125, 'l': 788, 'ʔ': 690, 'i': 642, 'm': 457, 'd': 405, 't': 404, 'n': 329, 'j': 318, 'w': 315, 'ʕ': 300, 'r': 287, 'u': 270, 's': 222, 'q': 177, 'ħ': 171, 'f': 170, 'b': 164, 'h': 161, 'k': 121, 'ʒ': 108, '̪': 96, 'ʃ': 87, 'ˤ': 63, 'θ': 59, 'ð': 59, 'z': 50, 'x': 38, '.': 38, 'χ': 27, 'ɣ': 13, 'ɹ': 1})",(Portuguese),_arArabic
11876,9858,42,"Counter({'ʔ': 1177, 'n': 590, 'ə': 576, 'ʌ': 549, 'l': 548, 't': 515, 'e': 513, 's': 500, 'a': 455, 'ε': 407, 'i': 374, 'ʁ': 284, 'f': 239, 'ð': 237, 'k': 229, 'm': 221, 'd': 221, 'ɑ': 202, 'ɐ': 192, '̯': 192, 'ʋ': 166, 'h': 164, 'ɒ': 159, '?': 156, 'ɡ': 132, 'o': 115, 'b': 110, 'ɛ': 101, 'j': 92, 'u': 87, 'ŋ': 76, 'p': 74, 'œ': 70, 'y': 40, 'ː': 38, 'ʃ': 25, 'w': 24, 'ɔ': 4, 'ɪ': 3, 'ɾ': 1})",(Japanese),_daDanish
11877,9569,40,"Counter({'n': 1149, 'ə': 1112, 't': 709, 'ɛ': 591, 'r': 528, 'ː': 519, 'ɪ': 476, 'd': 422, 's': 311, 'ɔ': 309, 'ɑ': 301, 'l': 298, 'ʋ': 240, 'v': 234, 'e': 212, 'h': 204, 'm': 200, 'x': 188, 'z': 187, 'ɣ': 186, 'k': 182, 'i': 178, 'a': 138, 'b': 113, 'f': 105, 'o': 99, 'p': 98, 'ŋ': 62, 'u': 58, 'ɵ': 44, 'y': 33, 'ʊ': 24, 'ʌ': 23, 'œ': 19, 'w': 5, 'ø': 4, 'j': 4, 'ʃ': 4})",(Quechua),_nlDutch
11882,10062,34,"Counter({'æ': 1545, 'y': 1418, 'ɾ': 564, 'n': 512, 'ɑ': 474, 't': 459, 'ʊ': 401, 'm': 396, 'd': 392, 'k': 380, 'ɫ': 354, 'q': 343, 'l': 289, 'b': 281, 'ʃ': 273, 's': 263, 'j': 258, 'ɡ': 244, 'e': 232, 'h': 223, 'ʋ': 156, 'o': 121, 'z': 108, 'S': 90, 'ŋ': 64, 'ʒ': 59, 'f': 44, 'χ': 42, 'ʔ': 36, 'ʁ': 17, 'ː': 15, 'p': 9})",(Japanese),_uzUzbek
11883,9751,31,"Counter({'a': 1282, 'ɑ': 889, 'e': 728, 'd': 708, 'r': 554, 'n': 456, 'm': 453, 'i': 445, 'ː': 440, 't': 421, 'h': 348, 'b': 332, 'o': 299, 'j': 271, 'v': 231, 's': 228, 'z': 210, 'ʃ': 208, 'q': 183, '1': 183, 'k': 182, 'l': 177, 'u': 117, 'ʔ': 94, 'ʒ': 87, 'x': 87, 'f': 66, 'ɡ': 60, 'p': 12})",(Japanese),_faPersian
11884,10124,38,"Counter({'a': 1039, 'o': 920, 'e': 786, 'i': 758, 't': 695, 'ː': 677, 's': 515, 'n': 478, 'v': 438, 'r': 432, 'd': 366, 'u': 348, 'k': 328, 'p': 304, 'l': 276, 'ʲ': 237, 'm': 230, 'ɲ': 187, 'b': 186, 'j': 178, 'ʃ': 162, 'z': 142, 'ʒ': 100, 'h': 82, 'x': 65, 'ʎ': 54, 'w': 37, 'f': 27, 'ʑ': 21, '̩': 17, 'ɡ': 9, 'ʊ': 9, 'æ': 7, 'ɣ': 7, 'ɾ': 4, 'ŋ': 3})",(Spanish),_skSlovak
11885,10113,41,"Counter({'ɐ': 822, 'i': 766, 'd': 619, 't': 535, 'ɨ': 491, 'e': 486, 's': 449, 'ʊ': 441, 'u': 428, 'ɪ': 352, 'ɾ': 348, 'ŋ': 331, 'a': 309, '̃': 304, 'ɹ': 273, 'l': 271, 'n': 265, 'k': 261, 'm': 260, 'p': 229, 'o': 200, 'ʒ': 197, 'z': 194, 'w': 191, 'ʃ': 185, 'ə': 153, 'v': 123, 'ɡ': 94, 'ɔ': 90, 'ɛ': 86, 'b': 83, 'j': 77, 'ɑ': 58, 'ʁ': 52, 'f': 43, 'ː': 23, 'ʎ': 15, 'ɲ': 6, 'r': 3})",(Korean),_ptPortuguese (Portugal)
11890,9868,44,"Counter({'ə': 873, 'n': 859, 'ː': 835, 't': 622, 'ʀ': 483, 'ɑ': 474, 'e': 422, 'd': 394, 'l': 378, 'i': 372, 'æ': 292, 'ʁ': 288, 'u': 286, 'f': 266, 'o': 234, 'ɪ': 214, 'z': 199, 'm': 197, 'ʦ': 188, 'ɕ': 185, 'k': 171, 's': 159, 'g': 155, 'v': 153, 'a': 134, 'ɜ': 128, 'h': 128, 'ʃ': 127, 'ɳ': 124, 'p': 109, 'ʊ': 97, 'b': 81, 'j': 73, 'ɐ': 43, 'ʑ': 34, 'ɛ': 24, 'X': 17, '̃': 13, 'y': 11, 'w': 11, 'ʒ': 8, 'œ': 7})",(Japanese),_lbLuxembourgish
11891,9482,47,"Counter({'ə': 1238, 'a': 711, 'n': 665, 'ɾ': 524, 'ʲ': 480, 's': 373, 'x': 363, 'ɡ': 348, 'ː': 344, 'i': 314, 'ɪ': 288, 'u': 286, 'ɔ': 275, 'd': 252, '̪': 212, 'h': 210, 'k': 200, 'v': 174, 't': 172, 'ɣ': 168, 'm': 152, 'ɯ': 147, 'e': 141, 'ɛ': 139, 'l': 136, 'ɕ': 136, 'ɫ': 112, 'b': 107, 'ɲ': 106, 'ç': 87, 'c': 81, 'ʰ': 81, 'f': 77, 'ɤ': 73, 'ʊ': 64, 'o': 53, 'ʎ': 50, 'r': 47, 'ʝ': 43, 'p': 37, 'j': 8, 'ʃ': 4, 'ʒ': 2, 'z': 1, 'ŋ': 1})",(Japanese),_gdGaelic (Scottish)
11897,9221,47,"Counter({'ə': 1186, 'a': 690, 'n': 605, 'ʲ': 494, 'ɾ': 492, 'i': 381, 'ɡ': 342, 'ː': 335, 's': 327, 'd': 303, 'u': 302, 'x': 271, 'h': 267, 'ɔ': 254, 'ɪ': 251, 'ɲ': 222, '̪': 203, 'ɣ': 184, 'k': 176, 'ɯ': 171, 'v': 167, 'e': 154, 'ɛ': 151, 'ɕ': 151, 'm': 121, 'l': 118, 'ç': 116, 't': 97, 'b': 87, 'f': 87, 'ɫ': 86, 'ʊ': 67, 'ɤ': 65, 'r': 52, 'ʝ': 48, 'c': 43, 'ʰ': 43, 'ʎ': 37, 'o': 28, 'p': 20, 'j': 10, 'ʃ': 8, 'ŋ': 4, 'w': 4, 'z': 1})",(Quechua),_gdGaelic (Scottish)
11903,10264,34,"Counter({'ː': 1120, 'ɛ': 1028, 'ɑ': 823, 't': 707, 'n': 558, 'ʃ': 511, 'l': 509, 'k': 496, 'i': 476, 'o': 446, 'e': 394, 'm': 364, 'a': 358, 'r': 267, 'ɡ': 262, 'z': 245, 's': 228, 'v': 209, 'b': 182, 'ø': 175, 'j': 169, 'd': 165, 'h': 141, 'ɟ': 129, 'ɲ': 72, 'y': 70, 'u': 51, 'f': 47, 'p': 40, 'ʎ': 13, 'c': 8, 'ʒ': 1})",(English),_huHungarian
11910,10748,37,"Counter({'ɐ': 2053, 'ː': 796, 'u': 702, 'i': 617, 't': 612, 'n': 545, 'a': 527, 'd': 445, 'ɹ': 421, 'k': 398, 'e': 388, 'v': 364, 'm': 320, 'j': 312, 'ɡ': 281, 's': 254, 'l': 231, 'ʰ': 209, 'b': 169, 'p': 147, 'o': 136, 'h': 135, 'ɭ': 130, 'r': 77, 'c': 72, 'ʂ': 69, 'ɖ': 61, 'ɟ': 58, 'ɳ': 57, 'ʈ': 56, 'ɕ': 50, 'ɪ': 22, 'ŋ': 15, 'ʊ': 11, 'ɲ': 8})",(Korean),_knKannada
11910,10106,38,"Counter({'ː': 928, 'a': 889, 'e': 867, 'i': 812, 'o': 788, 't': 649, 's': 524, 'n': 472, 'v': 462, 'r': 407, 'd': 317, 'k': 310, 'l': 305, 'p': 304, 'm': 249, 'ɲ': 227, 'u': 224, 'j': 205, 'z': 175, 'b': 169, 'ʃ': 159, 'ʒ': 103, '̝': 98, 'h': 83, 'x': 76, '̊': 64, 'c': 56, 'ʊ': 45, 'f': 40, 'ɟ': 40, '̩': 28, 'ɪ': 13, 'ɡ': 9, 'ŋ': 4, 'ʑ': 3, 'ɣ': 2})",(Russian),_csCzech
11917,10066,36,"Counter({'ɔ': 973, 'a': 900, 'ɛ': 840, 't': 698, 'n': 428, 'r': 417, 's': 407, 'd': 388, 'v': 386, 'ɨ': 373, 'i': 364, 'p': 360, 'u': 323, 'k': 306, 'ɲ': 290, 'ʲ': 286, 'j': 261, 'ɕ': 254, 'ʃ': 252, 'm': 225, 'l': 186, 'w': 171, 'f': 151, 'z': 143, 'b': 133, 'ɡ': 126, 'ʒ': 111, 'ʑ': 107, 'x': 89, '̃': 60, 'ː': 33, 'ŋ': 14, 'ɣ': 8, 'c': 3})",(Spanish),_plPolish
11922,10184,32,"Counter({'ɪ': 1327, 'ɛ': 990, 't': 909, 'a': 843, 's': 772, 'ʊ': 736, 'n': 649, 'r': 581, 'ɔ': 561, 'k': 552, 'm': 474, 'l': 330, 'w': 265, 'p': 244, 'd': 239, 'b': 154, 'ː': 97, 'f': 85, 'ɡ': 83, 'h': 81, 'j': 66, 'ŋ': 37, 'u': 33, 'i': 24, 'ʔ': 16, 'e': 14, 'ɾ': 12, 'o': 4, 'ʰ': 4, 'y': 2})",(Chinese),_laLatin
11926,10129,38,"Counter({'a': 1084, 'o': 930, 'e': 779, 'i': 750, 't': 707, 'ː': 693, 's': 508, 'n': 478, 'v': 457, 'r': 425, 'd': 352, 'k': 342, 'p': 302, 'u': 289, 'l': 287, 'm': 238, 'ʲ': 233, 'ɲ': 184, 'b': 179, 'ʃ': 169, 'j': 149, 'z': 127, 'ʒ': 110, 'h': 76, 'x': 74, 'ʎ': 62, 'w': 32, 'f': 31, '̩': 22, 'ʑ': 19, 'ʊ': 12, 'ɡ': 10, 'æ': 7, 'ŋ': 6, 'ɾ': 4, 'ɣ': 2})",(Russian),_skSlovak
11933,10078,34,"Counter({'t': 958, 'i': 945, 'e': 890, 'o': 846, 'n': 699, 'ɐ': 681, 'a': 580, 's': 557, 'v': 529, 'r': 446, 'd': 378, 'p': 295, 'ː': 277, 'ʃ': 263, 'k': 260, 'z': 190, 'm': 183, 'l': 161, 'b': 138, 'ə': 131, 'u': 125, 'ɫ': 106, 'ɡ': 98, 'f': 95, 'j': 93, 'ʒ': 71, 'ʲ': 32, 'x': 23, 'ʂ': 15, 'ɲ': 8, 'ʑ': 3, 'ç': 2})",(Arabic),_bgBulgarian
11940,9744,40,"Counter({'a': 873, 'ɨ': 791, 'n': 711, 'r': 591, 'd': 519, 'l': 456, 'ː': 448, 'ɡ': 376, 'ə': 347, 'ʌ': 344, 'ɔ': 340, 'ɛ': 308, 'ɑ': 276, 'h': 255, 'ð': 252, 'ø': 246, 'b': 210, 'ʊ': 205, 'θ': 198, 'ɪ': 188, 'j': 187, 'm': 183, 'v': 180, 's': 176, 't': 142, 'k': 137, 'u': 133, 'e': 132, 'o': 93, 'i': 84, 'w': 81, 'ɬ': 68, 'p': 63, 'x': 59, 'f': 40, 'ŋ': 31, 'ʃ': 12, 'ç': 9})",(Chinese),_cyWelsh
11952,9736,42,"Counter({'ɐ': 765, 'e': 607, 'd': 569, 'ʊ': 537, 'ɨ': 534, 'i': 533, 't': 494, 's': 399, 'ɪ': 389, 'ŋ': 357, 'u': 347, 'ɹ': 306, 'ɾ': 297, 'ʃ': 281, 'm': 274, '̃': 272, 'k': 264, 'p': 251, 'a': 244, 'o': 227, 'n': 223, 'z': 217, 'ʒ': 207, 'w': 163, 'l': 149, 'v': 133, 'ə': 104, 'ɔ': 101, 'ɛ': 96, 'b': 85, 'ɡ': 70, 'f': 66, 'j': 46, 'ʁ': 43, 'ɑ': 31, 'ː': 23, 'ʎ': 16, 'ɲ': 13, 'r': 2, 'ʲ': 1})",(Quechua),_ptPortuguese (Portugal)
11954,10041,47,"Counter({'ː': 1437, 'a': 1055, 'ʌ': 642, 'e': 517, 'h': 516, 'ə': 503, 'n': 428, 'i': 400, 'r': 364, 'k': 330, 'm': 316, '̃': 307, 'o': 257, 'ɟ': 254, 'ɪ': 251, 't': 245, 'l': 227, 'd': 183, 'b': 180, '̪': 179, 'q': 165, 'ʰ': 160, 's': 159, 'j': 126, 'z': 101, 'ʋ': 84, 'ɳ': 76, 'f': 70, 'p': 59, 'ʈ': 59, 'ʂ': 52, 'ʊ': 51, 'ɡ': 46, 'ɖ': 39, 'ʃ': 38, 'x': 37, 'ʐ': 28, 'u': 21, 'ɣ': 20, '.': 16, 'c': 16, 'ɲ': 14, 'ɾ': 6, 'ɛ': 5, 'ɔ': 2})",(Korean),_sdSindhi
11962,9691,44,"Counter({'a': 1057, 'ə': 960, 'ɾ': 553, 'k': 512, 'd': 491, 'ɪ': 466, 'i': 455, 'ʌ': 452, 'n': 437, 't': 398, 'e': 394, '̃': 343, 'h': 343, 's': 295, 'ʰ': 245, 'v': 202, 'l': 191, 'm': 184, 'ʊ': 171, 'o': 165, 'ɟ': 162, 'p': 143, 'ɛ': 112, 'c': 112, 'ɳ': 111, 'ː': 106, 'u': 105, 'ʃ': 95, 'b': 94, 'ʈ': 77, 'ɡ': 77, 'z': 48, '+': 38, 'r': 24, 'ɔ': 23, 'j': 22, 'ɖ': 14, '.': 8, 'f': 3, 'ɣ': 1, 'ɭ': 1, 'x': 1})",(Japanese),_paPunjabi
11967,11614,38,"Counter({'̞': 1873, 'o': 1192, 'i': 927, 'ɯ': 850, 'ᵝ': 850, 'ä': 804, 'e': 681, 'k': 620, 'n': 609, 't': 545, 's': 389, 'ɽ': 362, 'd': 315, 'ɕ': 220, 'ʑ': 170, 'm': 138, 'j': 138, 'ɡ': 116, 'b': 111, 'w': 94, 'ũ': 88, 'h': 78, 'ʲ': 71, 'ŋ': 67, 'ç': 59, 'z': 58, 'ː': 36, 'ə': 36, 'p': 24, 'ɴ': 18, 'ɸ': 18, 'ʒ': 18, 'a': 18, 'l': 18, 'ĩ': 2, 'ʔ': 1})",(Korean),_jaJapanese
11975,9755,38,"Counter({'ə': 1650, 'n': 744, 'r': 675, 'i': 636, 't': 613, 's': 500, 'd': 408, 'l': 396, 'ɐ': 374, 'ɛ': 374, 'x': 354, 'f': 338, 'ɔ': 287, 'k': 275, 'm': 259, 'ː': 209, 'ɑ': 186, 'v': 180, 'æ': 169, 'h': 157, 'ɪ': 153, 'p': 125, 'b': 116, 'ŋ': 113, 'ʊ': 97, 'u': 84, 'ø': 48, 'œ': 48, 'y': 47, '̃': 40, 'e': 39, 'w': 27, 'ʃ': 23, 'j': 6, 'o': 4, 'ɡ': 1})",(Japanese),_afAfrikaans
11976,10186,30,"Counter({'a': 1956, 'ː': 1424, 'm': 579, 'n': 574, 'u': 480, 'k': 462, 'ɪ': 439, 't': 439, 'i': 421, 's': 370, 'r': 321, 'l': 282, 'o': 280, 'e': 275, 'b': 266, 'd': 264, 'f': 237, 'ɡ': 223, '?': 214, 'w': 170, '`': 146, 'h': 118, 'ʃ': 84, 'ʒ': 67, 'ð': 60, 'ɲ': 30, 'θ': 3, 'Φ': 2})",(Portuguese),_omOromo
11979,9141,27,"Counter({'a': 2081, 't': 1036, 'e': 972, 'i': 883, 'k': 570, 'ɔ': 468, 'r': 458, 'u': 408, 'h': 376, '""': 363, 'ŋ': 323, 'n': 321, 'm': 318, 'f': 188, 'p': 104, 'ɪ': 101, 'w': 78, 'ʊ': 25, 'o': 23, 'ː': 22, 'ɛ': 8, 's': 7, 'd': 5, 'l': 2, 'ʃ': 1})",(Arabic),_miMāori
11981,9966,28,"Counter({'a': 1251, 'e': 909, 'i': 899, 'o': 862, 't': 816, 'n': 626, 's': 614, 'r': 589, 'l': 489, 'ɪ': 459, 'd': 428, 'k': 419, 'u': 382, 'p': 237, 'v': 183, 'm': 163, 'ɡ': 116, 'b': 104, 'ʃ': 95, 'ʒ': 73, 'h': 67, 'ʊ': 59, 'z': 43, 'f': 43, 'j': 25, 'ə': 15})",(Chinese),_eoEsperanto
11982,9249,27,"Counter({'a': 2120, 't': 1087, 'e': 955, 'i': 871, 'k': 605, 'ɔ': 529, 'r': 475, 'u': 401, '""': 357, 'h': 338, 'ŋ': 329, 'n': 311, 'm': 303, 'f': 217, 'p': 111, 'ɪ': 90, 'w': 67, 'o': 26, 'ʊ': 21, 'ː': 18, 'd': 6, 'ɛ': 6, 's': 4, 'ʒ': 1, 'z': 1})",(Spanish),_miMāori
11983,9997,38,"Counter({'ː': 1111, 'r': 798, 't': 768, 'a': 703, 'n': 601, 'ə': 544, 's': 514, 'l': 462, 'ɛ': 460, 'k': 355, 'ɪ': 338, 'd': 332, 'ɔ': 270, 'm': 267, 'i': 245, 'e': 238, 'f': 230, 'ɑ': 193, 'v': 189, 'ɡ': 185, 'h': 163, 'u': 111, 'o': 98, 'j': 94, 'ŋ': 91, 'b': 91, 'ø': 87, 'p': 86, 'ʉ': 71, 'x': 69, 'ɵ': 61, 'œ': 54, 'y': 49, 'ʂ': 40, 'ɕ': 16, 'ʊ': 13})",(Japanese),_svSwedish
11990,10001,34,"Counter({'a': 1051, 'e': 988, 'i': 884, 'o': 840, 't': 838, 'n': 704, 'r': 630, 'l': 605, 's': 536, 'd': 493, 'ɪ': 324, 'k': 250, 'p': 224, 'ː': 212, 'ʊ': 193, 'm': 179, 'v': 136, 'ɛ': 133, 'u': 103, 'ʃ': 86, 'b': 76, 'z': 76, 'ɔ': 75, 'ɲ': 64, 'j': 62, 'f': 60, 'w': 54, 'ʒ': 39, 'ɡ': 38, 'ɾ': 24, 'ʎ': 22, 'ŋ': 2})",(English),_itItalian
11995,10333,35,"Counter({'i': 1310, 'a': 1209, 's': 867, 'ː': 849, 't': 792, 'e': 651, 'u': 614, 'r': 466, 'n': 445, 'ʋ': 349, 'b': 278, 'd': 273, 'm': 272, 'p': 268, 'o': 268, 'l': 257, 'k': 239, 'z': 169, '͡': 145, 'j': 122, 'ɡ': 103, 'ʃ': 94, 'æ': 66, 'h': 52, 'ɲ': 48, 'f': 37, 'ŋ': 26, 'y': 21, 'ʎ': 18, 'ɟ': 14, 'ʒ': 5, 'c': 5, '`': 1})",(Portuguese),_lvLatvian
11996,10323,37,"Counter({'s': 1012, 'e': 960, 'a': 952, 'i': 906, 't': 736, 'ː': 552, 'u': 545, 'l': 525, 'k': 524, 'd': 388, 'm': 333, 'n': 320, 'r': 318, 'o': 294, 'ɡ': 236, 'v': 234, 'ɵ': 203, 'h': 179, 'ɑ': 165, 'j': 164, 'y': 139, 'ɪ': 110, 'p': 86, 'b': 68, 'æ': 64, 'ɛ': 64, '^': 62, 'ɲ': 46, 'ʎ': 43, 'ʊ': 43, 'ŋ': 35, 'ø': 13, 'ɔ': 2, 'f': 1, 'w': 1})",(Chinese),_etEstonian
11998,10142,34,"Counter({'a': 2294, 'n': 804, 'ə': 631, 'i': 599, 'd': 563, 't': 518, 'u': 508, 's': 499, 'r': 486, 'k': 482, 'p': 407, 'm': 399, 'l': 342, 'b': 285, 'h': 269, 'ŋ': 247, 'ɛ': 161, 'ɡ': 93, 'j': 81, 'ɲ': 74, 'o': 72, 'ʒ': 65, 'ɔ': 56, 'ɪ': 52, 'ʊ': 36, 'ʃ': 35, 'w': 34, 'e': 15, 'ç': 12, 'f': 11, 'v': 10, 'x': 2})",(English),_idIndonesian
12003,9908,36,"Counter({'o': 947, 'e': 919, 't': 876, 'æ': 744, 'n': 683, 'ɪ': 613, 's': 564, 'a': 539, 'v': 503, 'd': 465, 'r': 459, 'i': 351, 'l': 284, 'k': 279, 'p': 258, 'm': 212, 'b': 186, 'z': 162, 'j': 153, 'ɕ': 122, 'u': 103, 'ʊ': 86, 'ɡ': 84, 'ʃ': 72, 'ɲ': 60, 'ɛ': 51, 'ʒ': 51, 'ʑ': 23, '̩': 22, '^': 14, 'f': 14, 'h': 5, 'ɾ': 3, 'ɹ': 1})",(Japanese),_mkMacedonian
12005,10388,34,"Counter({'ɑ': 1302, '[': 895, 't': 638, 'n': 634, 'e': 622, 'd': 607, 'r': 552, 'u': 509, 'i': 487, 'ɯ': 415, 'q': 405, 'o': 386, 'l': 382, 'm': 282, ':': 258, 'b': 249, 'k': 236, 'Z': 228, 'j': 224, 'S': 223, 's': 212, 'y': 207, 'ʁ': 163, 'z': 115, 'ɡ': 80, 'p': 61, 'N': 5, 'ə': 5, 'X': 3, 'a': 1, 'ɪ': 1, 'v': 1})",(English),_kyKyrgyz
12007,10212,38,"Counter({'a': 1949, 'ə': 1138, 'n': 806, 'd': 554, 'i': 523, 't': 485, 'r': 482, 's': 448, 'm': 392, 'u': 383, 'k': 379, 'p': 375, 'h': 298, 'l': 290, 'b': 283, 'ŋ': 276, 'o': 163, 'ʔ': 152, 'ɾ': 127, 'ɡ': 101, 'ɛ': 94, 'ɲ': 73, 'j': 71, 'e': 67, 'ʒ': 62, 'ɪ': 47, 'ɔ': 44, 'w': 43, 'ʃ': 37, 'ʊ': 35, 'f': 15, 'ː': 6, 'x': 4, 'v': 4, 'z': 3, 'ɹ': 3})",(English),_msMalay
12020,10306,35,"Counter({'t': 1013, 'i': 965, 'e': 895, 'o': 847, 'n': 746, 'ɐ': 694, 'a': 605, 's': 589, 'v': 514, 'r': 471, 'd': 363, 'ː': 308, 'p': 284, 'ʃ': 282, 'k': 266, 'z': 177, 'm': 169, 'l': 152, 'u': 136, 'ə': 131, 'b': 128, 'ɫ': 123, 'j': 112, 'f': 99, 'ʒ': 79, 'ɡ': 78, 'ʲ': 31, 'x': 21, 'ʂ': 17, 'ɲ': 8, 'ç': 1, 'ɪ': 1, 'ʑ': 1})",(Spanish),_bgBulgarian
12025,9884,38,"Counter({'ɪ': 964, 'n': 828, 'ə': 728, 't': 727, 'd': 625, 'a': 600, 'ɹ': 480, 'ɛ': 388, 'ː': 376, 'l': 370, 's': 355, 'i': 315, 'k': 244, 'ɒ': 234, 'v': 212, 'z': 205, 'm': 202, 'ʃ': 194, 'p': 191, 'e': 166, 'w': 158, 'ʌ': 148, 'ʊ': 143, 'u': 128, 'f': 126, 'b': 123, 'h': 110, 'ɔ': 107, 'o': 101, 'ʒ': 71, 'ɜ': 59, 'j': 58, 'ɑ': 56, 'ɡ': 49, '̪': 32, 'ŋ': 11})",(Chinese),_enEnglish (Caribbean)
12026,10022,36,"Counter({'ɔ': 953, 'a': 922, 'ɛ': 868, 't': 708, 'v': 404, 'n': 400, 'ɨ': 382, 'd': 380, 'r': 377, 's': 374, 'p': 345, 'i': 336, 'k': 316, 'ʲ': 307, 'u': 305, 'ɲ': 291, 'ɕ': 266, 'ʃ': 263, 'j': 236, 'm': 227, 'l': 185, 'w': 178, 'z': 161, 'ɡ': 150, 'f': 144, 'b': 130, 'ʒ': 113, 'ʑ': 91, 'x': 90, '̃': 64, 'ː': 30, 'ŋ': 13, 'ɣ': 10, 'c': 3})",(Arabic),_plPolish
12027,10108,34,"Counter({'e': 1214, 'a': 991, 't': 958, 'i': 741, 'n': 568, 'r': 560, 'l': 547, 's': 512, 'u': 465, 'o': 389, 'p': 340, 'd': 326, 'ʃ': 299, 'k': 297, 'ɾ': 278, 'ə': 270, 'ʲ': 177, 'm': 175, 'ɪ': 148, 'j': 140, 'ɨ': 112, 'f': 104, 'v': 102, 'b': 97, 'ɔ': 66, 'z': 65, 'ʊ': 53, 'ɡ': 50, 'ʒ': 40, 'w': 12, 'ŋ': 8, 'h': 4})",(English),_roRomanian
12029,10279,34,"Counter({'ə': 1559, 'ɨ': 1176, 'a': 1022, 't': 805, 'm': 554, 'n': 535, 's': 397, 'l': 395, 'ʔ': 371, 'w': 341, 'j': 338, 'r': 264, '`': 258, 'β': 240, 'k': 236, 'u': 214, 'd': 214, 'ɡ': 210, 'b': 180, 'i': 169, 'h': 166, 'o': 163, 'ʃ': 163, 'f': 70, 'ɲ': 63, 'e': 59, 'z': 56, 'ʒ': 32, 'ç': 12, 'x': 11, 'p': 3, 'ː': 3})",(Arabic),_amAmharic
12039,9975,41,"Counter({'ɐ': 820, 'i': 726, 'd': 651, 't': 531, 'e': 515, 'ɨ': 506, 'ʊ': 496, 'u': 438, 's': 430, 'ŋ': 386, 'ɪ': 362, 'ɾ': 308, '̃': 290, 'ɹ': 288, 'a': 282, 'k': 237, 'p': 237, 'm': 233, 'l': 230, 'o': 209, 'ʃ': 196, 'n': 191, 'w': 187, 'z': 179, 'ʒ': 161, 'ɡ': 127, 'v': 119, 'ə': 117, 'ɛ': 83, 'j': 76, 'f': 71, 'b': 69, 'ɑ': 63, 'ɔ': 58, 'ʁ': 52, 'ː': 22, 'ʎ': 17, 'ɲ': 10, 'r': 2})",(Portuguese),_ptPortuguese (Portugal)
12042,9734,34,"Counter({'a': 1210, 'ɑ': 925, 'd': 730, 'e': 690, 'r': 550, 'n': 483, 'm': 468, 'i': 448, 't': 446, 'ː': 443, 'h': 419, 'b': 321, 'o': 309, 'ʃ': 238, 'k': 235, 's': 230, 'v': 228, 'j': 194, 'z': 190, 'q': 174, '1': 174, 'u': 125, 'l': 106, 'x': 100, 'ʒ': 97, 'ɡ': 71, 'f': 64, 'ʔ': 39, 'p': 21, 'ɪ': 3, 'ɛ': 2, 'w': 1})",(Quechua),_faPersian
12053,9243,23,"Counter({'a': 2226, 'k': 1094, 'o': 1012, 'e': 778, 'i': 777, 'n': 631, 'ː': 513, 'u': 512, 'l': 465, 'h': 446, 'm': 383, 'p': 216, 'w': 84, 'ʔ': 59, 'ʋ': 14, 't': 13, 's': 7, 'ɹ': 6, 'd': 5, 'b': 1, 'r': 1})",(Russian),_hawHawaiian
12058,10134,38,"Counter({'a': 1063, 'o': 927, 'e': 799, 'i': 766, 't': 731, 'ː': 636, 's': 530, 'v': 462, 'n': 440, 'r': 423, 'd': 340, 'k': 339, 'p': 302, 'l': 294, 'u': 286, 'm': 258, 'ʲ': 228, 'j': 188, 'ɲ': 186, 'b': 182, 'z': 160, 'ʃ': 157, 'ʒ': 96, 'h': 80, 'x': 72, 'ʎ': 56, 'f': 27, 'w': 23, '̩': 22, 'ʊ': 18, 'ʑ': 17, 'ɡ': 10, 'æ': 7, 'ɾ': 4, 'ɣ': 3, 'ŋ': 2})",(Arabic),_skSlovak
12062,10265,37,"Counter({'a': 1915, 'ə': 1158, 'n': 792, 'i': 554, 'd': 550, 'r': 480, 't': 479, 's': 460, 'm': 443, 'u': 425, 'k': 402, 'p': 364, 'b': 295, 'h': 265, 'ŋ': 265, 'l': 258, 'o': 161, 'ʔ': 152, 'ɾ': 117, 'ɡ': 110, 'ɛ': 98, 'j': 85, 'ʒ': 62, 'e': 62, 'ɲ': 58, 'ɪ': 55, 'w': 50, 'ʃ': 39, 'ʊ': 37, 'ɔ': 33, 'f': 17, 'v': 12, 'z': 5, 'x': 4, 'ɹ': 3})",(Portuguese),_msMalay
12069,9967,47,"Counter({'ː': 1407, 'a': 1061, 'ʌ': 635, 'h': 533, 'e': 496, 'ə': 494, 'n': 435, 'i': 369, 'r': 367, '̃': 338, 'k': 314, 'm': 309, 'o': 266, 'ɟ': 264, 'ɪ': 263, 't': 229, 'l': 215, 'd': 197, 'b': 183, '̪': 174, 's': 156, 'q': 155, 'ʰ': 133, 'j': 130, 'ʋ': 95, 'z': 92, 'f': 68, 'ʈ': 64, 'ɳ': 62, 'ɖ': 55, 'ʊ': 51, 'p': 50, 'ʂ': 50, 'x': 49, 'ɡ': 49, 'ʃ': 36, 'u': 29, 'ʐ': 23, 'ɣ': 17, 'c': 17, 'ɲ': 13, '.': 11, 'ɾ': 6, 'ɛ': 5, 'ɔ': 2})",(English),_sdSindhi
12073,10427,36,"Counter({'ə': 1506, 'ɨ': 1225, 'a': 1092, 't': 863, 'm': 577, 'n': 551, 's': 406, 'w': 396, 'ʔ': 381, 'l': 354, 'j': 336, '`': 267, 'r': 245, 'k': 236, 'β': 230, 'ɡ': 197, 'u': 195, 'd': 185, 'o': 178, 'h': 175, 'b': 175, 'ʃ': 167, 'i': 150, 'ɲ': 82, 'e': 71, 'f': 61, 'z': 58, 'ʒ': 40, 'ç': 11, 'x': 7, 'ɪ': 3, 'p': 3, 'ː': 3, 'ɐ': 1})",(Spanish),_amAmharic
12074,10128,38,"Counter({'ː': 1307, 'r': 886, 'n': 702, 't': 694, 'a': 626, 'l': 615, 'ə': 457, 'ɛ': 441, 's': 422, 'ɪ': 344, 'i': 326, 'u': 298, 'ɡ': 265, 'e': 258, 'k': 252, 'm': 243, 'ɑ': 228, 'f': 224, 'v': 217, 'd': 186, 'h': 168, 'ɔ': 160, 'ʉ': 147, 'p': 124, 'ŋ': 107, 'ʃ': 106, 'b': 91, 'o': 64, 'y': 46, 'j': 36, 'ø': 32, 'œ': 20, 'ʂ': 13, 'ʊ': 11, 'x': 7, 'ɹ': 5})",(Russian),_noNorwegian Bokmål
12076,9265,23,"Counter({'a': 2237, 'k': 1103, 'o': 983, 'i': 809, 'e': 778, 'u': 597, 'n': 565, 'ː': 527, 'm': 474, 'l': 420, 'h': 411, 'p': 181, 'w': 86, 'ʔ': 56, 't': 10, 'ʋ': 10, 'ɹ': 6, 'd': 5, 's': 5, 'b': 1, 'ɪ': 1})",(Quechua),_hawHawaiian
12076,10013,41,"Counter({'ə': 1080, 'n': 1028, 't': 724, 'ː': 695, 'r': 652, 'ɛ': 582, 'ɪ': 491, 'd': 448, 'l': 347, 's': 304, 'v': 298, 'ɑ': 296, 'e': 271, 'ɔ': 269, 'i': 254, 'a': 227, 'k': 202, 'x': 198, 'ɣ': 196, 'm': 188, 'h': 179, 'ʋ': 142, 'z': 138, 'p': 119, 'f': 115, 'o': 115, 'b': 111, 'ŋ': 109, 'y': 54, 'ɵ': 39, 'u': 37, 'œ': 28, 'ʃ': 27, 'ʊ': 14, 'ʌ': 13, 'ø': 9, 'j': 7, 'w': 5, 'ɾ': 2})",(English),_nlDutch
12077,9913,46,"Counter({'ə': 994, 'ː': 888, 'n': 783, 'ɐ': 437, '̪': 414, 'i': 395, 't': 392, 'ɪ': 380, 'r': 371, 'ʲ': 370, 'ɡ': 353, 'x': 296, 'l': 295, 's': 290, 'd': 274, 'ʃ': 255, 'a': 225, 'A': 209, 'ɑ': 199, 'ɛ': 174, 'k': 173, 'u': 169, 'e': 163, 'ɹ': 149, 'h': 147, 'ɔ': 132, 'ʊ': 129, 'v': 114, 'o': 109, 'm': 96, '̯': 96, 'f': 78, 'ʒ': 76, 'b': 56, 'c': 46, 'p': 35, 'ç': 33, 'j': 33, 'w': 23, 'χ': 22, 'ŋ': 12, 'ɣ': 11, '̆': 9, 'ʁ': 8})",(Portuguese),_gaGaelic (Irish)
12081,9897,33,"Counter({'i': 1516, 'a': 1082, 'e': 1044, 'o': 926, 's': 732, 'n': 707, 't': 618, 'r': 462, 'p': 372, 'k': 356, 'm': 326, 'ð': 257, 'θ': 214, 'u': 199, 'l': 193, 'c': 174, 'f': 120, 'v': 76, 'x': 76, 'd': 69, 'j': 65, 'z': 60, 'ç': 56, 'ɣ': 53, 'b': 47, 'ŋ': 34, 'ɡ': 31, 'ɲ': 16, 'ʎ': 10, 'ɪ': 5, 'ʂ': 1})",(Japanese),_elGreek
12091,10329,34,"Counter({'i': 964, 't': 944, 'e': 890, 'o': 868, 'n': 730, 'ɐ': 677, 'a': 593, 's': 591, 'v': 564, 'r': 483, 'd': 389, 'ː': 339, 'p': 286, 'ʃ': 263, 'k': 255, 'm': 170, 'z': 168, 'l': 151, 'b': 149, 'ə': 141, 'u': 134, 'ɫ': 124, 'f': 104, 'j': 101, 'ʒ': 83, 'ɡ': 76, 'ʲ': 49, 'x': 24, 'ʂ': 13, 'ɲ': 4, 'ç': 1, 'ʑ': 1})",(Russian),_bgBulgarian
12094,10262,37,"Counter({'a': 1493, 'e': 1435, 'o': 1017, 'i': 741, 'ɾ': 609, 'u': 461, 't': 456, 'p': 401, 'm': 359, 'h': 356, 'k': 330, 'd': 303, 'β': 279, '̃': 262, 'ɣ': 231, 's': 196, 'n': 188, 'l': 168, 'y': 148, 'ʃ': 139, 'ŋ': 131, 'ʝ': 129, 'b': 108, 'θ': 105, 'ɲ': 82, 'ː': 30, 'ɡ': 24, 'f': 24, 'ɪ': 14, 'v': 12, 'r': 8, 'ɨ': 8, 'ʒ': 7, 'ɛ': 7, 'ɳ': 1})",(Russian),_gnGuarani
12100,10325,37,"Counter({'e': 1427, 'a': 1412, 'o': 1064, 'i': 763, 'ɾ': 650, 'u': 487, 't': 423, 'p': 408, 'm': 379, 'h': 346, 'k': 334, 'β': 315, 'd': 294, '̃': 257, 'ɣ': 228, 'n': 223, 's': 191, 'l': 185, 'y': 178, 'ŋ': 139, 'ʃ': 129, 'θ': 127, 'ʝ': 114, 'b': 87, 'ɲ': 83, 'f': 30, 'ɡ': 20, 'ː': 9, 'r': 9, 'ɨ': 8, 'ɪ': 2, 'j': 1, 'ʒ': 1, 'ɛ': 1, 'v': 1})",(Spanish),_gnGuarani
12100,10253,35,"Counter({'a': 2270, 'n': 804, 'i': 633, 'ə': 630, 'u': 559, 'd': 547, 's': 539, 't': 528, 'k': 526, 'r': 468, 'm': 426, 'p': 379, 'l': 316, 'b': 280, 'ŋ': 272, 'h': 247, 'ɛ': 176, 'ɡ': 98, 'j': 86, 'o': 81, 'ɲ': 69, 'ɪ': 57, 'ʒ': 57, 'ɔ': 53, 'ʊ': 38, 'ʃ': 36, 'w': 33, 'f': 16, 'v': 13, 'ç': 10, 'e': 3, 'x': 2, 'z': 1})",(Portuguese),_idIndonesian
12101,9171,28,"Counter({'a': 2147, 'k': 1038, 'o': 948, 'e': 861, 'i': 756, 'n': 645, 'ː': 535, 'u': 526, 'l': 484, 'h': 433, 'm': 384, 'p': 187, 'w': 77, 'ʔ': 60, 't': 35, 's': 22, 'ʋ': 8, 'd': 7, 'ɹ': 5, 'b': 4, 'r': 3, 'f': 2, 'ɡ': 1, 'ʃ': 1, 'ɛ': 1, 'ɪ': 1})",(Arabic),_hawHawaiian
12105,10016,38,"Counter({'ː': 1304, 'r': 852, 'n': 722, 't': 716, 'a': 593, 'l': 573, 'ə': 461, 'ɛ': 446, 's': 424, 'ɪ': 349, 'i': 328, 'e': 267, 'ɡ': 259, 'u': 245, 'k': 242, 'd': 238, 'ɑ': 238, 'f': 235, 'm': 222, 'v': 217, 'h': 179, 'ɔ': 158, 'ʉ': 134, 'o': 105, 'p': 102, 'ŋ': 95, 'b': 71, 'ʃ': 71, 'y': 46, 'j': 32, 'œ': 25, 'ø': 24, 'ʊ': 13, 'ɹ': 13, 'ʂ': 11, 'x': 6})",(Arabic),_noNorwegian Bokmål
12106,10286,32,"Counter({'a': 1483, 'e': 1390, 's': 748, 't': 702, 'i': 664, 'n': 568, 'u': 561, 'k': 541, 'o': 538, 'ɾ': 503, '̻': 456, 'ð': 341, 'β': 305, '̺': 292, 'ɣ': 270, 'l': 152, 'ɪ': 106, 'r': 102, 'd': 97, 'b': 84, 'm': 81, 'p': 74, 'ɡ': 61, 'ʊ': 49, 'ɲ': 29, 'j': 21, 'f': 21, 'ɟ': 17, 'ʎ': 16, 'ʃ': 14})",(Quechua),_euBasque
12106,10159,38,"Counter({'a': 1593, 'e': 1441, 'o': 910, 'i': 622, 'ɾ': 504, 'u': 472, 't': 424, 'p': 423, '̃': 358, 'm': 348, 'h': 341, 'k': 325, 'β': 312, 'd': 277, 'ɣ': 241, 'y': 221, 'ɲ': 188, 'ŋ': 163, 'ʝ': 151, 'ʃ': 135, 'n': 133, 's': 125, 'b': 109, 'ː': 66, 'l': 58, 'ɪ': 52, 'θ': 42, 'v': 29, 'ʒ': 26, 'ɛ': 26, 'ɡ': 17, 'f': 13, 'ɨ': 5, 'w': 4, 'ɳ': 3, 'r': 2})",(Quechua),_gnGuarani
12107,10191,34,"Counter({'e': 1245, 'a': 980, 't': 970, 'i': 750, 'n': 566, 'r': 542, 's': 541, 'l': 536, 'u': 440, 'o': 396, 'd': 353, 'p': 343, 'k': 310, 'ə': 292, 'ʃ': 288, 'ɾ': 274, 'm': 180, 'ʲ': 171, 'ɪ': 139, 'j': 134, 'ɨ': 124, 'f': 106, 'v': 103, 'b': 97, 'z': 70, 'ɔ': 67, 'ɡ': 53, 'ʊ': 52, 'ʒ': 45, 'w': 14, 'h': 5, 'ŋ': 5})",(Portuguese),_roRomanian
12125,10367,34,"Counter({'e': 1487, 'a': 1438, 'o': 1083, 'i': 724, 'ɾ': 647, 't': 456, 'u': 447, 'p': 405, 'm': 379, 'β': 335, 'k': 330, 'h': 323, 'd': 305, '̃': 290, 'ɣ': 214, 'y': 187, 'n': 181, 's': 173, 'l': 168, 'ŋ': 148, 'ʝ': 141, 'ʃ': 131, 'b': 114, 'ɲ': 95, 'θ': 93, 'f': 26, 'ɡ': 24, 'r': 8, 'ː': 7, 'ɨ': 5, 'ə': 2, 'ɳ': 1})",(Japanese),_gnGuarani
12128,10505,28,"Counter({'a': 1186, 's': 940, 'e': 834, 't': 821, 'n': 765, 'i': 725, 'k': 622, 'l': 604, 'ː': 562, 'o': 525, 'u': 483, 'ɪ': 399, 'æ': 340, 'm': 322, 'j': 225, 'v': 216, 'y': 204, 'r': 182, 'h': 173, 'd': 129, 'p': 128, 'ŋ': 76, 'ø': 40, 'b': 2, 'ɡ': 1, 'f': 1})",(Japanese),_fiFinnish
12133,10126,34,"Counter({'a': 1029, 'e': 1012, 'i': 913, 't': 839, 'o': 831, 'n': 715, 'r': 637, 'l': 619, 's': 507, 'd': 506, 'ɪ': 350, 'k': 269, 'p': 233, 'ː': 208, 'ʊ': 190, 'm': 184, 'v': 142, 'ɛ': 135, 'u': 104, 'ʃ': 89, 'ɔ': 88, 'f': 82, 'b': 77, 'z': 67, 'j': 64, 'ɲ': 58, 'w': 50, 'ʒ': 41, 'ɡ': 36, 'ʎ': 30, 'ɾ': 20, 'ŋ': 1})",(Portuguese),_itItalian
12133,10715,46,"Counter({'ː': 1652, 'ə': 1320, 'a': 918, 'ɾ': 595, 'k': 489, 'n': 472, 'ɪ': 455, 't': 399, 'ʰ': 389, 's': 328, 'ʌ': 309, 'd': 266, 'r': 258, 'w': 248, 'p': 237, 'm': 227, 'j': 219, 'u': 217, 'o': 208, 'e': 191, 'c': 150, 'l': 148, 'ɡ': 143, 'h': 125, 'b': 117, 'i': 110, 'ʂ': 81, 'ɛ': 80, 'ɟ': 75, 'ʃ': 72, 'ʈ': 45, 'ʊ': 36, 'ɳ': 34, 'ʋ': 33, 'ŋ': 13, 'ɲ': 13, 'ɔ': 12, 'ɖ': 8, '̃': 8, 'θ': 4, 'ɹ': 4, 'ɒ': 3, 'ʲ': 2, 'f': 2})",(Korean),_neNepali
12137,10253,41,"Counter({'n': 968, 't': 891, 'a': 733, 'ː': 717, 'ə': 698, 'ɪ': 591, 's': 436, 'd': 428, 'ɛ': 399, 'ɾ': 391, 'ʊ': 390, 'l': 369, 'f': 290, 'r': 231, 'ɡ': 230, 'i': 211, 'ç': 203, 'z': 180, 'ɜ': 177, 'm': 154, 'k': 145, 'e': 145, 'ʃ': 140, 'v': 135, 'ŋ': 123, 'o': 121, 'h': 113, 'b': 111, 'ɑ': 111, 'ɔ': 80, 'u': 68, 'p': 64, 'j': 61, 'y': 37, 'x': 29, 'œ': 25, 'ʏ': 22, 'ø': 21, 'ɐ': 15})",(English),_deGerman
12137,9623,43,"Counter({'a': 1045, 'ə': 720, 'k': 524, 'ʌ': 499, 'ɪ': 492, '̃': 489, 'h': 465, 'i': 464, 'd': 463, 'ɾ': 442, 'n': 439, 'e': 404, 's': 397, 't': 281, 'ʰ': 221, 'v': 215, 'l': 182, 'ʊ': 172, 'o': 167, 'ɟ': 165, 'p': 156, 'u': 143, 'c': 135, 'ɛ': 124, 'm': 121, 'ɳ': 111, 'ː': 103, 'b': 82, 'ɡ': 65, 'ʃ': 64, 'z': 54, 'ɖ': 53, 'ʈ': 49, 'ɔ': 33, 'r': 31, '+': 31, '.': 10, 'j': 8, 'f': 2, 'w': 1, 'ɭ': 1})",(Quechua),_paPunjabi
12140,10271,40,"Counter({'ɔ': 1119, 'a': 969, 'ɾ': 893, 'i': 694, 't': 661, 'e': 635, 'ʃ': 571, 'k': 565, 'ʰ': 525, 'n': 522, 'o': 513, 'd': 462, 'b': 443, 'p': 213, 'm': 203, 'u': 191, 'ɟ': 135, 'ɡ': 111, 'ŋ': 109, 'ʒ': 107, 'æ': 95, 'j': 95, 'l': 93, 'h': 84, 'ʈ': 70, 's': 39, 'r': 35, 'ː': 34, 'ə': 18, '.': 12, 'w': 12, 'f': 11, 'ɹ': 10, 'ʊ': 9, 'ɖ': 5, 'ɪ': 4, '̃': 3, 'θ': 1})",(Chinese),_bnBengali
12142,10345,32,"Counter({'a': 1511, 'e': 1336, 't': 780, 's': 751, 'i': 722, 'o': 606, 'k': 601, 'n': 601, 'ɾ': 566, 'u': 472, '̻': 448, 'β': 309, '̺': 303, 'ð': 295, 'l': 169, 'ɣ': 155, 'p': 108, 'r': 93, 'ɪ': 92, 'm': 85, 'b': 75, 'd': 64, 'ɲ': 48, 'ɡ': 41, 'ʊ': 40, 'ʎ': 21, 'f': 19, 'j': 16, 'ʃ': 11, 'ɟ': 7})",(Arabic),_euBasque
12153,10287,30,"Counter({'a': 1922, 'ː': 1473, 'm': 597, 'n': 562, 'u': 505, 't': 464, 'i': 450, 'k': 444, 'ɪ': 439, 's': 350, 'r': 339, 'o': 294, 'e': 285, 'b': 276, 'd': 266, 'l': 258, 'f': 242, 'ɡ': 213, '?': 213, '`': 162, 'w': 161, 'h': 115, 'ʃ': 82, 'ʒ': 77, 'ð': 66, 'ɲ': 27, 'θ': 4, 'Φ': 1})",(Russian),_omOromo
12155,9855,36,"Counter({'e': 1289, 'a': 1101, 'o': 905, 's': 726, 'n': 691, 'i': 613, 'ɾ': 608, 't': 564, 'ð': 475, 'l': 472, 'k': 329, 'j': 294, 'u': 276, 'θ': 225, 'p': 223, 'm': 206, 'β': 187, 'd': 132, 'w': 74, 'ʃ': 70, 'ɣ': 65, 'r': 63, 'x': 55, 'ɛ': 54, 'f': 54, 'b': 27, 'ɪ': 22, 'ɡ': 13, 'ŋ': 11, 'ʎ': 11, 'ʝ': 10, 'ʊ': 5, 'ɲ': 4, 'ː': 1})",(Arabic),_esSpanish (Spain)
12161,10326,30,"Counter({'a': 1978, 'ː': 1445, 'm': 609, 'n': 586, 'ɪ': 471, 'u': 470, 'k': 455, 'i': 441, 't': 439, 's': 389, 'r': 333, 'e': 286, 'l': 276, 'd': 274, 'o': 269, 'b': 257, 'f': 227, '?': 224, 'ɡ': 223, 'w': 172, '`': 137, 'h': 107, 'ʃ': 86, 'ʒ': 79, 'ð': 56, 'ɲ': 31, 'θ': 4, 'Φ': 2})",(Spanish),_omOromo
12164,10292,37,"Counter({'æ': 1143, 'i': 1007, 'a': 976, 'n': 658, 'd': 554, 'm': 435, 'r': 426, 't': 426, 's': 363, 'l': 349, 'ɯ': 344, 'u': 292, 'ɫ': 291, 'j': 278, 'ɡ': 271, 'v': 237, 'b': 237, 'h': 233, 'ʃ': 221, 'y': 218, 'ɾ': 210, 'e': 180, 'c': 166, 'z': 152, 'x': 129, 'o': 125, 'ç': 97, 'œ': 81, 'ʒ': 56, 'f': 55, 'p': 24, 'ɟ': 20, 'ː': 20, 'ɪ': 14, 'ɣ': 4})",(Chinese),_azAzerbaijani
12167,10282,36,"Counter({'a': 2288, 'n': 818, 'ə': 648, 'i': 635, 'd': 556, 'k': 535, 's': 535, 't': 535, 'u': 527, 'r': 466, 'm': 413, 'p': 380, 'l': 313, 'b': 270, 'ŋ': 261, 'h': 260, 'ɛ': 182, 'ɡ': 95, 'ɲ': 82, 'o': 79, 'j': 78, 'ʒ': 68, 'ɔ': 56, 'ɪ': 48, 'w': 38, 'ʊ': 37, 'ʃ': 33, 'f': 17, 'v': 10, 'e': 9, 'ç': 7, 'ɹ': 1, 'z': 1, 'x': 1})",(Spanish),_idIndonesian
12170,10472,36,"Counter({'ə': 1522, 'ɨ': 1227, 'a': 1072, 't': 864, 'n': 577, 'm': 568, 'ʔ': 399, 's': 390, 'l': 380, 'w': 350, 'j': 343, '`': 269, 'r': 257, 'k': 245, 'β': 241, 'o': 201, 'ʃ': 193, 'u': 189, 'd': 188, 'ɡ': 185, 'h': 178, 'i': 153, 'b': 152, 'ɲ': 73, 'f': 72, 'e': 63, 'z': 60, 'ʒ': 33, 'ç': 12, 'x': 6, 'ɪ': 3, 'p': 3, 'ː': 3, 'ɐ': 1})",(Russian),_amAmharic
12172,10302,38,"Counter({'a': 1991, 'ː': 1222, 'l': 748, 'ʔ': 627, 'i': 599, 'n': 597, 'm': 433, 'd': 358, 't': 353, 'u': 331, 'ʕ': 300, 'w': 274, 'r': 269, 'j': 254, 'ħ': 247, 'q': 202, 's': 192, 'f': 187, 'k': 186, 'b': 181, 'h': 178, 'ʒ': 99, 'ʃ': 93, 'ð': 82, 'θ': 70, '̪': 62, '.': 40, 'ˤ': 36, 'χ': 24, 'z': 24, 'x': 21, 'ɣ': 17, 'ɹ': 2, 'v': 1, 'ɛ': 1, 'ɪ': 1})",(Quechua),_arArabic
12175,10231,38,"Counter({'ː': 1339, 'r': 884, 't': 749, 'n': 718, 'a': 609, 'l': 602, 'ə': 469, 'ɛ': 438, 's': 424, 'ɪ': 354, 'i': 348, 'u': 296, 'e': 277, 'k': 259, 'v': 250, 'ɑ': 248, 'ɡ': 238, 'f': 235, 'm': 220, 'd': 201, 'h': 157, 'ɔ': 143, 'ʉ': 139, 'p': 111, 'ŋ': 102, 'ʃ': 97, 'b': 89, 'o': 74, 'y': 51, 'j': 37, 'ø': 18, 'œ': 16, 'ʊ': 14, 'ʂ': 11, 'x': 9, 'ɹ': 5})",(Spanish),_noNorwegian Bokmål
12178,9968,34,"Counter({'e': 1053, 'a': 926, 'o': 866, 'n': 761, 't': 751, 'i': 737, 'r': 660, 's': 532, 'l': 430, 'd': 426, 'ɪ': 343, 'k': 276, 'ː': 261, 'p': 241, 'm': 209, 'v': 181, 'ʊ': 170, 'ɔ': 162, 'ɛ': 155, 'u': 108, 'ʃ': 100, 'b': 98, 'j': 94, 'w': 88, 'f': 80, 'z': 79, 'ɲ': 51, 'ʒ': 43, 'ɡ': 38, 'ʎ': 29, 'ɾ': 17, 'ŋ': 3})",(Quechua),_itItalian
12185,10273,31,"Counter({'a': 2006, 'ː': 1384, 'n': 653, 'm': 540, 'u': 529, 'k': 488, 'ɪ': 413, 't': 409, 'i': 404, 'r': 371, 's': 333, 'd': 320, 'e': 296, 'b': 295, 'ɡ': 270, 'o': 267, 'f': 237, 'l': 195, '?': 175, '`': 154, 'h': 129, 'ʃ': 89, 'ð': 84, 'ʒ': 80, 'w': 78, 'ɲ': 68, 'θ': 3, 'Φ': 2, 'v': 1})",(Quechua),_omOromo
12188,10858,35,"Counter({'ʲ': 1375, 'i': 1002, 'a': 911, 'e': 888, 'ː': 735, 't': 655, 's': 615, 'r': 464, 'n': 456, 'u': 434, 'ɪ': 390, 'o': 387, 'k': 350, 'm': 304, 'v': 257, 'ʂ': 246, 'p': 208, 'ɡ': 164, 'd': 154, 'j': 139, 'ɭ': 133, 'b': 122, 'l': 101, '̩': 101, 'ɑ': 70, 'ɕ': 65, 'ʃ': 56, 'ʒ': 47, 'ʑ': 12, 'ʊ': 8, 'f': 5, 'x': 2, 'z': 2})",(Korean),_ltLithuanian
12190,10443,40,"Counter({'ɑ': 1149, 'e': 909, 'ə': 888, 'n': 680, 'ɪ': 605, 't': 588, 'ɾ': 539, 'q': 492, 'd': 423, 'm': 419, 'ɫ': 367, 's': 337, 'b': 322, 'k': 320, 'j': 260, 'w': 234, 'ʀ': 210, 'o': 210, 'ʊ': 179, 'ʒ': 179, 'æ': 161, 'ŋ': 143, 'z': 142, 'p': 114, 'ɡ': 108, 'u': 91, 'l': 90, 'ʃ': 90, 'a': 52, 'ɵ': 51, 'r': 48, 'x': 19, 'ɹ': 10, 'ː': 9, 'v': 2, 'f': 1, 'θ': 1, 'i': 1})",(Chinese),_kkKazakh
12191,10529,34,"Counter({'ɛ': 1123, 'ː': 1116, 'ɑ': 825, 't': 720, 'n': 625, 'l': 547, 'k': 509, 'i': 493, 'ʃ': 493, 'o': 451, 'e': 409, 'm': 338, 'a': 329, 'ɡ': 267, 'r': 258, 'z': 241, 's': 237, 'v': 228, 'j': 181, 'ø': 179, 'b': 175, 'd': 160, 'ɟ': 146, 'h': 144, 'y': 79, 'ɲ': 75, 'f': 62, 'u': 59, 'p': 35, 'ʎ': 15, 'c': 9, 'ʒ': 1})",(Portuguese),_huHungarian
12196,10298,35,"Counter({'ː': 1510, 'a': 961, 'i': 893, 't': 605, 'ɔ': 578, 'n': 576, 's': 519, 'r': 468, 'ɛ': 466, 'd': 390, 'ʋ': 341, 'j': 305, 'e': 300, 'm': 283, 'p': 252, 'u': 240, 'o': 237, 'l': 223, 'k': 217, 'ʃ': 198, 'b': 156, 'z': 149, 'ɡ': 100, 'ʒ': 92, 'ə': 70, 'w': 70, 'h': 53, 'x': 30, 'ɲ': 6, 'ʎ': 5, 'f': 2, 'ŋ': 2, 'ɣ': 1})",(Quechua),_slSlovenian
12200,10450,42,"Counter({'a': 1424, 'i': 998, 'e': 904, 's': 831, 'ʰ': 734, 't': 671, 'v': 558, 'r': 460, 'd': 417, 'n': 415, 'l': 394, 'b': 384, 'o': 376, 'm': 370, 'u': 292, 'ʃ': 236, 'k': 204, 'ɡ': 168, 'p': 159, 'x': 130, 'q': 120, 'z': 68, 'ɣ': 49, 'ʒ': 21, 'ə': 14, 'ɪ': 13, 'ɹ': 9, 'ɛ': 5, 'c': 3, 'h': 3, 'ɐ': 3, 'ʊ': 3, 'ː': 3, 'w': 2, 'ɒ': 2, 'j': 2, 'f': 2, 'ð': 1, 'ɔ': 1, 'ʌ': 1})",(Quechua),_kaGeorgian
12200,9325,27,"Counter({'a': 2283, 'k': 1021, 'o': 997, 'e': 791, 'i': 763, 'n': 667, 'u': 541, 'ː': 522, 'l': 460, 'h': 437, 'm': 393, 'p': 248, 'w': 67, 'ʔ': 57, 't': 22, 's': 13, 'ɹ': 11, 'd': 9, 'ʋ': 7, 'b': 5, 'r': 4, 'ɡ': 2, 'ɪ': 2, 'f': 2, 'ʒ': 1})",(Japanese),_hawHawaiian
12209,10542,32,"Counter({'a': 1553, 'e': 1301, 's': 790, 't': 778, 'i': 753, 'o': 632, 'k': 612, 'n': 607, 'ɾ': 571, 'u': 483, '̻': 456, '̺': 334, 'ð': 312, 'β': 278, 'l': 200, 'ɣ': 141, 'p': 119, 'r': 98, 'b': 86, 'm': 86, 'ɪ': 83, 'd': 61, 'ɡ': 49, 'ɲ': 44, 'ʊ': 43, 'f': 20, 'ʎ': 17, 'j': 15, 'ɟ': 12, 'ʃ': 8})",(Spanish),_euBasque
12212,9901,39,"Counter({'t': 1110, 'ə': 970, 'ɛ': 873, 'r': 735, 'i': 620, 'n': 551, 'a': 398, 'd': 379, 's': 363, 'ɔ': 346, 'm': 329, 'k': 282, 'u': 269, 'p': 264, 'ɪ': 252, 'e': 232, 'ɑ': 193, 'ʃ': 177, 'j': 174, 'v': 147, 'ð': 135, 'ʌ': 132, 'b': 130, 'ɫ': 127, 'ɲ': 114, 'h': 92, 'ʑ': 75, 'z': 74, 'l': 70, 'f': 62, 'y': 58, 'ɕ': 56, 'ɡ': 47, 'θ': 46, 'ː': 12, 'ʒ': 4, 'w': 3})",(Japanese),_sqAlbanian
12214,9947,46,"Counter({'ː': 1726, 'a': 1308, 'k': 559, 'r': 508, 'i': 495, 'e': 476, 'n': 387, 'm': 381, 'h': 368, 't': 326, 'ɪ': 293, 's': 264, 'l': 249, 'd': 228, 'o': 219, 'ə': 206, 'ʌ': 183, 'q': 179, 'ʊ': 155, 'b': 142, 'z': 111, 'ɔ': 106, '̃': 96, 'ɛ': 92, 'u': 90, 'f': 85, 'j': 85, 'ɟ': 81, 'ʋ': 78, 'p': 75, 'ʂ': 63, 'x': 56, 'ʰ': 50, 'ʃ': 50, 'ɡ': 43, 'ʈ': 39, 'c': 31, 'ʐ': 26, 'ɣ': 24, 'w': 6, '.': 3, 'ɖ': 2, 'ð': 2, 'ŋ': 1})",(Portuguese),_urUrdu
12218,10863,42,"Counter({'ː': 2067, 'a': 1366, 'ə': 541, 'k': 481, 't': 453, 'j': 446, 'ɾ': 431, 'e': 390, 'ɪ': 369, 's': 301, 'v': 294, 'ʌ': 289, 'n': 286, 'ɳ': 286, 'ʰ': 278, 'i': 274, 'd': 236, 'm': 228, 'c': 215, 'l': 207, 'h': 188, 'p': 171, '̃': 135, 'ʃ': 115, 'o': 108, 'ʊ': 103, 'ʈ': 89, 'ɡ': 85, 'z': 81, 'r': 80, 'b': 75, 'u': 59, 'ʂ': 57, 'ɭ': 26, 'ɖ': 17, 'ɟ': 15, 'ɲ': 10, 'ŋ': 9, 'ɛ': 1, 'w': 1})",(Korean),_mrMarathi
12225,10318,36,"Counter({'ɔ': 998, 'a': 936, 'ɛ': 875, 't': 715, 'n': 447, 'v': 435, 'r': 403, 's': 400, 'd': 392, 'i': 380, 'ɨ': 374, 'p': 347, 'ʲ': 327, 'k': 325, 'u': 304, 'ɕ': 289, 'ɲ': 280, 'ʃ': 250, 'j': 245, 'm': 236, 'l': 208, 'w': 182, 'z': 149, 'f': 146, 'ɡ': 129, 'ʒ': 129, 'b': 113, 'ʑ': 103, 'x': 80, '̃': 68, 'ː': 27, 'ŋ': 14, 'ɣ': 9, 'c': 3})",(Russian),_plPolish
12231,10699,29,"Counter({'a': 1415, 'i': 1146, 's': 931, 'e': 916, 'ʰ': 690, 't': 622, 'r': 539, 'b': 496, 'l': 474, 'o': 458, 'd': 435, 'm': 387, 'v': 377, 'n': 375, 'u': 370, 'k': 187, 'p': 177, 'ɡ': 160, 'ʃ': 152, 'x': 126, 'q': 100, 'z': 89, 'ɣ': 45, 'ʒ': 20, 'ə': 5, 'h': 4, 'c': 3})",(Portuguese),_kaGeorgian
12236,10467,36,"Counter({'a': 1072, 'o': 855, 't': 772, 'i': 591, 'ː': 591, 'n': 562, 'ɪ': 545, 'β': 472, 'j': 452, '̪': 438, 's': 432, 'r': 404, 'u': 385, 'd': 370, 'ɛ': 370, 'p': 269, 'ʃ': 218, 'z': 216, 'k': 210, 'm': 209, 'b': 182, 'ɲ': 160, 'ʎ': 152, 'ʒ': 115, 'h': 113, 'l': 104, 'x': 81, 'f': 49, 'e': 30, 'v': 20, 'ɣ': 14, 'ʲ': 10, 'ɡ': 3, 'ə': 1})",(Spanish),_ukUkrainian
12246,10337,35,"Counter({'i': 1421, 'a': 1158, 's': 953, 'ː': 903, 't': 763, 'e': 673, 'u': 626, 'ʋ': 453, 'm': 447, 'r': 415, 'n': 315, 'd': 277, 'b': 268, 'l': 264, 'k': 244, 'p': 189, 'o': 178, 'z': 169, 'j': 127, '͡': 107, 'æ': 92, 'ɡ': 88, 'ʃ': 84, 'ɲ': 73, 'ʎ': 13, 'ɟ': 12, '`': 7, 'c': 5, 'ʒ': 5, 'f': 4, '̩': 2, 'ŋ': 1, 'h': 1})",(Quechua),_lvLatvian
12251,10377,44,"Counter({'ː': 1763, 'a': 789, 'k': 718, 'ɾ': 536, 'e': 506, 'ɪ': 449, 'ə': 436, 'ʌ': 431, 'n': 399, 't': 391, 's': 378, 'ʰ': 332, 'i': 256, 'j': 255, 'd': 251, 'ʋ': 238, 'm': 233, 'o': 218, 'h': 196, 'p': 191, '̃': 160, 'ʊ': 141, 'b': 131, 'c': 119, 'ɔ': 117, 'ʃ': 100, 'l': 99, 'ɟ': 92, 'ɛ': 89, 'ɡ': 84, 'r': 58, 'u': 53, 'ʂ': 48, 'ʈ': 39, 'ɳ': 32, '.': 12, 'ɲ': 10, 'ŋ': 10, 'w': 8, 'ɖ': 6, 'z': 2, 'f': 1})",(Korean),_hiHindi
12254,10309,37,"Counter({'e': 1465, 'a': 1378, 'o': 1018, 'i': 733, 'ɾ': 663, 'u': 489, 't': 466, 'p': 445, 'm': 342, 'k': 335, 'h': 314, 'β': 310, 'd': 293, '̃': 287, 'y': 241, 'ɣ': 227, 's': 173, 'l': 172, 'n': 167, 'ʃ': 140, 'ʝ': 130, 'ŋ': 129, 'ɲ': 111, 'θ': 101, 'b': 98, 'ɡ': 24, 'f': 21, 'ː': 10, 'ɪ': 6, 'ɨ': 6, 'ʒ': 3, 'ɛ': 3, 'v': 3, 'ɳ': 3, 'r': 3})",(Arabic),_gnGuarani
12256,10053,36,"Counter({'e': 1307, 'a': 1129, 'o': 968, 'n': 731, 's': 718, 'ɾ': 603, 'i': 585, 't': 575, 'l': 529, 'ð': 475, 'j': 328, 'k': 327, 'u': 258, 'p': 241, 'm': 234, 'θ': 226, 'β': 170, 'd': 158, 'ʃ': 69, 'r': 65, 'f': 64, 'ɛ': 58, 'w': 53, 'x': 50, 'ɣ': 48, 'b': 26, 'ɪ': 20, 'ʎ': 9, 'ɡ': 8, 'ʊ': 6, 'ʝ': 5, 'ŋ': 5, 'ɲ': 3, 'ː': 2})",(Spanish),_esSpanish (Spain)
12264,10452,38,"Counter({'ː': 931, 'e': 905, 'i': 894, 'a': 870, 'o': 826, 't': 695, 's': 568, 'n': 515, 'r': 412, 'v': 412, 'd': 362, 'p': 310, 'm': 303, 'k': 279, 'l': 278, 'u': 255, 'ɲ': 234, 'j': 205, 'b': 185, 'z': 184, 'ʃ': 160, 'ʒ': 104, '̝': 89, 'x': 83, 'h': 82, 'ʊ': 65, 'c': 61, '̊': 58, 'ɟ': 36, 'f': 34, 'ɪ': 19, '̩': 17, 'ɡ': 11, 'ɣ': 7, 'ŋ': 2, 'ʑ': 1})",(Japanese),_csCzech
12273,10690,43,"Counter({'ː': 2026, 'a': 1307, 'ə': 544, 'k': 476, 't': 457, 'j': 428, 'ɾ': 412, 'e': 397, 'ɪ': 348, 'ʌ': 316, 's': 312, 'v': 297, 'n': 291, 'i': 289, 'ɳ': 279, 'ʰ': 246, 'm': 241, 'd': 226, 'h': 207, 'l': 202, 'c': 193, 'p': 157, '̃': 118, 'o': 111, 'ʃ': 106, 'ʈ': 103, 'ʊ': 101, 'r': 87, 'ɡ': 80, 'z': 68, 'b': 65, 'u': 63, 'ʂ': 52, 'ɭ': 28, 'ɖ': 21, 'ɟ': 17, 'ŋ': 9, 'ɲ': 7, 'ɔ': 1, 'ɛ': 1, 'w': 1})",(English),_mrMarathi
12287,10371,35,"Counter({'a': 2320, 'n': 792, 'ə': 684, 'i': 638, 's': 550, 'd': 548, 't': 528, 'k': 511, 'r': 508, 'u': 503, 'm': 409, 'p': 402, 'l': 321, 'b': 284, 'h': 274, 'ŋ': 261, 'ɛ': 172, 'ɡ': 104, 'o': 80, 'j': 80, 'ɲ': 77, 'ɔ': 60, 'ʒ': 57, 'ɪ': 46, 'w': 42, 'ʃ': 34, 'ʊ': 34, 'ç': 15, 'e': 12, 'f': 11, 'v': 10, 'x': 3, 'ɹ': 1})",(Russian),_idIndonesian
12291,10843,36,"Counter({'ʲ': 1260, 'ʌ': 831, 't': 812, 'i': 807, 's': 613, 'n': 613, 'j': 512, 'v': 493, 'ɪ': 455, 'r': 441, 'ɑ': 372, 'a': 345, 'd': 313, 'ɭ': 289, 'u': 280, 'p': 279, 'y': 270, 'm': 255, 'o': 248, 'e': 230, 'k': 201, 'b': 158, 'ʃ': 120, 'ʒ': 116, 'z': 109, 'f': 85, 'x': 85, 'ɡ': 77, 'ɕ': 67, 'ɛ': 46, 'ə': 31, '""': 20, 'ʑ': 8, 'ɔ': 2})",(Korean),_ruRussian
12293,9496,28,"Counter({'a': 2195, 't': 1034, 'e': 1004, 'i': 841, 'k': 601, 'ɔ': 515, 'r': 469, 'u': 431, '""': 389, 'h': 384, 'm': 364, 'ŋ': 348, 'n': 302, 'f': 226, 'p': 122, 'ɪ': 114, 'w': 71, 'ʊ': 29, 'o': 23, 'ː': 15, 'ɛ': 7, 's': 5, 'd': 4, 'b': 1, 'l': 1, 'v': 1})",(Japanese),_miMāori
12295,10766,34,"Counter({'a': 2301, 'ː': 1030, 'i': 907, 'n': 813, 'u': 667, 'r': 613, 'k': 578, 't': 326, 'l': 318, 'j': 293, 'm': 287, 'd': 285, 'ʋ': 260, 'e': 256, 'p': 221, 's': 217, 'o': 204, 'c': 172, 'ʰ': 135, 'ʈ': 133, 'ɡ': 124, 'ɖ': 122, 'h': 118, 'b': 83, 'ɟ': 72, 'ɪ': 65, 'ʂ': 57, 'ɕ': 40, 'ɳ': 34, 'ʲ': 15, 'ʊ': 13, 'ɭ': 7})",(English),_teTelugu
12296,10435,34,"Counter({'ɛ': 1099, 'ː': 1079, 'ɑ': 869, 't': 719, 'n': 611, 'l': 533, 'k': 493, 'ʃ': 484, 'i': 481, 'o': 429, 'e': 400, 'm': 348, 'a': 323, 'r': 282, 'ɡ': 260, 'z': 257, 's': 235, 'v': 214, 'b': 184, 'ø': 176, 'ɟ': 161, 'j': 159, 'd': 154, 'h': 142, 'y': 90, 'ɲ': 73, 'f': 57, 'u': 55, 'p': 45, 'ʎ': 17, 'c': 5, 'ʒ': 1})",(Arabic),_huHungarian
12300,10059,46,"Counter({'ə': 1021, 'ː': 888, 'n': 771, 'ɐ': 454, '̪': 406, 'r': 393, 't': 393, 'i': 389, 'ɪ': 388, 'ʲ': 364, 'ɡ': 361, 's': 320, 'x': 318, 'l': 288, 'ʃ': 267, 'd': 255, 'a': 233, 'A': 226, 'u': 184, 'ɑ': 181, 'k': 178, 'ɹ': 168, 'ɛ': 168, 'e': 161, 'ʊ': 140, 'h': 139, 'ɔ': 121, 'o': 118, 'v': 107, 'm': 92, '̯': 91, 'f': 77, 'b': 70, 'ʒ': 69, 'c': 50, 'p': 47, 'ç': 39, 'j': 39, 'w': 28, 'χ': 23, 'ŋ': 13, 'ɣ': 8, '̆': 7, 'ʁ': 6})",(Spanish),_gaGaelic (Irish)
12307,10490,42,"Counter({'a': 1010, 'ː': 984, 'r': 865, 'ɪ': 766, 'ɛ': 558, 'n': 526, 'd': 517, 's': 495, 'l': 428, 'y': 398, 'm': 313, 'ð': 301, '#': 272, 'h': 254, 'ɡ': 254, 'j': 233, 'ʊ': 233, 'ʋ': 219, 'f': 177, 'ɔ': 165, 'ə': 160, 'i': 155, 'e': 154, 'x': 149, 'θ': 121, 'ɣ': 105, 't': 93, 'ɟ': 92, 'b': 89, 'ɾ': 88, 'o': 80, 'œ': 58, 'ŋ': 57, 'k': 31, 'u': 25, 'c': 21, 'ø': 17, 'ɲ': 13, 'p': 8, 'ç': 6})",(English),_isIcelandic
12308,10809,43,"Counter({'ː': 1876, 'a': 885, 'ʌ': 734, 'ə': 644, 'n': 609, 'e': 566, 'ɾ': 492, 't': 485, 'k': 462, 'ʰ': 396, 'ʋ': 343, 'm': 302, 'o': 280, 'ɪ': 274, 'i': 258, 'd': 247, 's': 246, 'j': 208, 'p': 159, 'u': 157, '̃': 120, 'c': 120, 'ɳ': 103, 'ʃ': 102, 'ɟ': 101, 'b': 100, 'l': 95, 'h': 74, 'ɡ': 71, 'ʈ': 69, 'r': 63, 'ʂ': 44, 'w': 44, '.': 31, 'ʊ': 16, 'ɲ': 12, 'ɖ': 8, 'ŋ': 8, 'ɛ': 3, 'ɔ': 1, 'z': 1})",(Korean),_guGujarati
12314,9950,43,"Counter({'a': 616, 'ː': 603, '2': 558, 't': 542, '6': 534, 'ə': 497, 'ɜ': 476, 'i': 436, 'k': 415, 'n': 384, 'w': 370, 'y': 306, '̪': 302, 'ŋ': 279, 'c': 269, 'j': 269, 'ɛ': 255, '4': 250, 'ɗ': 233, 'o': 232, 'ɔ': 210, 'm': 203, 'v': 174, 'h': 172, 'e': 160, 'ɲ': 154, 'u': 149, 'b': 141, 'z': 133, 'ʃ': 127, 's': 91, 'l': 90, '5': 73, 'f': 72, 'p': 58, 'x': 52, 'ɪ': 42, '7': 12, 'ɣ': 5, '1': 3, 'ʊ': 3})",(Korean),_viVietnamese (Northern)
12315,10113,34,"Counter({'e': 1288, 't': 1027, 'a': 925, 'n': 605, 'i': 582, 'r': 554, 's': 546, 'u': 510, 'l': 382, 'o': 346, 'ə': 341, 'p': 340, 'd': 326, 'ʃ': 323, 'k': 267, 'ʲ': 233, 'm': 230, 'ɾ': 192, 'f': 147, 'j': 135, 'ɪ': 120, 'ɨ': 115, 'v': 111, 'b': 96, 'ɔ': 92, 'z': 89, 'ʊ': 58, 'ɡ': 52, 'ʒ': 43, 'w': 28, 'ŋ': 7, 'h': 3})",(Quechua),_roRomanian
12329,10311,41,"Counter({'ɐ': 830, 'i': 756, 'd': 650, 't': 516, 'ɨ': 515, 'e': 493, 'ʊ': 485, 's': 463, 'u': 440, 'ɾ': 374, 'ɪ': 369, 'ŋ': 360, '̃': 339, 'a': 338, 'l': 288, 'k': 285, 'ɹ': 262, 'n': 261, 'm': 251, 'p': 233, 'o': 199, 'ʃ': 187, 'w': 184, 'ʒ': 170, 'z': 157, 'ə': 154, 'v': 112, 'ɡ': 93, 'ɛ': 90, 'ɔ': 80, 'b': 75, 'ɑ': 72, 'f': 66, 'j': 64, 'ʁ': 49, 'ː': 24, 'ʎ': 19, 'ɲ': 7, 'r': 1})",(English),_ptPortuguese (Portugal)
12330,10608,35,"Counter({'a': 2160, 'ː': 1153, 'l': 818, 'ʔ': 682, 'i': 681, 'm': 476, 't': 442, 'd': 385, 'j': 351, 'w': 336, 'ʕ': 320, 'n': 306, 'r': 287, 'u': 273, 's': 236, 'h': 206, 'q': 191, 'ħ': 186, 'f': 174, 'b': 164, 'k': 112, '̪': 106, 'ʒ': 101, 'ʃ': 94, 'ˤ': 60, 'ð': 59, 'z': 59, 'θ': 58, 'x': 44, '.': 39, 'χ': 35, 'ɣ': 12, 'ɹ': 2})",(Spanish),_arArabic
12332,10545,34,"Counter({'t': 1032, 'i': 989, 'e': 890, 'o': 845, 'ɐ': 798, 'n': 747, 'a': 627, 's': 616, 'v': 509, 'r': 508, 'd': 419, 'ː': 305, 'p': 273, 'ʃ': 256, 'k': 249, 'm': 185, 'z': 179, 'l': 154, 'b': 150, 'ə': 126, 'u': 124, 'j': 107, 'ɫ': 102, 'ʒ': 93, 'f': 81, 'ɡ': 80, 'ʲ': 47, 'x': 28, 'ɲ': 13, 'ʂ': 10, 'ʑ': 2, 'ç': 1})",(Japanese),_bgBulgarian
12333,9964,32,"Counter({'a': 1010, 'i': 912, 'n': 730, 'u': 677, '4': 585, '6': 584, 'o': 519, 'ɡ': 503, '1': 480, 'k': 436, 'j': 432, 'ɜ': 323, 'e': 281, 'z': 260, 'd': 249, '2': 234, 's': 233, 'w': 232, 't': 220, '5': 168, 'y': 156, 'm': 123, 'b': 122, 'h': 111, 'p': 99, 'l': 96, 'c': 84, 'f': 76, '7': 19, 'ŋ': 10})",(Korean),"_zh-CNChinese (Cantonese, latin as Jyutping)"
12338,10347,38,"Counter({'ː': 1381, 'r': 885, 'n': 736, 't': 704, 'a': 656, 'l': 638, 'ə': 463, 'ɛ': 462, 's': 447, 'ɪ': 332, 'i': 324, 'e': 299, 'ɑ': 281, 'k': 277, 'u': 265, 'm': 255, 'ɡ': 243, 'f': 233, 'd': 210, 'v': 184, 'h': 158, 'ɔ': 145, 'ʉ': 135, 'ŋ': 99, 'p': 90, 'o': 88, 'b': 84, 'ʃ': 78, 'y': 54, 'j': 48, 'ø': 34, 'œ': 18, 'ʊ': 16, 'ʂ': 10, 'ɹ': 8, 'x': 7})",(Japanese),_noNorwegian Bokmål
12339,10734,33,"Counter({'ɑ': 1305, '[': 919, 'n': 705, 'e': 690, 't': 650, 'd': 623, 'r': 551, 'u': 524, 'i': 494, 'q': 444, 'ɯ': 440, 'l': 406, 'o': 387, 'm': 296, ':': 258, 'j': 245, 'b': 241, 'k': 235, 'Z': 226, 'S': 224, 's': 219, 'y': 187, 'ʁ': 157, 'z': 118, 'ɡ': 94, 'p': 60, 'N': 22, 'ə': 5, 'X': 4, 'v': 3, 'f': 2})",(Portuguese),_kyKyrgyz
12340,10054,35,"Counter({'ə': 1777, 'i': 840, 't': 683, 's': 681, 'l': 576, 'n': 572, 'ɾ': 433, 'u': 433, 'a': 392, 'z': 355, 'k': 337, 'ð': 323, 'p': 269, 'r': 251, 'm': 248, 'd': 244, 'o': 239, 'e': 222, 'ɛ': 187, 'β': 178, 'w': 156, 'ɔ': 132, 'j': 103, 'ɣ': 76, 'b': 70, 'ʎ': 62, 'ʒ': 57, 'f': 52, 'ŋ': 35, 'ɡ': 28, 'ʃ': 23, 'ɲ': 12, 'ɱ': 8})",(Chinese),_caCatalan
12344,10727,40,"Counter({'ə': 1878, 'ː': 816, 'i': 803, 'ɐ': 633, 'n': 491, 'j': 490, 'k': 469, 't': 458, 'm': 448, 'w': 448, 's': 446, 'a': 419, 'e': 349, 'd': 315, 'h': 290, 'u': 279, 'ɹ': 274, 'æ': 203, 'p': 172, 'ʈ': 168, 'ɡ': 151, 'l': 122, 'o': 114, 'ʰ': 94, 'b': 72, 'ʒ': 60, 'ɭ': 46, 'ʃ': 44, 'ⁿ': 39, 'ɳ': 39, 'r': 31, 'ɖ': 25, 'v': 14, 'ʊ': 13, 'ᵑ': 5, 'ŋ': 4, 'ɪ': 3, 'ɲ': 2})",(Korean),_siSinhala
12355,9969,46,"Counter({'ə': 1014, 'ː': 896, 'n': 759, '̪': 442, 'ɐ': 421, 't': 406, 'r': 391, 'i': 376, 'ʲ': 371, 'ɪ': 364, 'ɡ': 336, 'l': 311, 's': 296, 'x': 280, 'ʃ': 280, 'd': 267, 'a': 233, 'A': 223, 'ɛ': 199, 'ɑ': 193, 'e': 188, 'u': 180, 'k': 162, 'h': 148, 'ɹ': 133, 'ʊ': 128, 'ɔ': 121, 'o': 111, 'v': 107, 'm': 100, '̯': 93, 'f': 66, 'b': 62, 'ʒ': 58, 'c': 51, 'ç': 51, 'j': 45, 'p': 32, 'χ': 24, 'w': 21, 'ŋ': 9, '̆': 8, 'ʁ': 7, 'ɣ': 6})",(Arabic),_gaGaelic (Irish)
12361,10633,34,"Counter({'ː': 1144, 'ɛ': 1143, 'ɑ': 831, 't': 729, 'n': 573, 'l': 556, 'k': 514, 'ʃ': 510, 'i': 503, 'o': 443, 'e': 406, 'a': 350, 'm': 349, 'z': 271, 'ɡ': 263, 'r': 262, 's': 257, 'v': 219, 'b': 190, 'ø': 182, 'j': 178, 'd': 147, 'h': 141, 'ɟ': 140, 'ɲ': 73, 'y': 73, 'f': 64, 'u': 56, 'p': 43, 'ʎ': 12, 'c': 9, 'ʒ': 2})",(Spanish),_huHungarian
12363,10269,41,"Counter({'ə': 1167, 'n': 1048, 't': 722, 'ː': 664, 'r': 636, 'ɛ': 545, 'd': 497, 'ɪ': 494, 'l': 364, 'ɑ': 331, 'v': 329, 's': 306, 'i': 290, 'ɔ': 281, 'e': 270, 'k': 231, 'm': 201, 'a': 200, 'ɣ': 200, 'h': 187, 'x': 178, 'ʋ': 148, 'z': 133, 'p': 127, 'f': 122, 'b': 121, 'o': 115, 'ŋ': 112, 'y': 58, 'u': 46, 'ɵ': 36, 'ʃ': 26, 'œ': 21, 'ʊ': 20, 'ʌ': 15, 'j': 13, 'ø': 8, 'w': 4, 'ɾ': 3})",(Portuguese),_nlDutch
12367,10344,35,"Counter({'a': 2278, 'n': 800, 'i': 701, 'ə': 639, 'd': 578, 'u': 564, 't': 529, 'k': 523, 's': 522, 'r': 459, 'm': 442, 'p': 394, 'l': 322, 'b': 265, 'h': 263, 'ŋ': 236, 'ɛ': 165, 'ɲ': 104, 'ɡ': 94, 'j': 72, 'o': 68, 'ʒ': 66, 'ɪ': 59, 'ɔ': 40, 'ʊ': 38, 'w': 33, 'ʃ': 31, 'v': 18, 'e': 13, 'f': 13, 'ç': 11, 'x': 3, 'ɹ': 1})",(Arabic),_idIndonesian
12373,10479,38,"Counter({'a': 1953, 'ə': 1170, 'n': 801, 'i': 557, 'd': 548, 'r': 504, 't': 495, 's': 477, 'm': 435, 'u': 418, 'k': 406, 'p': 383, 'h': 289, 'b': 285, 'l': 278, 'ŋ': 277, 'o': 173, 'ʔ': 155, 'ɾ': 115, 'ɡ': 103, 'ɛ': 94, 'ɲ': 82, 'j': 77, 'e': 68, 'ʒ': 60, 'ɪ': 58, 'w': 49, 'ɔ': 48, 'ʃ': 45, 'ʊ': 34, 'f': 13, 'v': 11, 'ː': 7, 'x': 4, 'z': 4, 'ɹ': 3})",(Russian),_msMalay
12373,10568,38,"Counter({'a': 1100, 'o': 941, 'i': 809, 'e': 799, 't': 763, 'ː': 665, 's': 547, 'n': 506, 'r': 436, 'v': 399, 'd': 385, 'u': 371, 'k': 322, 'p': 306, 'm': 295, 'l': 281, 'ʲ': 277, 'j': 197, 'b': 190, 'ɲ': 176, 'ʃ': 175, 'z': 146, 'ʒ': 106, 'h': 82, 'x': 75, 'ʎ': 65, 'w': 36, 'f': 30, 'ʑ': 19, 'ʊ': 19, '̩': 16, 'ɡ': 13, 'æ': 7, 'ŋ': 5, 'ɣ': 5, 'ɾ': 4})",(Japanese),_skSlovak
12378,10482,37,"Counter({'ɔ': 987, 'ɛ': 902, 'a': 896, 't': 727, 'n': 450, 's': 420, 'd': 419, 'r': 419, 'ɨ': 402, 'i': 399, 'v': 389, 'p': 373, 'ʲ': 324, 'u': 323, 'ɲ': 301, 'ɕ': 300, 'k': 280, 'j': 273, 'm': 269, 'ʃ': 248, 'l': 199, 'f': 156, 'w': 156, 'z': 151, 'ɡ': 134, 'b': 119, 'ʒ': 119, 'ʑ': 113, '̃': 88, 'x': 87, 'ː': 25, 'ŋ': 17, 'ɣ': 14, 'c': 2, 'ç': 1})",(Japanese),_plPolish
12379,10564,42,"Counter({'a': 1018, 'ː': 970, 'r': 861, 'ɪ': 790, 'ɛ': 583, 'd': 542, 'n': 513, 's': 471, 'l': 421, 'y': 408, 'ð': 340, 'm': 325, 'h': 245, '#': 244, 'j': 243, 'ɡ': 234, 'ʊ': 228, 'ʋ': 222, 'f': 182, 'i': 171, 'e': 165, 'ɔ': 157, 'ə': 151, 'x': 148, 'θ': 130, 'ɣ': 108, 'b': 94, 'ɟ': 91, 'ɾ': 90, 't': 86, 'œ': 74, 'o': 71, 'ŋ': 68, 'k': 34, 'u': 26, 'c': 22, 'ø': 16, 'ɲ': 11, 'p': 6, 'ç': 5})",(Portuguese),_isIcelandic
12380,10546,40,"Counter({'ɑ': 1088, '[': 789, 'e': 728, 'n': 589, 'd': 579, 'u': 564, 'i': 536, 't': 534, 'r': 529, 'b': 501, 'o': 458, 'l': 433, 'ɯ': 396, 'q': 382, 'm': 270, 'y': 263, 'k': 262, 'S': 260, 'z': 240, ':': 231, 'Z': 195, 'j': 194, 'ʁ': 164, 's': 158, 'ɡ': 89, 'p': 55, 'ː': 19, 'N': 7, 'ɛ': 7, 'ɪ': 6, 'v': 4, 'a': 4, 'X': 4, 'f': 3, 'ə': 2, 'ʌ': 1, 'w': 1, 'ʃ': 1})",(Quechua),_kyKyrgyz
12384,10670,32,"Counter({'a': 1620, 'e': 1345, 's': 813, 't': 809, 'i': 700, 'k': 610, 'n': 605, 'o': 600, 'ɾ': 586, 'u': 501, '̻': 447, '̺': 366, 'ð': 299, 'β': 283, 'l': 196, 'ɣ': 137, 'p': 111, 'r': 106, 'b': 96, 'ɪ': 89, 'm': 78, 'd': 64, 'ɲ': 48, 'ʊ': 42, 'ɡ': 39, 'ʎ': 20, 'j': 16, 'f': 15, 'ɟ': 15, 'ʃ': 14})",(Russian),_euBasque
12395,10562,35,"Counter({'æ': 1597, 'y': 1517, 'ɾ': 595, 'n': 578, 't': 505, 'ɑ': 479, 'ʊ': 455, 'd': 438, 'k': 394, 'm': 375, 'ɫ': 365, 'q': 347, 'b': 307, 'l': 295, 'ʃ': 285, 'j': 261, 's': 258, 'e': 230, 'ɡ': 229, 'h': 223, 'ʋ': 173, 'o': 123, 'z': 104, 'ŋ': 88, 'S': 88, 'ʒ': 68, 'ʔ': 52, 'χ': 47, 'f': 44, 'ː': 19, 'ʁ': 14, 'p': 6, 'i': 3})",(Chinese),_uzUzbek
12397,10575,38,"Counter({'ɑ': 1067, 'e': 756, 'i': 693, 'r': 675, 'n': 604, 'ʊ': 489, 'd': 472, 'm': 468, 'ɯ': 421, 'ɫ': 374, 't': 365, 'o': 341, 'l': 330, 'ʃ': 277, 'ː': 276, 'β': 269, 'j': 263, 'θ': 251, 'ʁ': 233, 'q': 232, 'k': 229, 'ø': 175, 'ð': 169, 'œ': 167, 'ŋ': 160, 'ɡ': 127, 'x': 122, 'æ': 104, 'h': 92, 'ʒ': 91, 'p': 84, 'b': 81, 'ɪ': 76, 'ɛ': 30, 's': 11, 'f': 1})",(Chinese),_tkTurkmen
12411,11397,42,"Counter({'ː': 1257, 'ɐ': 873, 'ə': 832, 'i': 685, 'u': 643, 'm': 604, 'a': 604, 'n': 571, 'ɾ': 501, 'j': 428, 'v': 377, 't': 336, 'e': 323, 'k': 300, 'd': 275, 'l': 271, 'ɡ': 225, 'ɭ': 209, 's': 206, 'ʈ': 198, 'o': 175, 'p': 171, 'ŋ': 170, 'ɖ': 145, 'ɨ': 130, 'ɳ': 126, 'ʰ': 118, 'b': 110, 'ɕ': 102, 'r': 81, 'ʂ': 77, 'ʲ': 61, 'c': 61, 'h': 47, 'ɟ': 30, 'ɪ': 22, 'ɲ': 17, '.': 16, '̩': 11, 'ʊ': 9})",(Korean),_mlMalayalam
12418,10233,36,"Counter({'e': 1343, 'a': 1147, 'o': 959, 's': 759, 'n': 695, 'ɾ': 659, 'i': 627, 't': 577, 'ð': 512, 'l': 502, 'j': 345, 'k': 326, 'p': 257, 'θ': 249, 'u': 233, 'm': 218, 'β': 200, 'd': 137, 'r': 71, 'ʃ': 70, 'w': 56, 'ɛ': 55, 'f': 53, 'x': 49, 'ɣ': 41, 'b': 27, 'ɪ': 20, 'ɡ': 11, 'ŋ': 9, 'ʝ': 9, 'ʊ': 8, 'ʎ': 5, 'ɲ': 3, 'ː': 1})",(Russian),_esSpanish (Spain)
12425,9967,45,"Counter({'ə': 1283, 'a': 759, 'n': 704, 'ɾ': 562, 'ʲ': 546, 'ɡ': 404, 's': 403, 'x': 393, 'ː': 357, 'i': 338, 'ɪ': 313, 'u': 305, 'ɔ': 282, 'd': 242, '̪': 218, 'h': 212, 'ɣ': 203, 'k': 187, 't': 178, 'v': 174, 'ɯ': 165, 'ɛ': 162, 'ɕ': 155, 'm': 155, 'e': 146, 'l': 142, 'ɫ': 116, 'b': 116, 'ç': 87, 'ɲ': 82, 'ɤ': 78, 'c': 78, 'ʰ': 78, 'f': 62, 'ʊ': 59, 'ʎ': 54, 'o': 41, 'ʝ': 39, 'p': 39, 'r': 37, 'ʃ': 6, 'j': 6, 'ŋ': 1})",(Chinese),_gdGaelic (Scottish)
12428,10190,35,"Counter({'e': 1037, 'a': 1032, 'i': 873, 'o': 848, 't': 819, 'n': 695, 'r': 656, 'l': 617, 's': 546, 'd': 490, 'ɪ': 334, 'k': 282, 'p': 240, 'ʊ': 211, 'ː': 203, 'm': 175, 'ɛ': 134, 'v': 131, 'ʃ': 108, 'u': 108, 'b': 86, 'ɔ': 81, 'ɲ': 79, 'z': 74, 'f': 73, 'w': 59, 'j': 54, 'ɡ': 53, 'ʒ': 45, 'ʎ': 24, 'ɾ': 21, 'ŋ': 1, '̪': 1})",(Arabic),_itItalian
12433,11011,37,"Counter({'ɐ': 2087, 'ː': 864, 'u': 688, 't': 642, 'i': 636, 'a': 566, 'n': 511, 'ɹ': 471, 'd': 434, 'e': 416, 'k': 406, 'v': 363, 'm': 322, 'j': 313, 'ɡ': 296, 'l': 273, 's': 251, 'ʰ': 206, 'b': 159, 'p': 147, 'o': 139, 'h': 134, 'ɭ': 127, 'r': 87, 'ɖ': 76, 'ʂ': 71, 'ɳ': 71, 'ɟ': 57, 'ʈ': 56, 'ɕ': 47, 'c': 38, 'ɪ': 23, 'ŋ': 15, 'ʊ': 10, 'ɲ': 9})",(English),_knKannada
12435,10430,34,"Counter({'e': 1243, 'a': 1049, 't': 964, 'i': 781, 'r': 572, 'n': 564, 'l': 533, 's': 527, 'u': 442, 'o': 440, 'p': 364, 'd': 352, 'k': 321, 'ɾ': 309, 'ʃ': 292, 'ə': 284, 'm': 187, 'ʲ': 175, 'ɪ': 143, 'j': 138, 'v': 125, 'ɨ': 109, 'f': 103, 'b': 96, 'z': 78, 'ɔ': 65, 'ʊ': 55, 'ɡ': 53, 'ʒ': 44, 'w': 13, 'ŋ': 6, 'h': 3})",(Spanish),_roRomanian
12435,10854,31,"Counter({'a': 2306, 'n': 1089, 'i': 884, 't': 810, 's': 738, 'u': 594, 'k': 567, 'q': 471, 'p': 424, 'j': 397, 'r': 370, 'm': 334, 'e': 333, 'o': 314, 'ʃ': 239, 'h': 204, 'ʎ': 158, 'd': 139, 'l': 130, 'w': 123, 'ʔ': 38, 'b': 37, '`': 35, 'ɲ': 29, 'ɡ': 28, 'f': 20, 'ː': 18, 'v': 14, 'z': 11})",(Portuguese),_quQuechua
12445,10223,36,"Counter({'e': 1335, 'a': 1126, 'o': 966, 's': 792, 'n': 733, 'ɾ': 673, 'i': 614, 't': 588, 'l': 492, 'ð': 473, 'k': 297, 'j': 290, 'u': 280, 'p': 267, 'θ': 222, 'm': 218, 'β': 201, 'd': 129, 'r': 77, 'ʃ': 74, 'x': 61, 'w': 56, 'ɣ': 56, 'ɛ': 52, 'f': 51, 'ɪ': 21, 'ɡ': 20, 'b': 19, 'ŋ': 17, 'ʝ': 8, 'ʎ': 5, 'ɲ': 5, 'ʊ': 4, 'ː': 1})",(Japanese),_esSpanish (Spain)
12452,10386,44,"Counter({'ː': 1730, 'a': 815, 'k': 697, 'ɾ': 527, 'ə': 486, 'e': 467, 'ɪ': 459, 'ʌ': 429, 'n': 402, 's': 394, 't': 371, 'ʰ': 321, 'j': 272, 'ʋ': 260, 'i': 249, 'd': 245, 'm': 232, 'h': 219, 'o': 188, 'p': 180, 'ʊ': 148, '̃': 144, 'b': 138, 'l': 119, 'c': 117, 'ɔ': 111, 'ɡ': 102, 'ɟ': 102, 'ʃ': 93, 'ɛ': 89, 'r': 56, 'u': 55, 'ʂ': 46, 'ʈ': 40, 'ɳ': 35, '.': 12, 'ŋ': 11, 'ɲ': 8, 'ɖ': 8, 'w': 7, 'z': 1, 'f': 1})",(English),_hiHindi
12460,10510,36,"Counter({'a': 1115, 'o': 873, 't': 778, 'i': 574, 'ː': 574, 'n': 570, 'ɪ': 550, 'j': 462, 's': 460, '̪': 454, 'β': 437, 'r': 394, 'ɛ': 385, 'd': 364, 'u': 355, 'p': 263, 'm': 230, 'z': 222, 'k': 222, 'b': 194, 'ʃ': 191, 'ɲ': 151, 'ʎ': 144, 'h': 127, 'ʒ': 110, 'l': 102, 'x': 88, 'f': 46, 'e': 29, 'v': 20, 'ɣ': 13, 'ʲ': 11, 'ɡ': 1, 'ə': 1})",(Arabic),_ukUkrainian
12466,10108,47,"Counter({'ː': 1712, 'a': 1338, 'r': 552, 'i': 512, 'k': 511, 'e': 457, 'h': 391, 'm': 382, 'n': 379, 'ɪ': 300, 't': 297, 's': 258, 'l': 252, 'd': 228, 'o': 205, 'ə': 199, 'ʌ': 198, 'q': 195, 'b': 154, 'ʊ': 152, 'z': 121, 'ɔ': 121, '̃': 108, 'j': 103, 'ɛ': 95, 'ʂ': 89, 'ɟ': 88, 'u': 86, 'ʃ': 84, 'f': 82, 'x': 81, 'ʋ': 68, 'p': 64, 'ʰ': 49, 'ɡ': 48, 'ʈ': 42, 'c': 40, 'ʐ': 26, 'ɣ': 23, 'w': 7, 'ɖ': 4, 'ð': 3, '.': 2, 'ɐ': 1, 'ŋ': 1})",(Russian),_urUrdu
12468,10497,37,"Counter({'ʲ': 1203, 't': 837, 'ʌ': 728, 'i': 634, 'n': 615, 's': 480, 'ɑ': 459, 'ɪ': 418, 'r': 407, 'v': 401, 'y': 385, 'j': 379, 'm': 353, 'd': 337, 'o': 312, 'ɭ': 276, 'e': 269, 'u': 255, 'a': 254, 'p': 252, 'b': 183, 'k': 182, 'ʃ': 171, 'ʒ': 145, 'z': 102, 'ɡ': 94, 'f': 84, 'x': 75, 'ɛ': 73, 'ɕ': 60, 'ə': 32, '""': 24, 'ʑ': 14, 'ɔ': 3, 'ɵ': 1})",(Quechua),_ruRussian
12468,10601,30,"Counter({'a': 2009, 'ː': 1482, 'n': 621, 'm': 569, 'u': 536, 't': 475, 'i': 472, 'k': 455, 'ɪ': 432, 'r': 340, 's': 331, 'b': 308, 'd': 307, 'o': 305, 'l': 249, 'ɡ': 246, 'e': 246, 'f': 243, '?': 211, '`': 173, 'w': 170, 'h': 124, 'ʃ': 94, 'ʒ': 91, 'ð': 79, 'ɲ': 28, 'θ': 3, 'Φ': 2})",(Japanese),_omOromo
12480,10198,46,"Counter({'ə': 1029, 'ː': 886, 'n': 767, '̪': 436, 'ɐ': 435, 'r': 414, 't': 408, 'i': 388, 'ʲ': 378, 'ɪ': 378, 'ɡ': 358, 'x': 330, 's': 327, 'l': 300, 'd': 276, 'ʃ': 271, 'a': 241, 'A': 235, 'ɛ': 195, 'ɑ': 189, 'k': 182, 'u': 170, 'e': 158, 'ɹ': 152, 'ʊ': 150, 'h': 132, 'v': 125, 'o': 123, 'ɔ': 121, 'm': 103, '̯': 94, 'b': 69, 'ʒ': 66, 'f': 64, 'ç': 47, 'c': 46, 'p': 36, 'j': 35, 'χ': 24, 'w': 23, '̆': 12, 'ʁ': 9, 'ŋ': 9, 'ɣ': 7})",(Russian),_gaGaelic (Irish)
12491,9494,30,"Counter({'a': 2167, 't': 1116, 'e': 966, 'i': 877, 'k': 700, 'ɔ': 528, 'u': 451, 'r': 414, '""': 407, 'h': 357, 'n': 327, 'm': 306, 'ŋ': 216, 'f': 188, 'o': 128, 'ɪ': 101, 'w': 79, 'p': 61, 'ː': 25, 'ʊ': 23, 'ɛ': 21, 'd': 12, 'ʒ': 8, 'l': 6, 's': 5, 'j': 2, 'v': 2, 'b': 1})",(Quechua),_miMāori
12495,10618,38,"Counter({'a': 1971, 'ə': 1220, 'n': 838, 'd': 548, 'i': 540, 'r': 516, 't': 505, 's': 471, 'm': 460, 'k': 431, 'u': 431, 'p': 376, 'h': 292, 'b': 283, 'ŋ': 275, 'l': 267, 'o': 161, 'ʔ': 153, 'ɾ': 119, 'ɡ': 103, 'ɛ': 102, 'j': 79, 'e': 78, 'ɲ': 76, 'ʒ': 61, 'ɪ': 53, 'w': 49, 'ɔ': 41, 'ʃ': 39, 'ʊ': 36, 'f': 20, 'v': 9, 'ː': 6, 'z': 5, 'ɹ': 3, 'x': 1})",(Spanish),_msMalay
12497,10732,35,"Counter({'a': 2232, 'ː': 1183, 'l': 830, 'ʔ': 715, 'i': 711, 'm': 468, 't': 431, 'd': 378, 'j': 331, 'w': 325, 'n': 310, 'ʕ': 308, 'r': 273, 'u': 265, 's': 242, 'h': 197, 'ħ': 190, 'q': 183, 'f': 166, 'b': 152, '̪': 121, 'ʃ': 115, 'ʒ': 114, 'k': 113, 'ð': 67, 'θ': 58, 'z': 54, 'x': 54, 'ˤ': 45, 'χ': 44, '.': 31, 'ɣ': 24, 'ɹ': 2})",(Russian),_arArabic
12501,10560,41,"Counter({'n': 1000, 't': 938, 'a': 768, 'ː': 746, 'ə': 724, 'ɪ': 593, 'd': 468, 's': 455, 'ɛ': 428, 'ɾ': 397, 'ʊ': 386, 'l': 370, 'f': 286, 'r': 235, 'i': 226, 'ɡ': 205, 'ç': 199, 'm': 183, 'z': 164, 'ɜ': 162, 'k': 161, 'e': 158, 'v': 145, 'ʃ': 142, 'o': 129, 'ŋ': 124, 'b': 120, 'h': 116, 'ɑ': 101, 'ɔ': 74, 'u': 70, 'p': 65, 'j': 64, 'x': 39, 'y': 30, 'ʏ': 26, 'ø': 24, 'œ': 23, 'ɐ': 16})",(Portuguese),_deGerman
12501,10724,35,"Counter({'ː': 1453, 'a': 978, 'i': 815, 'n': 709, 't': 651, 'ɔ': 640, 's': 555, 'r': 465, 'ɛ': 454, 'ʋ': 401, 'd': 367, 'e': 347, 'j': 340, 'p': 279, 'u': 254, 'l': 249, 'o': 244, 'k': 233, 'ʃ': 214, 'm': 214, 'z': 198, 'b': 149, 'ɡ': 132, 'w': 117, 'ʒ': 80, 'ə': 65, 'h': 58, 'ɲ': 22, 'ʎ': 19, 'x': 13, 'ŋ': 5, 'f': 3, 'ʑ': 1})",(Spanish),_slSlovenian
12502,10820,34,"Counter({'ə': 1571, 'ɨ': 1237, 'a': 1159, 't': 901, 'm': 580, 'n': 572, 'ʔ': 418, 'l': 415, 's': 392, 'w': 369, 'j': 344, '`': 266, 'β': 264, 'r': 261, 'k': 248, 'ʃ': 212, 'ɡ': 209, 'u': 199, 'd': 199, 'o': 189, 'h': 187, 'i': 161, 'b': 158, 'ɲ': 76, 'f': 67, 'e': 53, 'z': 49, 'ʒ': 37, 'ç': 13, 'x': 7, 'p': 4, 'ː': 3})",(Japanese),_amAmharic
12503,10834,45,"Counter({'ː': 1652, 'ə': 1374, 'a': 921, 'ɾ': 609, 'k': 492, 'n': 485, 'ɪ': 457, 'ʰ': 392, 't': 368, 's': 334, 'ʌ': 324, 'w': 263, 'd': 258, 'r': 252, 'm': 232, 'u': 221, 'o': 218, 'p': 216, 'j': 210, 'e': 171, 'c': 159, 'ɡ': 148, 'b': 142, 'l': 139, 'h': 133, 'i': 93, 'ɛ': 90, 'ɟ': 85, 'ʂ': 79, 'ʃ': 60, 'ɳ': 51, 'ʈ': 49, 'ʊ': 45, 'ʋ': 26, 'ŋ': 19, 'ɖ': 13, 'ɒ': 13, '̃': 11, 'ɲ': 11, 'ɔ': 9, 'θ': 4, 'ɹ': 4, 'ʲ': 2})",(English),_neNepali
12505,10354,37,"Counter({'5': 1123, 'i': 953, 't': 878, 'ɜ': 750, 'u': 600, 'n': 574, 'o': 550, 's': 458, 'ə': 443, '.': 389, 'ɕ': 381, '2': 350, 'h': 348, 'j': 299, 'ɑ': 236, 'ŋ': 201, 'χ': 199, 'y': 177, 'p': 158, 'k': 146, 'ʐ': 143, '1': 138, 'a': 111, 'ɛ': 110, 'e': 108, 'l': 102, 'æ': 95, 'ɡ': 76, 'w': 69, 'f': 60, '̪': 54, 'm': 41, 'r': 32, 'ʃ': 1, 'ɒ': 1})",(Korean),"_zh-TWChinese (Mandarin, latin as English)"
12508,11028,32,"Counter({'a': 1882, 'ʲ': 964, 'n': 732, 's': 656, 't': 614, '͡': 541, 'ɨ': 456, 'ɛ': 449, 'r': 428, 'v': 394, 'i': 379, 'j': 353, 'ɔ': 341, 'u': 320, 'd': 285, 'k': 272, 'p': 264, 'l': 263, 'm': 255, 'z': 189, 'b': 188, 'ʂ': 176, 'w': 151, 'ʈ': 124, 'ɣ': 120, 'ʐ': 99, 'x': 98, 'ɪ': 25, 'f': 5, 'ɖ': 5})",(Korean),_beBelarusian
12515,10777,43,"Counter({'ː': 1854, 'a': 876, 'ʌ': 786, 'ə': 655, 'e': 571, 'n': 568, 'ɾ': 496, 'k': 464, 't': 454, 'ʰ': 356, 'm': 332, 'ʋ': 309, 'o': 276, 'ɪ': 260, 'd': 246, 'i': 242, 's': 241, 'j': 219, 'p': 154, 'u': 150, '̃': 124, 'ʃ': 121, 'ɟ': 112, 'ɳ': 108, 'b': 107, 'c': 106, 'l': 106, 'h': 95, 'ʈ': 82, 'ɡ': 73, 'r': 64, 'w': 45, 'ʂ': 42, '.': 27, 'ʊ': 18, 'ɖ': 16, 'ɲ': 9, 'ŋ': 7, 'ɛ': 4, 'ɔ': 1, 'z': 1})",(English),_guGujarati
12516,10458,44,"Counter({'ə': 956, 'ː': 883, 'n': 878, 't': 700, 'ʀ': 520, 'ɑ': 477, 'e': 442, 'i': 430, 'l': 403, 'd': 398, 'u': 320, 'æ': 313, 'f': 286, 'ʁ': 271, 'o': 236, 'z': 216, 'ɪ': 208, 'ʦ': 207, 'm': 190, 'v': 189, 'k': 181, 'g': 181, 'ɕ': 172, 's': 161, 'h': 150, 'a': 146, 'ʃ': 131, 'ɳ': 130, 'ɜ': 116, 'ʊ': 109, 'p': 105, 'b': 100, 'j': 65, 'ɐ': 44, 'ʑ': 44, 'ɛ': 29, 'w': 25, 'X': 13, 'y': 10, 'ʒ': 9, '̃': 9, 'œ': 5})",(Chinese),_lbLuxembourgish
12518,10838,30,"Counter({'a': 1627, 'n': 993, 't': 749, 'ʰ': 702, 'e': 642, 'k': 624, 'u': 599, 'i': 497, 'v': 482, 'ɹ': 461, 'j': 409, 's': 375, 'r': 373, 'm': 352, 'o': 310, 'ə': 273, 'h': 197, 'd': 190, 'ʃ': 158, 'p': 148, 'l': 147, 'z': 96, 'ɡ': 93, 'ɪ': 79, 'b': 74, 'ʒ': 70, 'ʀ': 68, 'χ': 50})",(English),_hyArmenian (East Armenia)
12526,10456,34,"Counter({'a': 1076, 'e': 1049, 'i': 921, 'o': 891, 't': 858, 'n': 722, 'r': 666, 'l': 622, 's': 536, 'd': 511, 'ɪ': 328, 'k': 289, 'p': 258, 'ː': 232, 'ʊ': 194, 'm': 193, 'ɛ': 140, 'v': 128, 'ɔ': 100, 'ʃ': 92, 'u': 90, 'z': 78, 'ɲ': 73, 'b': 72, 'j': 70, 'f': 66, 'w': 57, 'ɡ': 42, 'ʒ': 39, 'ɾ': 37, 'ʎ': 24, 'ŋ': 2})",(Spanish),_itItalian
12551,10923,29,"Counter({'a': 1475, 'i': 1184, 's': 957, 'e': 927, 'ʰ': 692, 't': 624, 'r': 558, 'b': 507, 'o': 479, 'l': 476, 'd': 436, 'm': 434, 'v': 385, 'u': 370, 'n': 361, 'p': 195, 'k': 177, 'ɡ': 157, 'x': 143, 'ʃ': 142, 'q': 88, 'z': 77, 'ɣ': 48, 'ʒ': 19, 'ə': 8, 'c': 3, 'ɐ': 1})",(Spanish),_kaGeorgian
12552,10786,30,"Counter({'a': 1486, 'i': 1226, 's': 977, 'e': 867, 'ʰ': 681, 't': 613, 'r': 550, 'd': 477, 'l': 466, 'b': 459, 'o': 450, 'm': 393, 'v': 387, 'n': 367, 'u': 348, 'p': 187, 'ɡ': 168, 'k': 158, 'ʃ': 144, 'x': 129, 'z': 91, 'q': 84, 'ɣ': 46, 'ʒ': 19, 'c': 6, 'ə': 5, 'ː': 1, 'h': 1})",(Arabic),_kaGeorgian
12557,10837,34,"Counter({'i': 1464, 'a': 1272, 's': 942, 'ː': 936, 't': 795, 'u': 684, 'e': 632, 'r': 491, 'n': 451, 'ʋ': 354, 'b': 324, 'k': 305, 'p': 275, 'd': 271, 'm': 268, 'l': 263, 'o': 236, 'z': 185, 'j': 143, '͡': 143, 'ʃ': 101, 'ɡ': 96, 'æ': 70, 'ɲ': 61, 'ʎ': 24, 'ɟ': 15, 'c': 10, 'f': 9, 'ʒ': 8, 'ŋ': 7, '`': 1, 'h': 1})",(Spanish),_lvLatvian
12565,11095,35,"Counter({'ʌ': 1585, 'ʉ': 896, 'a': 811, 'm': 713, 'i': 618, 'ː': 529, 'k': 497, 'n': 460, 'd': 410, 't': 375, 'ɹ': 373, 'p': 344, 'ɪ': 325, 'r': 313, 'v': 310, 'u': 268, 'ʈ': 268, 'ɡ': 266, 'ɖ': 265, 'l': 253, 'j': 218, 'ɭ': 192, 'e': 173, 's': 165, 'o': 144, 'ɳ': 102, 'b': 56, 'ʲ': 48, 'ɻ': 48, 'ŋ': 44, 'ʃ': 23, 'ʒ': 2, 'ʂ': 1})",(English),_taTamil
12568,10759,34,"Counter({'ː': 1467, 'a': 930, 'i': 845, 'n': 709, 't': 666, 'ɔ': 602, 's': 576, 'ɛ': 498, 'r': 493, 'ʋ': 390, 'j': 349, 'd': 345, 'e': 321, 'p': 275, 'o': 271, 'u': 262, 'l': 257, 'k': 235, 'ʃ': 224, 'm': 208, 'z': 179, 'b': 155, 'ɡ': 130, 'w': 100, 'ʒ': 85, 'ə': 71, 'h': 61, 'ʎ': 19, 'ɲ': 17, 'x': 15, 'ŋ': 3, 'f': 1})",(Russian),_slSlovenian
12569,10423,41,"Counter({'ə': 1155, 'n': 1064, 't': 750, 'r': 681, 'ː': 631, 'ɛ': 629, 'ɪ': 516, 'd': 446, 'l': 370, 's': 336, 'v': 332, 'ɑ': 325, 'ɔ': 278, 'i': 272, 'e': 243, 'k': 235, 'm': 213, 'ɣ': 209, 'h': 206, 'a': 204, 'x': 184, 'z': 148, 'ʋ': 147, 'p': 133, 'b': 120, 'ŋ': 115, 'o': 111, 'f': 105, 'y': 64, 'u': 44, 'ɵ': 34, 'œ': 28, 'ʃ': 23, 'ʊ': 23, 'ʌ': 20, 'ø': 12, 'j': 9, 'w': 5, 'ɾ': 3})",(Russian),_nlDutch
12571,10557,38,"Counter({'a': 1913, 'ə': 1180, 'n': 810, 'i': 604, 'd': 577, 't': 526, 'r': 468, 'm': 466, 'u': 466, 's': 463, 'p': 390, 'k': 389, 'h': 287, 'l': 274, 'b': 266, 'ŋ': 242, 'o': 176, 'ʔ': 173, 'ɾ': 125, 'ɛ': 97, 'ɲ': 96, 'ɡ': 92, 'j': 70, 'ʒ': 69, 'e': 69, 'ɪ': 59, 'ʃ': 50, 'w': 40, 'ʊ': 39, 'ɔ': 30, 'v': 20, 'f': 16, 'ɹ': 5, 'x': 4, 'ː': 3, 'z': 3})",(Arabic),_msMalay
12571,10190,46,"Counter({'ː': 1747, 'a': 1327, 'k': 561, 'r': 520, 'i': 516, 'e': 472, 'n': 413, 'h': 376, 'm': 376, 'ɪ': 322, 't': 299, 's': 276, 'l': 252, 'd': 234, 'o': 227, 'ə': 196, 'ʌ': 194, 'q': 192, 'ʊ': 165, 'b': 149, 'z': 120, 'ɔ': 112, '̃': 106, 'j': 96, 'u': 92, 'ɛ': 91, 'ɟ': 88, 'ʋ': 85, 'f': 79, 'ʂ': 78, 'p': 67, 'x': 67, 'ʃ': 63, 'ɡ': 57, 'ʰ': 50, 'ʈ': 38, 'ʐ': 29, 'c': 26, 'ɣ': 19, '.': 5, 'w': 5, 'ɐ': 1, 'ŋ': 1, 'ð': 1})",(Spanish),_urUrdu
12576,10812,34,"Counter({'ː': 1178, 'ɛ': 1142, 'ɑ': 845, 't': 737, 'n': 593, 'ʃ': 559, 'l': 544, 'k': 514, 'i': 473, 'e': 432, 'o': 428, 'm': 368, 'a': 366, 'ɡ': 295, 'r': 284, 'z': 260, 's': 240, 'v': 204, 'b': 201, 'ø': 181, 'j': 180, 'd': 178, 'h': 143, 'ɟ': 133, 'y': 86, 'ɲ': 63, 'u': 56, 'f': 55, 'p': 52, 'ʎ': 11, 'c': 9, 'ʒ': 2})",(Russian),_huHungarian
12579,10542,43,"Counter({'ʔ': 1293, 'n': 665, 'ʌ': 594, 'ə': 594, 't': 586, 'l': 559, 'e': 528, 's': 519, 'a': 483, 'i': 445, 'ε': 413, 'ʁ': 330, 'ð': 251, 'f': 238, 'd': 226, 'm': 221, 'k': 206, 'ɑ': 197, 'ɐ': 195, '̯': 195, 'h': 190, 'ʋ': 179, 'ɒ': 178, '?': 157, 'o': 142, 'b': 121, 'ɡ': 119, 'u': 114, 'ɛ': 90, 'p': 90, 'j': 83, 'œ': 81, 'ŋ': 75, 'ː': 50, 'y': 45, 'w': 40, 'ʃ': 34, 'ɔ': 9, 'ɪ': 5, 'ɜ': 1, 'ɾ': 1})",(Chinese),_daDanish
12584,10992,31,"Counter({'a': 2278, 'n': 1100, 'i': 931, 't': 814, 's': 770, 'u': 649, 'k': 569, 'p': 446, 'q': 430, 'r': 408, 'j': 361, 'm': 356, 'e': 355, 'o': 300, 'ʃ': 251, 'h': 230, 'd': 146, 'ʎ': 125, 'l': 124, 'w': 119, 'b': 40, 'ɡ': 38, 'ʔ': 34, 'ɲ': 33, '`': 29, 'v': 25, 'f': 16, 'ː': 12, 'z': 3})",(Chinese),_quQuechua
12584,10575,38,"Counter({'ː': 1169, 'r': 878, 't': 844, 'a': 708, 'n': 649, 'ə': 545, 's': 511, 'ɛ': 492, 'l': 486, 'k': 397, 'd': 345, 'ɪ': 344, 'ɔ': 295, 'i': 282, 'v': 237, 'f': 233, 'e': 230, 'm': 228, 'ɑ': 209, 'ɡ': 192, 'h': 181, 'u': 122, 'o': 108, 'b': 101, 'p': 98, 'ø': 97, 'j': 97, 'ŋ': 93, 'ʉ': 92, 'ɵ': 70, 'œ': 64, 'x': 59, 'y': 47, 'ʂ': 38, 'ɕ': 19, 'ʊ': 15})",(Chinese),_svSwedish
12586,10495,34,"Counter({'e': 1109, 'a': 1044, 'o': 897, 't': 877, 'i': 876, 'r': 736, 'n': 693, 'l': 610, 's': 561, 'd': 465, 'ɪ': 325, 'p': 276, 'ː': 257, 'k': 256, 'm': 181, 'ʊ': 178, 'ɛ': 154, 'v': 137, 'b': 106, 'ʃ': 104, 'u': 97, 'ɔ': 95, 'z': 80, 'ɲ': 76, 'j': 61, 'f': 61, 'w': 49, 'ʒ': 46, 'ɡ': 41, 'ɾ': 23, 'ʎ': 22, 'ŋ': 2})",(Russian),_itItalian
12588,10366,36,"Counter({'a': 1358, 'ɑ': 892, 'e': 825, 'd': 722, 'r': 605, 'ː': 482, 'i': 463, 'm': 454, 'n': 442, 't': 438, 'h': 373, 'o': 327, 'b': 304, 'j': 282, 's': 269, 'v': 264, 'k': 243, 'z': 236, 'ʃ': 216, 'q': 201, '1': 201, 'l': 193, 'u': 133, 'ʔ': 97, 'ʒ': 89, 'x': 82, 'f': 64, 'ɡ': 51, 'p': 22, 'ə': 16, 'ɹ': 9, 'ʊ': 8, 'ɪ': 4, 'θ': 1})",(Chinese),_faPersian
12601,11152,34,"Counter({'e': 1280, 't': 1032, 'ɪ': 1003, 'a': 988, 'u': 746, 'ː': 744, 'l': 719, 'i': 673, 'n': 567, 's': 472, 'd': 426, 'o': 354, 'ɹ': 329, 'm': 260, 'ə': 195, 'r': 179, 'h': 164, 'k': 152, 'ʃ': 150, 'p': 149, 'b': 139, 'f': 91, 'c': 81, 'ʒ': 71, 'z': 64, 'v': 60, 'ɡ': 43, 'x': 11, 'j': 6, 'y': 2, 'ɛ': 1, 'ç': 1})",(Korean),_mtMaltese
12615,10872,32,"Counter({'a': 1575, 'e': 1399, 's': 830, 't': 804, 'i': 774, 'k': 616, 'o': 609, 'n': 607, 'ɾ': 564, 'u': 516, '̻': 478, '̺': 352, 'ð': 334, 'β': 283, 'l': 207, 'ɣ': 154, 'p': 110, 'r': 109, 'b': 99, 'ɪ': 92, 'm': 83, 'd': 58, 'ɲ': 53, 'ɡ': 44, 'ʊ': 41, 'j': 20, 'ʎ': 19, 'f': 19, 'ɟ': 17, 'ʃ': 6})",(Japanese),_euBasque
12616,10438,47,"Counter({'ː': 1459, 'a': 1114, 'ʌ': 684, 'ə': 535, 'h': 528, 'e': 507, 'n': 490, 'i': 424, 'r': 390, 'm': 325, 'k': 315, 'ɟ': 296, 't': 280, '̃': 280, 'o': 265, 'ɪ': 259, 'l': 253, 'b': 198, '̪': 191, 'd': 185, 's': 168, 'ʰ': 159, 'q': 154, 'j': 118, 'z': 107, 'ʋ': 97, 'f': 73, 'ɳ': 66, 'ɡ': 62, 'ʈ': 60, 'ʂ': 59, 'ʊ': 56, 'p': 51, 'x': 47, 'ɖ': 38, 'ʃ': 30, 'ʐ': 24, 'ɣ': 20, 'c': 20, 'u': 16, 'ɲ': 13, '.': 12, 'ɾ': 6, 'ɛ': 2, 'ɔ': 2})",(Portuguese),_sdSindhi
12617,10966,30,"Counter({'a': 1636, 'n': 1028, 't': 785, 'ʰ': 690, 'e': 638, 'k': 596, 'u': 590, 'i': 500, 'v': 485, 'ɹ': 482, 's': 407, 'j': 387, 'r': 378, 'o': 352, 'm': 337, 'ə': 271, 'd': 205, 'h': 196, 'ʃ': 159, 'l': 149, 'p': 143, 'ɡ': 99, 'z': 99, 'ɪ': 84, 'b': 77, 'ʀ': 72, 'ʒ': 64, 'χ': 57})",(Portuguese),_hyArmenian (East Armenia)
12627,10614,32,"Counter({'a': 2023, 'ː': 1498, 'm': 628, 'n': 581, 'u': 527, 't': 476, 'k': 471, 'ɪ': 458, 'i': 430, 's': 373, 'r': 339, 'd': 295, 'o': 292, 'e': 284, 'f': 273, 'b': 266, 'l': 262, 'ɡ': 220, '?': 218, 'w': 176, '`': 140, 'h': 113, 'ð': 84, 'ʃ': 77, 'ʒ': 72, 'ɲ': 29, 'θ': 4, 'p': 2, 'Φ': 2, 'v': 1})",(Arabic),_omOromo
12631,10498,36,"Counter({'o': 1076, 'e': 926, 't': 909, 'æ': 767, 'n': 741, 'ɪ': 645, 's': 593, 'a': 582, 'v': 550, 'r': 494, 'd': 489, 'i': 375, 'l': 310, 'k': 302, 'p': 256, 'b': 190, 'j': 182, 'm': 182, 'z': 159, 'ɡ': 120, 'ɕ': 119, 'u': 106, 'ʊ': 102, 'ɲ': 63, 'ʃ': 61, 'ɛ': 59, 'ʒ': 55, '̩': 24, 'ʑ': 22, 'f': 13, '^': 13, 'h': 8, 'ɾ': 4, 'ɹ': 1})",(Chinese),_mkMacedonian
12644,10713,36,"Counter({'ː': 1470, 'a': 970, 'i': 848, 'n': 703, 't': 636, 'ɔ': 580, 's': 561, 'ɛ': 489, 'r': 456, 'ʋ': 368, 'e': 350, 'j': 340, 'd': 313, 'p': 301, 'k': 283, 'l': 263, 'u': 248, 'm': 240, 'ʃ': 232, 'o': 223, 'z': 194, 'b': 146, 'ɡ': 116, 'w': 108, 'ʒ': 87, 'ə': 71, 'h': 50, 'x': 22, 'ɲ': 19, 'ʎ': 14, 'ŋ': 5, 'f': 4, 'ɣ': 2, 'ʑ': 1})",(Arabic),_slSlovenian
12646,10321,39,"Counter({'t': 1159, 'ɛ': 913, 'ə': 912, 'r': 781, 'i': 720, 'n': 533, 'a': 402, 'd': 401, 's': 374, 'ɔ': 371, 'm': 320, 'k': 306, 'p': 281, 'u': 277, 'ɪ': 252, 'ɑ': 248, 'e': 232, 'ʃ': 219, 'j': 182, 'v': 153, 'ɫ': 149, 'ð': 148, 'b': 132, 'ʌ': 116, 'ɲ': 99, 'l': 97, 'h': 85, 'ʑ': 71, 'z': 71, 'y': 67, 'ɡ': 59, 'f': 57, 'ɕ': 54, 'θ': 42, 'ː': 25, 'w': 8, 'ʒ': 5})",(Chinese),_sqAlbanian
12651,10495,34,"Counter({'e': 1318, 'a': 1018, 't': 1004, 'i': 759, 'n': 580, 'r': 571, 's': 552, 'l': 533, 'u': 511, 'o': 363, 'd': 357, 'p': 350, 'k': 314, 'ʃ': 306, 'ə': 285, 'ɾ': 275, 'm': 168, 'j': 160, 'ʲ': 152, 'ɪ': 149, 'f': 121, 'ɨ': 113, 'b': 106, 'v': 89, 'z': 84, 'ɡ': 64, 'ʊ': 62, 'ɔ': 54, 'ʒ': 45, 'w': 20, 'ŋ': 8, 'h': 4})",(Arabic),_roRomanian
12659,10966,31,"Counter({'a': 2208, 'n': 1069, 'i': 936, 't': 855, 's': 823, 'u': 563, 'k': 481, 'q': 469, 'r': 412, 'e': 400, 'p': 394, 'j': 389, 'o': 361, 'm': 311, 'h': 243, 'ʃ': 236, 'd': 178, 'l': 142, 'ʎ': 121, 'w': 107, 'b': 43, 'ɡ': 43, 'f': 34, 'ɲ': 33, 'v': 32, 'ʔ': 28, '`': 24, 'ː': 21, 'z': 10})",(Spanish),_quQuechua
12660,10891,31,"Counter({'a': 2362, 'n': 1103, 'i': 879, 't': 776, 's': 709, 'u': 621, 'k': 587, 'q': 472, 'p': 461, 'j': 420, 'm': 357, 'r': 355, 'e': 307, 'ʃ': 264, 'o': 260, 'h': 220, 'd': 157, 'ʎ': 125, 'w': 123, 'l': 111, 'b': 39, 'ʔ': 39, 'ɲ': 36, '`': 34, 'ɡ': 28, 'ː': 16, 'v': 14, 'f': 12, 'z': 4})",(Arabic),_quQuechua
12661,10339,42,"Counter({'ə': 1165, 'n': 1046, 't': 778, 'ː': 663, 'r': 660, 'ɛ': 571, 'ɪ': 492, 'd': 480, 'l': 339, 'v': 322, 's': 310, 'ɑ': 297, 'i': 289, 'ɔ': 284, 'e': 250, 'h': 232, 'm': 225, 'a': 224, 'k': 213, 'x': 193, 'ɣ': 188, 'z': 149, 'ʋ': 141, 'p': 125, 'f': 125, 'o': 119, 'b': 115, 'ŋ': 92, 'y': 63, 'u': 48, 'ɵ': 37, 'ʃ': 22, 'œ': 21, 'ʊ': 21, 'ʌ': 20, 'j': 8, 'ø': 6, 'w': 4, 'ɡ': 1, 'ɾ': 1})",(Arabic),_nlDutch
12669,10652,34,"Counter({'e': 1316, 't': 1039, 'a': 1012, 'i': 807, 'r': 598, 'n': 574, 's': 549, 'l': 533, 'u': 449, 'o': 401, 'p': 358, 'd': 336, 'k': 316, 'ʃ': 313, 'ɾ': 294, 'ə': 294, 'ʲ': 192, 'm': 183, 'j': 150, 'ɪ': 145, 'b': 120, 'ɨ': 116, 'f': 111, 'v': 94, 'z': 85, 'ɔ': 78, 'ʒ': 53, 'ʊ': 53, 'ɡ': 44, 'w': 28, 'ŋ': 8, 'h': 3})",(Russian),_roRomanian
12679,11013,30,"Counter({'a': 1564, 'i': 1181, 's': 927, 'e': 901, 'ʰ': 674, 't': 601, 'r': 529, 'd': 501, 'l': 497, 'b': 497, 'o': 476, 'm': 421, 'n': 403, 'v': 383, 'u': 378, 'p': 194, 'k': 163, 'x': 157, 'ʃ': 157, 'ɡ': 153, 'q': 101, 'z': 81, 'ɣ': 40, 'ʒ': 17, 'ə': 7, 'c': 7, 'h': 2, 'ɐ': 1})",(Russian),_kaGeorgian
12690,10470,43,"Counter({'n': 1166, 't': 865, 'ː': 747, 'ə': 738, 'a': 734, 'ɪ': 576, 's': 513, 'ɛ': 409, 'd': 407, 'ɾ': 359, 'ʊ': 334, 'l': 287, 'v': 276, 'f': 253, 'i': 251, 'r': 246, 'z': 232, 'ç': 210, 'm': 174, 'ɡ': 171, 'e': 152, 'ɜ': 136, 'h': 133, 'b': 126, 'k': 112, 'ɑ': 110, 'ʃ': 105, 'u': 100, 'o': 87, 'ɔ': 84, 'p': 71, 'ŋ': 61, 'j': 57, 'x': 56, 'ø': 33, 'ʏ': 32, 'y': 28, 'œ': 24, 'ɐ': 11, 'ʒ': 2, 'ɒ': 2})",(Quechua),_deGerman
12693,10596,34,"Counter({'a': 2281, 'i': 791, 'n': 703, 'k': 674, 'ə': 665, 'u': 637, 't': 597, 'd': 568, 'r': 474, 'm': 462, 's': 445, 'h': 321, 'p': 309, 'b': 308, 'l': 284, 'ŋ': 265, 'ɛ': 185, 'ɡ': 139, 'ʒ': 86, 'ɲ': 70, 'j': 65, 'ɪ': 62, 'ɔ': 61, 'o': 38, 'ʃ': 32, 'ʊ': 31, 'w': 23, 'e': 10, 'v': 5, 'f': 3, 'ɹ': 1, 'χ': 1})",(Quechua),_idIndonesian
12699,10443,37,"Counter({'ə': 1769, 'n': 834, 'r': 750, 'i': 721, 't': 679, 's': 509, 'ɛ': 421, 'd': 410, 'l': 403, 'x': 400, 'ɐ': 367, 'f': 366, 'ɔ': 305, 'k': 288, 'm': 246, 'ː': 225, 'v': 199, 'ɑ': 197, 'æ': 177, 'h': 170, 'ɪ': 170, 'p': 130, 'b': 124, 'ŋ': 115, 'ʊ': 110, 'u': 91, 'y': 54, 'w': 45, 'œ': 41, 'ø': 40, 'ʃ': 29, 'e': 28, '̃': 25, 'ɡ': 3, 'j': 2})",(Chinese),_afAfrikaans
12715,10186,47,"Counter({'ː': 1736, 'a': 1303, 'k': 550, 'e': 511, 'i': 510, 'r': 502, 'h': 412, 'n': 402, 'm': 377, 'ɪ': 322, 's': 298, 't': 295, 'l': 241, 'd': 232, 'o': 212, 'ʌ': 188, 'ʊ': 179, 'q': 175, 'ə': 172, 'b': 146, 'z': 120, 'ɛ': 107, 'ɟ': 106, 'j': 103, 'ɔ': 101, '̃': 100, 'u': 89, 'f': 81, 'ʃ': 80, 'p': 78, 'ʂ': 74, 'ʋ': 71, 'x': 64, 'ɡ': 56, 'ʰ': 52, 'ʈ': 38, 'c': 35, 'ʐ': 27, 'ɣ': 20, 'w': 8, '.': 6, 'ð': 4, 'ŋ': 1, 'ɾ': 1, 'ɖ': 1})",(Arabic),_urUrdu
12722,10874,34,"Counter({'ɑ': 1338, '[': 901, 'e': 688, 'n': 677, 't': 655, 'd': 602, 'r': 582, 'u': 533, 'i': 503, 'ɯ': 474, 'q': 460, 'l': 427, 'o': 373, 'm': 299, 'b': 261, 'j': 250, ':': 246, 'k': 238, 'S': 238, 'Z': 219, 'y': 219, 's': 216, 'ʁ': 164, 'z': 124, 'ɡ': 96, 'p': 60, 'N': 17, 'X': 5, 'v': 3, 'f': 3, 'ə': 2, 'ː': 1})",(Arabic),_kyKyrgyz
12731,11043,33,"Counter({'e': 1184, 'a': 1053, 't': 1022, 'ɪ': 985, 'l': 764, 'u': 739, 'ː': 718, 'i': 663, 'n': 606, 's': 478, 'd': 396, 'o': 359, 'ɹ': 299, 'm': 259, 'r': 179, 'ə': 175, 'k': 156, 'h': 146, 'b': 143, 'p': 138, 'ʃ': 127, 'f': 107, 'c': 89, 'z': 64, 'ʒ': 63, 'v': 51, 'ɡ': 41, 'x': 22, 'j': 14, 'y': 2, 'ç': 1})",(English),_mtMaltese
12735,10656,38,"Counter({'a': 1682, 'ə': 1369, 'n': 711, 'i': 699, 't': 599, 'd': 585, 'u': 488, 'm': 472, 'r': 451, 'k': 423, 's': 394, 'p': 329, 'b': 326, 'h': 298, 'l': 291, 'ŋ': 247, 'o': 230, 'ʔ': 210, 'ɡ': 109, 'ɛ': 104, 'ʒ': 93, 'ɾ': 82, 'j': 78, 'ɲ': 74, 'ɪ': 67, 'e': 63, 'ʃ': 40, 'w': 40, 'ɔ': 37, 'ʊ': 36, 'f': 11, 'ɹ': 8, 'ː': 4, 'z': 3, 'v': 2, 'x': 1})",(Quechua),_msMalay
12741,10493,41,"Counter({'ɐ': 819, 'i': 796, 'd': 663, 't': 539, 'ʊ': 535, 'e': 520, 'ɨ': 509, 'u': 475, 's': 453, 'ŋ': 373, 'ɾ': 360, 'ɪ': 357, 'a': 334, '̃': 322, 'k': 312, 'ɹ': 275, 'l': 273, 'm': 257, 'n': 244, 'ʃ': 227, 'p': 227, 'o': 196, 'w': 181, 'z': 178, 'ʒ': 167, 'ə': 147, 'v': 118, 'ɡ': 102, 'ɛ': 95, 'b': 92, 'ɔ': 75, 'ɑ': 60, 'f': 58, 'j': 58, 'ʁ': 49, 'ʎ': 18, 'ː': 15, 'ɲ': 12, 'r': 2})",(Arabic),_ptPortuguese (Portugal)
12742,11209,34,"Counter({'a': 2398, 'ː': 1065, 'i': 936, 'n': 864, 'u': 664, 'r': 621, 'k': 592, 'l': 346, 't': 337, 'j': 303, 'ʋ': 287, 'd': 277, 'e': 277, 'm': 273, 'p': 252, 's': 247, 'o': 191, 'c': 185, 'ʰ': 160, 'ʈ': 153, 'ɡ': 137, 'ɖ': 135, 'h': 106, 'b': 105, 'ɟ': 69, 'ɪ': 64, 'ʂ': 58, 'ɕ': 38, 'ɳ': 35, 'ʲ': 20, 'ʊ': 11, 'ɭ': 3})",(Portuguese),_teTelugu
12745,11042,31,"Counter({'a': 2306, 'n': 1073, 'i': 942, 't': 839, 's': 781, 'u': 639, 'k': 548, 'p': 483, 'q': 426, 'r': 397, 'j': 392, 'e': 330, 'm': 327, 'o': 297, 'ʃ': 257, 'h': 238, 'd': 158, 'l': 138, 'ʎ': 121, 'w': 105, 'b': 39, 'ʔ': 37, '`': 33, 'ɲ': 31, 'ɡ': 31, 'ː': 26, 'v': 24, 'f': 17, 'z': 7})",(Russian),_quQuechua
12746,10918,38,"Counter({'ː': 982, 'a': 976, 'i': 946, 'e': 942, 'o': 810, 't': 689, 's': 563, 'n': 522, 'v': 463, 'r': 442, 'd': 364, 'l': 337, 'p': 322, 'k': 293, 'm': 286, 'ɲ': 268, 'u': 258, 'z': 210, 'b': 199, 'j': 192, 'ʃ': 155, 'ʒ': 103, 'x': 100, '̝': 100, 'h': 84, '̊': 70, 'c': 49, 'ʊ': 45, 'f': 43, 'ɟ': 43, '̩': 25, 'ɡ': 13, 'ɪ': 13, 'ɣ': 7, 'ʑ': 2, 'ŋ': 2})",(Chinese),_csCzech
12750,10781,35,"Counter({'a': 1373, 'n': 1101, 'e': 910, 'ʰ': 750, 't': 714, 'k': 684, 'u': 530, 'i': 477, 'ɹ': 447, 'v': 422, 'r': 388, 's': 383, 'm': 374, 'o': 316, 'j': 310, 'ə': 271, 'l': 220, 'ʃ': 176, 'p': 151, 'd': 144, 'h': 131, 'z': 114, 'ʀ': 92, 'ɡ': 78, 'ɪ': 72, 'b': 64, 'χ': 46, 'ʒ': 36, 'ː': 3, 'ɾ': 1, 'ɛ': 1, 'w': 1, 'f': 1})",(Quechua),_hyArmenian (East Armenia)
12755,10986,35,"Counter({'ɑ': 1359, '[': 914, 'e': 703, 'n': 689, 't': 658, 'd': 621, 'r': 602, 'u': 543, 'i': 512, 'ɯ': 465, 'q': 447, 'l': 404, 'o': 366, 'm': 328, 'k': 273, 'b': 264, 'S': 256, ':': 242, 'Z': 239, 's': 227, 'j': 227, 'y': 202, 'ʁ': 148, 'z': 117, 'ɡ': 93, 'p': 59, 'N': 7, 'X': 5, 'ə': 5, 'a': 3, 'ɪ': 3, 'v': 3, 'f': 2})",(Russian),_kyKyrgyz
12756,10989,35,"Counter({'i': 1433, 'a': 1328, 'ː': 919, 's': 912, 't': 813, 'u': 699, 'e': 649, 'r': 533, 'n': 484, 'ʋ': 341, 'b': 316, 'p': 307, 'l': 282, 'k': 280, 'o': 280, 'm': 270, 'd': 268, 'z': 169, '͡': 148, 'j': 143, 'ʃ': 108, 'ɡ': 98, 'æ': 79, 'ɲ': 47, 'ʎ': 17, 'ɟ': 15, 'f': 11, 'c': 10, 'ŋ': 10, '`': 8, 'ʒ': 6, 'h': 5, 'y': 1})",(Russian),_lvLatvian
12760,10566,41,"Counter({'ə': 1161, 'n': 1087, 't': 741, 'ː': 694, 'r': 689, 'ɛ': 573, 'd': 496, 'ɪ': 471, 'l': 368, 'v': 349, 'ɑ': 348, 's': 317, 'i': 298, 'ɔ': 294, 'e': 267, 'k': 256, 'a': 210, 'h': 198, 'ɣ': 197, 'm': 192, 'x': 182, 'z': 152, 'ʋ': 144, 'o': 136, 'p': 133, 'f': 126, 'ŋ': 118, 'b': 110, 'y': 63, 'ɵ': 47, 'u': 38, 'ʃ': 29, 'œ': 24, 'ʊ': 17, 'ʌ': 13, 'ø': 12, 'j': 9, 'w': 6, 'ɾ': 1})",(Spanish),_nlDutch
12772,10220,46,"Counter({'ə': 969, 'ː': 951, 'n': 740, 'ɪ': 499, '̪': 450, 'ʲ': 435, 'r': 404, 'i': 377, 't': 364, 'ɡ': 339, 'd': 334, 'l': 277, 'ɐ': 269, 'ʃ': 268, 's': 259, 'x': 247, 'e': 241, 'ɛ': 229, 'A': 229, 'ɑ': 225, 'a': 209, 'k': 192, 'u': 166, 'ɔ': 137, 'h': 135, 'ʊ': 135, 'ɹ': 131, 'm': 120, 'v': 119, 'f': 117, 'ʒ': 106, 'o': 97, '̯': 92, 'ŋ': 70, 'b': 59, 'ç': 51, 'j': 37, 'w': 37, 'c': 32, 'χ': 25, 'p': 23, '̆': 9, 'ɣ': 8, 'ʁ': 7})",(Quechua),_gaGaelic (Irish)
12772,10939,36,"Counter({'a': 1102, 'o': 875, 't': 842, 'i': 616, 'ː': 616, 'ɪ': 607, 'n': 594, '̪': 484, 'j': 471, 's': 463, 'β': 461, 'u': 433, 'r': 416, 'ɛ': 371, 'd': 363, 'p': 292, 'm': 281, 'z': 213, 'k': 208, 'ʃ': 203, 'b': 184, 'ʎ': 150, 'ɲ': 150, 'ʒ': 121, 'h': 102, 'l': 99, 'x': 95, 'f': 46, 'e': 29, 'v': 19, 'ʲ': 15, 'ɣ': 14, 'ɡ': 3, 'ə': 1})",(Japanese),_ukUkrainian
12779,11164,43,"Counter({'ː': 2070, 'a': 1372, 'ə': 583, 'k': 515, 't': 483, 'j': 464, 'ɾ': 433, 'e': 403, 'ɪ': 374, 'v': 330, 'ʌ': 318, 'n': 312, 's': 302, 'i': 280, 'ʰ': 280, 'ɳ': 271, 'd': 250, 'm': 248, 'c': 207, 'l': 204, 'h': 188, 'p': 167, '̃': 146, 'ʃ': 135, 'ʊ': 104, 'o': 98, 'r': 91, 'ɡ': 90, 'ʈ': 84, 'b': 78, 'z': 76, 'u': 72, 'ʂ': 54, 'ɭ': 22, 'ɖ': 21, 'ɟ': 15, 'ŋ': 10, 'ɲ': 8, 'ɛ': 3, 'ɔ': 2, 'w': 1})",(Portuguese),_mrMarathi
12782,10803,35,"Counter({'a': 2334, 'n': 813, 'i': 702, 'ə': 689, 'u': 601, 'd': 579, 't': 579, 'k': 568, 's': 546, 'r': 521, 'm': 455, 'p': 395, 'l': 327, 'b': 297, 'h': 275, 'ŋ': 274, 'ɛ': 172, 'ɡ': 91, 'o': 88, 'j': 82, 'ʒ': 78, 'ɲ': 71, 'ɪ': 61, 'ɔ': 51, 'w': 43, 'ʊ': 40, 'ʃ': 30, 'ç': 12, 'f': 11, 'v': 8, 'e': 7, 'x': 2, 'ɹ': 1})",(Japanese),_idIndonesian
12785,11357,37,"Counter({'ɐ': 2166, 'ː': 843, 'u': 717, 'i': 675, 't': 614, 'n': 572, 'a': 550, 'd': 432, 'k': 428, 'e': 425, 'ɹ': 418, 'v': 415, 'm': 345, 'j': 317, 'ɡ': 316, 'l': 297, 's': 294, 'ʰ': 235, 'p': 163, 'b': 152, 'o': 141, 'ɭ': 138, 'h': 133, 'r': 81, 'ɖ': 79, 'ʂ': 76, 'ɳ': 69, 'ʈ': 67, 'ɟ': 57, 'ɕ': 49, 'c': 34, 'ɪ': 25, 'ŋ': 20, 'ʊ': 8, 'ɲ': 6})",(Portuguese),_knKannada
12793,11042,44,"Counter({'a': 1623, 'n': 1039, 't': 793, 'ʰ': 644, 'k': 605, 'e': 585, 'u': 565, 'i': 489, 'ɹ': 471, 'v': 470, 's': 424, 'j': 370, 'r': 358, 'ə': 347, 'm': 322, 'o': 306, 'd': 227, 'h': 189, 'ʃ': 162, 'l': 157, 'ɪ': 156, 'p': 135, 'z': 112, 'ɡ': 99, 'b': 68, 'ʒ': 65, 'ʀ': 61, 'χ': 45, 'ː': 35, 'ɛ': 22, 'ð': 20, 'ɒ': 15, 'ɜ': 11, 'f': 10, 'ʊ': 10, 'ʌ': 8, 'w': 7, 'ɔ': 6, 'ɐ': 5, 'ŋ': 4, 'ɾ': 1, 'θ': 1})",(Spanish),_hyArmenian (East Armenia)
12795,10969,34,"Counter({'ː': 1498, 'a': 927, 'i': 908, 'n': 714, 't': 677, 'ɔ': 650, 's': 573, 'ɛ': 492, 'r': 484, 'j': 380, 'd': 374, 'ʋ': 367, 'e': 345, 'p': 281, 'u': 264, 'm': 259, 'l': 253, 'ʃ': 236, 'k': 236, 'o': 231, 'z': 176, 'b': 157, 'ɡ': 109, 'w': 101, 'ʒ': 92, 'h': 72, 'ə': 65, 'ʎ': 19, 'x': 12, 'ɲ': 12, 'ŋ': 3, 'f': 2})",(Japanese),_slSlovenian
12809,11070,43,"Counter({'ː': 1900, 'a': 895, 'ʌ': 804, 'ə': 683, 'n': 598, 'e': 573, 'ɾ': 515, 't': 507, 'k': 477, 'm': 365, 'ʰ': 365, 'ʋ': 323, 'o': 280, 'ɪ': 271, 's': 268, 'i': 255, 'd': 232, 'j': 218, 'p': 154, 'u': 147, '̃': 117, 'ʃ': 114, 'c': 112, 'ɳ': 106, 'b': 105, 'ɟ': 105, 'l': 99, 'h': 86, 'ɡ': 78, 'ʈ': 70, 'r': 67, 'w': 49, 'ʂ': 44, '.': 29, 'ʊ': 18, 'ɖ': 11, 'ɲ': 11, 'ŋ': 10, 'ɛ': 7, 'ɔ': 1, 'z': 1})",(Portuguese),_guGujarati
12823,11015,35,"Counter({'a': 2219, 'ː': 1170, 'l': 840, 'ʔ': 728, 'i': 707, 'm': 528, 'd': 425, 't': 418, 'j': 395, 'n': 382, 'w': 343, 'ʕ': 340, 'u': 285, 'r': 273, 's': 215, 'ħ': 209, 'h': 198, 'b': 191, 'q': 190, 'f': 164, 'ʒ': 124, 'k': 122, '̪': 101, 'ʃ': 86, 'ð': 61, 'ˤ': 59, 'θ': 56, 'z': 55, 'χ': 41, 'x': 33, '.': 30, 'ɣ': 25, 'ɹ': 2})",(Japanese),_arArabic
12831,10935,35,"Counter({'i': 1457, 'a': 1379, 'ː': 935, 's': 919, 't': 815, 'u': 650, 'e': 622, 'r': 521, 'n': 443, 'ʋ': 350, 'b': 324, 'm': 296, 'd': 284, 'l': 278, 'p': 277, 'k': 276, 'o': 234, 'z': 175, 'j': 128, '͡': 128, 'ʃ': 112, 'ɡ': 104, 'æ': 76, 'ɲ': 72, 'ɟ': 17, 'ʎ': 17, 'ŋ': 13, 'c': 10, 'ʒ': 8, 'f': 7, 'h': 4, '`': 3, '̩': 1})",(Arabic),_lvLatvian
12832,11224,35,"Counter({'ʲ': 1388, 'i': 1018, 'a': 999, 'e': 885, 'ː': 752, 't': 684, 's': 655, 'r': 517, 'u': 478, 'n': 464, 'ɪ': 405, 'o': 372, 'k': 360, 'm': 298, 'v': 259, 'ʂ': 259, 'p': 228, 'd': 165, 'ɡ': 152, 'b': 149, 'j': 136, 'ɭ': 128, 'l': 102, '̩': 102, 'ɑ': 72, 'ɕ': 71, 'ʃ': 54, 'ʒ': 44, 'ʑ': 11, 'ʊ': 8, 'f': 4, 'z': 3, 'x': 2})",(English),_ltLithuanian
12843,11132,35,"Counter({'ɑ': 1353, '[': 953, 'e': 708, 'n': 707, 't': 666, 'd': 656, 'r': 580, 'u': 535, 'i': 495, 'ɯ': 458, 'q': 444, 'l': 439, 'o': 436, 'm': 311, 'k': 259, ':': 252, 'b': 249, 'j': 247, 'Z': 241, 'S': 233, 's': 223, 'y': 202, 'ʁ': 164, 'z': 121, 'ɡ': 99, 'p': 64, 'N': 13, 'v': 6, 'X': 5, 'ə': 4, 'a': 3, 'ɪ': 3, 'f': 3})",(Spanish),_kyKyrgyz
12852,10849,41,"Counter({'n': 1030, 't': 959, 'ː': 780, 'a': 733, 'ə': 732, 'ɪ': 583, 'd': 480, 's': 466, 'ɛ': 460, 'ɾ': 414, 'ʊ': 413, 'l': 366, 'f': 301, 'i': 255, 'r': 243, 'ɡ': 217, 'ç': 204, 'm': 184, 'ɜ': 178, 'z': 171, 'k': 157, 'e': 157, 'v': 155, 'ʃ': 152, 'o': 136, 'b': 125, 'ŋ': 122, 'h': 113, 'ɑ': 107, 'ɔ': 73, 'j': 71, 'u': 70, 'p': 69, 'x': 39, 'ʏ': 32, 'y': 32, 'ø': 24, 'œ': 24, 'ɐ': 22})",(Spanish),_deGerman
12853,10686,34,"Counter({'e': 1198, 'a': 1019, 'o': 894, 'i': 888, 't': 865, 'r': 740, 'n': 734, 'l': 595, 's': 548, 'd': 495, 'ɪ': 363, 'p': 276, 'k': 269, 'ː': 246, 'ʊ': 191, 'm': 190, 'ɛ': 157, 'v': 156, 'u': 104, 'b': 103, 'ʃ': 97, 'ɔ': 96, 'z': 73, 'j': 69, 'f': 64, 'ʒ': 54, 'w': 52, 'ɲ': 51, 'ɡ': 43, 'ɾ': 32, 'ʎ': 22, 'ŋ': 2})",(Japanese),_itItalian
12853,10736,41,"Counter({'ɐ': 877, 'i': 781, 'd': 673, 't': 564, 'ʊ': 525, 'e': 516, 'ɨ': 509, 'u': 475, 's': 472, 'ŋ': 385, 'ɪ': 383, 'ɾ': 370, '̃': 360, 'a': 318, 'k': 303, 'l': 289, 'm': 271, 'ɹ': 263, 'n': 253, 'p': 245, 'o': 215, 'ʃ': 204, 'w': 186, 'z': 175, 'ʒ': 171, 'ə': 149, 'v': 130, 'ɛ': 96, 'ɡ': 95, 'ɔ': 93, 'b': 87, 'j': 75, 'ɑ': 69, 'f': 60, 'ʁ': 50, 'ː': 22, 'ʎ': 18, 'ɲ': 7, 'r': 2})",(Spanish),_ptPortuguese (Portugal)
12854,11268,36,"Counter({'ʲ': 1381, 'i': 1035, 'a': 1010, 'e': 930, 'ː': 730, 't': 686, 's': 644, 'r': 492, 'u': 460, 'n': 455, 'ɪ': 392, 'o': 384, 'k': 356, 'm': 320, 'v': 272, 'ʂ': 266, 'p': 232, 'ɡ': 162, 'd': 159, 'ɭ': 148, 'j': 141, 'b': 134, 'l': 100, '̩': 100, 'ɕ': 78, 'ʃ': 71, 'ɑ': 59, 'ʒ': 48, 'ʊ': 7, 'ʑ': 6, 'f': 4, 'z': 3, 'x': 2, 'h': 1})",(Portuguese),_ltLithuanian
12855,11081,34,"Counter({'ɛ': 1172, 'ː': 1149, 'ɑ': 875, 't': 796, 'n': 641, 'l': 627, 'k': 534, 'ʃ': 514, 'o': 491, 'i': 490, 'e': 393, 'm': 371, 'a': 356, 'r': 277, 'ɡ': 274, 'z': 261, 's': 260, 'v': 241, 'b': 193, 'ø': 188, 'd': 170, 'j': 157, 'ɟ': 146, 'h': 145, 'y': 86, 'ɲ': 73, 'u': 71, 'f': 67, 'p': 44, 'ʎ': 12, 'c': 6, 'ʒ': 1})",(Japanese),_huHungarian
12856,10967,35,"Counter({'a': 1174, 'o': 948, 't': 803, 'n': 643, 'ɪ': 581, 'i': 550, 'ː': 550, '̪': 493, 'j': 471, 's': 460, 'β': 455, 'u': 414, 'r': 405, 'd': 403, 'ɛ': 359, 'p': 271, 'm': 257, 'z': 232, 'k': 219, 'ʃ': 211, 'b': 183, 'ʎ': 173, 'h': 145, 'ɲ': 145, 'ʒ': 108, 'l': 102, 'x': 95, 'f': 45, 'e': 29, 'v': 20, 'ɣ': 11, 'ʲ': 9, 'ɡ': 3})",(Russian),_ukUkrainian
12878,9925,26,"Counter({'a': 2444, 'k': 1083, 'o': 1050, 'i': 860, 'e': 778, 'n': 718, 'u': 585, 'ː': 573, 'h': 481, 'l': 451, 'm': 377, 'p': 257, 'ʔ': 87, 'w': 80, 't': 30, 'ʋ': 18, 's': 16, 'ɹ': 14, 'd': 10, 'b': 5, 'ɡ': 3, 'ɪ': 2, 'f': 2, 'r': 1})",(Chinese),_hawHawaiian
12882,11019,32,"Counter({'a': 1733, 'n': 1051, 't': 789, 'ʰ': 674, 'e': 629, 'k': 613, 'u': 593, 'ɹ': 493, 'i': 492, 'v': 442, 's': 379, 'r': 371, 'j': 367, 'm': 357, 'o': 298, 'ə': 297, 'h': 218, 'd': 216, 'ʃ': 172, 'l': 144, 'p': 143, 'z': 89, 'ɡ': 88, 'ɪ': 88, 'ʀ': 76, 'ʒ': 73, 'b': 72, 'χ': 58, 'ː': 3, 'ɾ': 1})",(Arabic),_hyArmenian (East Armenia)
12888,10763,44,"Counter({'ː': 1793, 'a': 839, 'k': 728, 'ɾ': 532, 'e': 499, 'ə': 475, 'ɪ': 458, 'ʌ': 456, 'n': 439, 't': 418, 's': 399, 'ʰ': 362, 'j': 284, 'i': 254, 'm': 248, 'd': 246, 'ʋ': 234, 'h': 220, 'o': 216, 'p': 196, '̃': 174, 'ʊ': 145, 'b': 141, 'c': 118, 'ɔ': 106, 'ʃ': 103, 'l': 101, 'ɟ': 95, 'ɛ': 92, 'ɡ': 89, 'u': 64, 'r': 60, 'ʂ': 55, 'ʈ': 39, 'ɳ': 35, 'ŋ': 14, '.': 10, 'w': 10, 'ɲ': 8, 'ɖ': 5, 'f': 2, 'x': 1})",(Portuguese),_hiHindi
12892,11218,29,"Counter({'a': 1547, 'i': 1197, 's': 986, 'e': 940, 'ʰ': 713, 't': 643, 'r': 576, 'l': 488, 'b': 482, 'd': 477, 'o': 457, 'm': 401, 'u': 401, 'n': 398, 'v': 394, 'k': 196, 'p': 189, 'ʃ': 151, 'ɡ': 146, 'x': 145, 'q': 109, 'z': 93, 'ɣ': 46, 'ʒ': 20, 'ə': 9, 'c': 8, 'h': 6})",(Japanese),_kaGeorgian
12893,11417,35,"Counter({'ʌ': 1640, 'ʉ': 902, 'a': 823, 'i': 666, 'm': 665, 'ː': 543, 'k': 516, 'n': 487, 't': 429, 'd': 398, 'ɹ': 365, 'p': 340, 'r': 332, 'ɪ': 330, 'ɡ': 306, 'v': 300, 'u': 268, 'l': 267, 'ʈ': 267, 'ɖ': 265, 'ɭ': 234, 'j': 230, 'e': 163, 's': 162, 'o': 160, 'ɳ': 99, 'b': 75, 'ŋ': 62, 'ɻ': 49, 'ʲ': 36, 'ʃ': 34, 'ʂ': 3, 'ʒ': 1})",(Portuguese),_taTamil
12899,10670,39,"Counter({'i': 1660, 'a': 1172, 'e': 1125, 'o': 977, 's': 806, 'n': 728, 't': 695, 'r': 485, 'p': 407, 'k': 404, 'm': 325, 'ð': 282, 'θ': 231, 'l': 206, 'c': 200, 'u': 178, 'f': 134, 'v': 85, 'd': 83, 'j': 68, 'ç': 68, 'z': 66, 'x': 60, 'ɣ': 48, 'b': 37, 'ŋ': 33, 'ɡ': 26, 'ə': 18, 'ɲ': 17, 'ɹ': 10, 'ʊ': 9, 'ː': 9, 'ʎ': 7, 'ɪ': 6, 'ʂ': 3, 'ʲ': 1, 'ʃ': 1})",(Chinese),_elGreek
12902,11057,38,"Counter({'a': 1202, 'o': 959, 'i': 878, 'e': 858, 't': 744, 'ː': 728, 's': 535, 'n': 521, 'r': 456, 'v': 456, 'd': 421, 'k': 350, 'p': 325, 'u': 324, 'l': 310, 'ʲ': 269, 'm': 260, 'ɲ': 208, 'b': 202, 'j': 185, 'ʃ': 168, 'z': 160, 'ʒ': 110, 'x': 103, 'h': 86, 'ʎ': 70, 'w': 43, 'f': 34, 'ʑ': 24, '̩': 19, 'ɡ': 14, 'ʊ': 11, 'æ': 8, 'ɣ': 7, 'ɾ': 6, 'ŋ': 3})",(Chinese),_skSlovak
12905,10563,49,"Counter({'ə': 1056, 'ː': 976, 'n': 811, 'ɐ': 444, '̪': 442, 'i': 434, 'ʲ': 428, 't': 417, 'r': 409, 'ɪ': 391, 'ɡ': 328, 'l': 317, 's': 315, 'x': 300, 'd': 288, 'ʃ': 258, 'A': 231, 'a': 226, 'ɑ': 208, 'e': 192, 'ɛ': 190, 'u': 185, 'k': 184, 'ɹ': 166, 'h': 148, 'ʊ': 135, 'v': 120, 'ɔ': 119, 'o': 119, 'm': 109, '̯': 104, 'f': 88, 'ʒ': 81, 'b': 75, 'c': 49, 'ç': 48, 'j': 45, 'p': 39, 'χ': 26, 'w': 21, 'ŋ': 12, '̆': 10, 'ɣ': 9, 'ʁ': 7, 'ʌ': 1, 'ɒ': 1, 'z': 1})",(Japanese),_gaGaelic (Irish)
12911,11256,42,"Counter({'ː': 1765, 'ə': 1395, 'a': 972, 'ɾ': 611, 'k': 520, 'n': 501, 'ɪ': 455, 'ʰ': 433, 't': 388, 's': 338, 'ʌ': 312, 'r': 288, 'd': 282, 'w': 254, 'm': 253, 'p': 241, 'o': 237, 'u': 236, 'j': 219, 'e': 183, 'ɡ': 153, 'b': 146, 'l': 136, 'c': 135, 'h': 132, 'i': 113, 'ɛ': 93, 'ʂ': 91, 'ɟ': 74, 'ʃ': 67, 'ʈ': 54, 'ɳ': 46, 'ʊ': 36, 'ʋ': 31, '̃': 19, 'ŋ': 16, 'ɲ': 10, 'ɔ': 10, 'ɖ': 9, 'ʲ': 2})",(Portuguese),_neNepali
12917,10936,34,"Counter({'a': 1772, 'ʲ': 1001, 's': 714, 't': 703, 'n': 625, '͡': 610, 'ɨ': 480, 'v': 411, 'i': 405, 'ɛ': 395, 'ɔ': 368, 'm': 366, 'r': 365, 'j': 297, 'd': 280, 'u': 277, 'p': 261, 'k': 243, 'b': 206, 'l': 202, 'z': 198, 'ʂ': 189, 'ɣ': 130, 'w': 130, 'ʐ': 101, 'ʈ': 98, 'x': 95, 'f': 6, 'ɪ': 3, 'ɖ': 3, 'e': 1, 'ə': 1})",(Quechua),_beBelarusian
12919,11059,38,"Counter({'e': 1581, 'a': 1482, 'o': 1150, 'i': 815, 'ɾ': 677, 't': 523, 'p': 449, 'u': 432, 'm': 388, 'h': 369, 'k': 350, 'd': 325, 'β': 322, '̃': 291, 'n': 231, 'y': 214, 'ɣ': 204, 'l': 192, 's': 180, 'ŋ': 151, 'ʝ': 137, 'ʃ': 128, 'θ': 124, 'b': 98, 'ɲ': 93, 'ː': 38, 'ɡ': 26, 'f': 25, 'ɪ': 16, 'r': 13, 'v': 10, 'ʒ': 9, 'ɛ': 8, 'ɨ': 6, 'w': 1, 'ə': 1})",(Chinese),_gnGuarani
12926,10963,38,"Counter({'a': 1996, 'ə': 1226, 'n': 815, 'i': 614, 'd': 568, 't': 551, 'r': 528, 'm': 491, 's': 466, 'u': 448, 'k': 418, 'p': 365, 'h': 314, 'l': 309, 'b': 298, 'ŋ': 288, 'o': 201, 'ʔ': 179, 'ɾ': 118, 'ɡ': 104, 'ɛ': 89, 'j': 83, 'ʒ': 74, 'e': 73, 'ɪ': 68, 'ɲ': 66, 'w': 51, 'ʃ': 43, 'ʊ': 43, 'ɔ': 40, 'f': 16, 'v': 6, 'ː': 5, 'z': 4, 'ɹ': 3, 'x': 2})",(Japanese),_msMalay
12928,11198,35,"Counter({'a': 2366, 'ː': 1033, 'i': 1002, 'n': 892, 'u': 663, 'r': 583, 'k': 566, 't': 356, 'l': 332, 'd': 323, 'ʋ': 316, 'j': 312, 'e': 280, 'm': 274, 'p': 254, 's': 223, 'o': 183, 'c': 180, 'ɖ': 148, 'ʈ': 147, 'ʰ': 143, 'ɡ': 115, 'h': 110, 'b': 83, 'ɟ': 70, 'ɪ': 68, 'ʂ': 61, 'ɕ': 39, 'ɳ': 32, 'ʲ': 21, 'ʊ': 14, 'ɭ': 8, 'v': 1})",(Arabic),_teTelugu
12933,10523,45,"Counter({'a': 1088, 'ə': 1053, 'ɾ': 588, 'k': 569, 'ɪ': 544, 'd': 541, 'i': 507, 't': 491, 'ʌ': 481, 'n': 467, 'e': 408, '̃': 388, 'h': 332, 's': 308, 'ʰ': 259, 'v': 222, 'm': 193, 'ʊ': 192, 'l': 190, 'ɟ': 169, 'p': 165, 'o': 165, 'u': 140, 'ː': 136, 'ɛ': 126, 'b': 112, 'ɳ': 107, 'ʃ': 104, 'c': 101, 'ʈ': 90, 'ɡ': 75, 'z': 60, '+': 36, 'r': 28, 'ɔ': 28, 'j': 23, 'ɖ': 12, 'ɹ': 10, '.': 8, 'f': 3, 'x': 2, 'ɭ': 1, 'θ': 1})",(Chinese),_paPunjabi
12936,10802,41,"Counter({'ɐ': 855, 'i': 803, 'd': 697, 'ɨ': 586, 't': 547, 'e': 502, 's': 487, 'ʊ': 483, 'u': 446, 'ɪ': 366, 'ɾ': 364, 'a': 351, 'ŋ': 350, '̃': 336, 'ɹ': 303, 'k': 302, 'l': 294, 'p': 260, 'm': 255, 'n': 235, 'ʃ': 219, 'o': 213, 'z': 191, 'ʒ': 182, 'w': 182, 'ə': 161, 'v': 145, 'ɛ': 119, 'ɔ': 94, 'b': 91, 'ɡ': 84, 'j': 79, 'ɑ': 59, 'ʁ': 58, 'f': 54, 'ː': 24, 'ʎ': 15, 'ɲ': 6, 'r': 4})",(Russian),_ptPortuguese (Portugal)
12945,11305,26,"Counter({'a': 1251, 's': 1014, 't': 917, 'e': 906, 'n': 784, 'i': 742, 'k': 709, 'l': 657, 'ː': 633, 'o': 533, 'u': 526, 'ɪ': 456, 'æ': 377, 'm': 347, 'j': 259, 'y': 226, 'v': 200, 'r': 190, 'h': 185, 'p': 153, 'd': 116, 'ŋ': 76, 'ø': 46, 'b': 2})",(Chinese),_fiFinnish
12952,10794,41,"Counter({'n': 1025, 't': 970, 'ː': 830, 'a': 728, 'ə': 714, 'ɪ': 600, 'd': 467, 's': 466, 'ɛ': 431, 'ɾ': 407, 'l': 375, 'ʊ': 370, 'f': 295, 'i': 266, 'ɡ': 226, 'r': 223, 'ç': 200, 'm': 185, 'z': 181, 'ɜ': 176, 'e': 170, 'k': 150, 'ʃ': 148, 'v': 147, 'b': 127, 'o': 126, 'ɑ': 117, 'h': 117, 'ŋ': 98, 'u': 85, 'p': 80, 'ɔ': 74, 'j': 65, 'y': 44, 'x': 31, 'ʏ': 27, 'œ': 19, 'ø': 18, 'ɐ': 16})",(Arabic),_deGerman
12962,11057,42,"Counter({'ː': 1017, 'a': 1010, 'r': 939, 'ɪ': 819, 'ɛ': 617, 'n': 566, 'd': 540, 's': 525, 'y': 444, 'l': 425, 'ð': 343, 'm': 338, 'j': 271, '#': 260, 'ɡ': 250, 'h': 247, 'ʊ': 246, 'ʋ': 240, 'f': 179, 'i': 174, 'ɔ': 164, 'x': 164, 'e': 157, 'ə': 156, 'θ': 125, 't': 99, 'ɣ': 99, 'ɟ': 97, 'ɾ': 92, 'b': 91, 'o': 85, 'œ': 68, 'ŋ': 64, 'k': 42, 'u': 29, 'c': 25, 'ø': 20, 'ɲ': 16, 'ç': 8, 'p': 6})",(Spanish),_isIcelandic
12962,10557,46,"Counter({'ː': 1881, 'a': 1377, 'k': 561, 'r': 537, 'e': 516, 'i': 511, 'h': 437, 'n': 412, 'm': 405, 't': 298, 'ɪ': 280, 'o': 262, 's': 260, 'l': 246, 'd': 244, 'ə': 209, 'q': 193, 'ʌ': 178, 'ʊ': 174, 'b': 150, 'z': 133, 'j': 121, 'ɛ': 114, '̃': 114, 'ɔ': 110, 'ɟ': 91, 'u': 87, 'f': 75, 'p': 72, 'ɡ': 71, 'ʋ': 67, 'ʃ': 64, 'ʂ': 58, 'x': 54, 'ʰ': 48, 'c': 47, 'ʈ': 34, 'ʐ': 31, 'ɣ': 21, 'w': 5, 'ɖ': 4, 'ð': 2, '.': 2, 'ŋ': 1})",(Japanese),_urUrdu
12963,11040,33,"Counter({'a': 1132, 'e': 1106, 'ɪ': 876, 't': 868, 'ː': 855, 'u': 763, 'l': 753, 'i': 748, 'n': 718, 'd': 431, 's': 372, 'ɹ': 288, 'o': 264, 'm': 263, 'ʃ': 202, 'ə': 187, 'k': 160, 'h': 157, 'b': 153, 'r': 135, 'f': 134, 'p': 130, 'c': 77, 'ʒ': 62, 'z': 53, 'v': 47, 'x': 39, 'ɡ': 32, 'j': 27, 'y': 4, 'ç': 4})",(Quechua),_mtMaltese
12965,10962,38,"Counter({'ː': 1477, 'r': 982, 'n': 807, 't': 754, 'a': 662, 'l': 618, 'ə': 504, 'ɛ': 457, 's': 437, 'i': 373, 'ɪ': 361, 'u': 307, 'e': 304, 'ɑ': 275, 'k': 268, 'ɡ': 262, 'f': 237, 'm': 235, 'v': 234, 'd': 219, 'h': 176, 'ɔ': 164, 'ʉ': 160, 'ŋ': 109, 'b': 103, 'p': 100, 'o': 91, 'ʃ': 90, 'y': 47, 'j': 47, 'ø': 42, 'œ': 24, 'ʂ': 14, 'ʊ': 11, 'x': 7, 'ɹ': 4})",(Chinese),_noNorwegian Bokmål
12967,11205,32,"Counter({'a': 1897, 'ʲ': 988, 'n': 771, 's': 680, 't': 614, '͡': 524, 'ɨ': 470, 'ɛ': 445, 'r': 429, 'i': 411, 'v': 404, 'j': 372, 'ɔ': 355, 'u': 333, 'p': 291, 'l': 283, 'k': 280, 'd': 278, 'm': 249, 'b': 197, 'z': 184, 'ʂ': 171, 'w': 146, 'ɣ': 125, 'ʈ': 117, 'ʐ': 95, 'x': 79, 'f': 9, 'ɖ': 6, 'ɪ': 2})",(English),_beBelarusian
12972,10735,41,"Counter({'ə': 1271, 'n': 1167, 't': 723, 'r': 683, 'ː': 669, 'ɛ': 614, 'ɪ': 515, 'd': 498, 'l': 387, 'ɑ': 334, 's': 324, 'v': 323, 'ɔ': 280, 'i': 269, 'e': 259, 'm': 249, 'k': 225, 'a': 216, 'ɣ': 214, 'h': 205, 'x': 190, 'b': 150, 'ʋ': 146, 'z': 133, 'p': 122, 'o': 118, 'ŋ': 117, 'f': 95, 'u': 63, 'y': 43, 'ɵ': 43, 'ʃ': 26, 'ʊ': 16, 'œ': 16, 'ʌ': 15, 'j': 6, 'ø': 5, 'w': 4, 'ɾ': 2})",(Japanese),_nlDutch
12974,11210,34,"Counter({'i': 1476, 'a': 1335, 'ː': 1001, 's': 936, 't': 803, 'u': 704, 'e': 691, 'r': 524, 'n': 482, 'ʋ': 380, 'b': 337, 'm': 291, 'k': 286, 'p': 282, 'l': 281, 'd': 281, 'o': 244, 'z': 173, 'j': 152, '͡': 151, 'ʃ': 117, 'ɡ': 104, 'æ': 80, 'ɲ': 40, 'ɟ': 17, 'ʎ': 14, 'c': 8, 'ʒ': 7, 'f': 5, 'ŋ': 4, '`': 3, 'h': 1})",(Japanese),_lvLatvian
12976,10699,48,"Counter({'ː': 1550, 'a': 1181, 'ʌ': 662, 'e': 536, 'ə': 535, 'h': 527, 'n': 489, 'i': 420, 'r': 383, 'm': 327, 'k': 319, 'ɟ': 290, 'o': 286, '̃': 286, 't': 275, 'ɪ': 250, 'l': 244, 'd': 212, 'b': 190, '̪': 181, 'q': 174, 'ʰ': 166, 's': 165, 'j': 143, 'z': 107, 'ʋ': 93, 'ɳ': 82, 'f': 73, 'ʈ': 66, 'ʂ': 61, 'x': 57, 'ʊ': 56, 'p': 53, 'ɡ': 50, 'ʃ': 46, 'ɖ': 44, 'ʐ': 29, 'u': 21, 'ɣ': 20, 'c': 17, 'ɲ': 9, '.': 9, 'ɾ': 8, 'ɛ': 4, 'ɔ': 2, 'ɐ': 1})",(Spanish),_sdSindhi
12978,11039,37,"Counter({'ɔ': 1019, 'a': 1016, 'ɛ': 968, 't': 762, 'n': 530, 'r': 456, 'd': 438, 'i': 422, 's': 420, 'v': 412, 'ɨ': 402, 'p': 385, 'k': 337, 'u': 333, 'ɕ': 306, 'j': 301, 'ʲ': 296, 'ɲ': 282, 'ʃ': 276, 'm': 251, 'l': 223, 'z': 166, 'f': 164, 'w': 159, 'b': 137, 'ɡ': 135, 'ʒ': 119, 'ʑ': 118, 'x': 95, '̃': 57, 'ː': 25, 'ŋ': 14, 'ɣ': 9, 'c': 4, 'ç': 2})",(Chinese),_plPolish
12986,11265,31,"Counter({'a': 1943, 'ʲ': 969, 'n': 757, 's': 643, 't': 617, '͡': 548, 'ɨ': 457, 'ɛ': 451, 'r': 442, 'v': 417, 'i': 401, 'j': 381, 'u': 357, 'ɔ': 349, 'p': 282, 'd': 266, 'm': 260, 'k': 259, 'l': 253, 'z': 207, 'ʂ': 200, 'b': 195, 'w': 135, 'ɣ': 134, 'ʈ': 132, 'ʐ': 96, 'x': 89, 'ɖ': 14, 'f': 11})",(Portuguese),_beBelarusian
13002,10716,48,"Counter({'ː': 1490, 'a': 1189, 'ʌ': 674, 'h': 560, 'ə': 547, 'e': 515, 'n': 457, 'i': 419, 'r': 412, 'm': 362, '̃': 300, 'k': 295, 'ɟ': 288, 'o': 274, 't': 268, 'ɪ': 245, 'l': 242, 'd': 195, '̪': 195, 'b': 194, 'ʰ': 161, 'q': 160, 's': 156, 'j': 149, 'z': 110, 'ɳ': 103, 'ʋ': 98, 'f': 73, 'ʂ': 71, 'ʈ': 61, 'ɡ': 61, 'x': 60, 'ʃ': 56, 'ʊ': 50, 'p': 48, 'ɖ': 44, 'u': 28, 'ʐ': 25, 'c': 22, 'ɣ': 20, 'ɲ': 15, 'ɾ': 8, '.': 8, 'ɛ': 4, 'ɔ': 3, 'ɐ': 1})",(Russian),_sdSindhi
13009,11199,38,"Counter({'t': 1070, 'i': 1042, 'e': 969, 'o': 937, 'n': 830, 'ɐ': 776, 'a': 672, 's': 625, 'r': 537, 'v': 537, 'd': 450, 'ː': 342, 'p': 303, 'k': 264, 'ʃ': 243, 'm': 185, 'z': 179, 'l': 171, 'ə': 154, 'b': 152, 'u': 145, 'ɫ': 116, 'j': 101, 'f': 99, 'ʒ': 98, 'ɡ': 89, 'ʲ': 39, 'x': 29, 'ʂ': 10, 'ɲ': 10, 'ɹ': 10, 'ʊ': 9, 'ç': 2, 'ʑ': 2, 'ɪ': 1, 'θ': 1})",(Chinese),_bgBulgarian
13017,10145,26,"Counter({'a': 2383, 't': 1151, 'e': 1033, 'i': 926, 'k': 662, 'ɔ': 554, 'r': 478, 'u': 471, '""': 417, 'h': 413, 'ŋ': 371, 'm': 347, 'n': 327, 'f': 244, 'p': 121, 'ɪ': 116, 'w': 56, 'ʊ': 24, 'o': 19, 'ː': 17, 'ɛ': 8, 's': 3, 'd': 2, 'v': 2})",(Chinese),_miMāori
13018,11304,36,"Counter({'ʲ': 1306, 't': 881, 'ʌ': 864, 'i': 811, 'n': 646, 's': 634, 'j': 537, 'v': 521, 'ɪ': 481, 'r': 448, 'ɑ': 384, 'a': 376, 'd': 314, 'ɭ': 301, 'y': 287, 'u': 286, 'p': 284, 'o': 278, 'm': 255, 'e': 240, 'k': 201, 'ʃ': 164, 'b': 154, 'z': 119, 'ʒ': 115, 'f': 89, 'ɡ': 74, 'x': 72, 'ɕ': 68, 'ɛ': 50, 'ə': 38, '""': 13, 'ʑ': 11, 'ɔ': 2})",(Portuguese),_ruRussian
13021,11011,42,"Counter({'ə': 1933, 'i': 916, 'ː': 775, 'ɐ': 618, 'n': 508, 'k': 475, 'j': 474, 't': 452, 'w': 452, 'm': 443, 'e': 418, 's': 408, 'u': 343, 'a': 329, 'h': 307, 'd': 294, 'æ': 273, 'ʈ': 269, 'p': 246, 'ɹ': 229, 'o': 156, 'ɡ': 145, 'l': 125, 'b': 69, 'ɭ': 63, 'ʰ': 51, 'ʒ': 46, 'ʃ': 44, 'ɳ': 31, 'ⁿ': 30, 'ɖ': 29, 'v': 16, 'r': 12, 'ᵑ': 9, 'ɪ': 6, 'ɛ': 4, 'ŋ': 4, 'ɲ': 3, 'ʊ': 3, 'ᵐ': 3})",(Quechua),_siSinhala
13027,11178,36,"Counter({'ʲ': 1365, 'i': 1040, 'e': 993, 'a': 946, 't': 782, 'ː': 772, 's': 595, 'u': 545, 'r': 437, 'ɪ': 385, 'k': 376, 'm': 376, 'o': 349, 'n': 335, 'v': 257, 'ʂ': 222, 'p': 196, 'ɡ': 165, 'd': 164, 'b': 142, 'ɭ': 138, 'j': 129, 'ɕ': 88, 'l': 80, '̩': 80, 'ɑ': 70, 'ʃ': 66, 'ʒ': 52, 'ʑ': 9, 'ʊ': 7, 'z': 7, 'f': 6, 'ɛ': 3, 'x': 1})",(Quechua),_ltLithuanian
13027,10984,41,"Counter({'n': 1006, 't': 989, 'ː': 767, 'a': 740, 'ə': 727, 'ɪ': 602, 'ɛ': 492, 's': 480, 'd': 450, 'ʊ': 427, 'l': 406, 'ɾ': 392, 'f': 308, 'r': 261, 'i': 239, 'ɡ': 215, 'ç': 213, 'm': 191, 'z': 188, 'ɜ': 185, 'ʃ': 179, 'k': 154, 'e': 145, 'v': 144, 'ŋ': 142, 'b': 130, 'o': 125, 'h': 122, 'ɑ': 108, 'ɔ': 91, 'u': 74, 'j': 68, 'p': 67, 'y': 34, 'ø': 33, 'x': 27, 'ʏ': 26, 'œ': 23, 'ɐ': 14})",(Russian),_deGerman
13028,11755,42,"Counter({'ː': 1284, 'ɐ': 924, 'ə': 858, 'i': 718, 'u': 660, 'm': 650, 'a': 621, 'n': 528, 'ɾ': 520, 'j': 424, 'v': 396, 'e': 343, 't': 333, 'l': 320, 'd': 298, 'k': 285, 'ɡ': 241, 'ɭ': 232, 's': 212, 'ʈ': 203, 'ŋ': 181, 'p': 175, 'o': 163, 'ɖ': 143, 'ɳ': 137, 'ɨ': 125, 'ʰ': 119, 'ɕ': 104, 'b': 97, 'r': 83, 'ʂ': 74, 'c': 72, 'ʲ': 69, 'h': 52, 'ɟ': 37, 'ɪ': 23, 'ɲ': 21, '.': 13, '̩': 9, 'ʊ': 8})",(English),_mlMalayalam
13047,11306,37,"Counter({'ʲ': 1284, 'ʌ': 861, 'i': 843, 't': 826, 'n': 662, 's': 602, 'j': 536, 'v': 530, 'ɪ': 489, 'r': 445, 'ɑ': 407, 'a': 350, 'd': 327, 'ɭ': 316, 'p': 294, 'o': 289, 'y': 288, 'u': 288, 'm': 252, 'e': 218, 'k': 215, 'b': 172, 'ʃ': 141, 'ʒ': 132, 'z': 113, 'f': 82, 'ɡ': 75, 'ɕ': 72, 'x': 67, 'ɛ': 57, 'ə': 37, '""': 22, 'ʑ': 11, 'ɔ': 2, '^': 1})",(English),_ruRussian
13065,11405,34,"Counter({'a': 2451, 'ː': 1018, 'i': 1001, 'n': 872, 'u': 692, 'r': 623, 'k': 588, 't': 363, 'j': 349, 'l': 347, 'ʋ': 309, 'm': 306, 'd': 301, 'e': 274, 'p': 246, 's': 240, 'c': 178, 'ʈ': 155, 'o': 155, 'ʰ': 155, 'ɖ': 153, 'ɡ': 125, 'h': 115, 'b': 89, 'ɟ': 73, 'ɪ': 64, 'ʂ': 53, 'ɕ': 37, 'ɳ': 30, 'ʲ': 20, 'ʊ': 14, 'ɭ': 9})",(Russian),_teTelugu
13066,11173,41,"Counter({'ə': 1942, 'ː': 867, 'i': 850, 'ɐ': 624, 'j': 509, 'k': 491, 'n': 480, 't': 472, 'm': 465, 'w': 463, 's': 463, 'a': 446, 'e': 348, 'd': 342, 'h': 330, 'u': 308, 'ɹ': 302, 'æ': 224, 'p': 174, 'ʈ': 157, 'ɡ': 155, 'l': 139, 'o': 130, 'ʰ': 81, 'b': 69, 'ʒ': 69, 'ɭ': 47, 'ʃ': 47, 'ɳ': 43, 'ⁿ': 42, 'r': 31, 'ɖ': 23, 'v': 14, 'ʊ': 12, 'ɪ': 4, 'ᵑ': 4, 'ŋ': 4, 'ɲ': 1, 'ᵐ': 1})",(English),_siSinhala
13080,10980,34,"Counter({'e': 1336, 't': 1051, 'a': 1041, 'i': 801, 'r': 624, 's': 603, 'n': 568, 'l': 554, 'u': 501, 'o': 432, 'p': 383, 'ə': 343, 'd': 334, 'k': 327, 'ʃ': 310, 'ɾ': 271, 'ʲ': 202, 'm': 188, 'j': 163, 'ɪ': 152, 'b': 129, 'f': 114, 'v': 97, 'ɨ': 86, 'z': 79, 'ʊ': 76, 'ɔ': 71, 'ɡ': 55, 'ʒ': 48, 'w': 28, 'ŋ': 8, 'h': 5})",(Japanese),_roRomanian
13093,11374,38,"Counter({'ə': 1683, 'ɨ': 1277, 'a': 1175, 't': 936, 'n': 614, 'm': 590, 'l': 432, 's': 420, 'ʔ': 409, 'w': 402, 'j': 381, 'r': 274, 'β': 268, '`': 268, 'k': 251, 'd': 234, 'u': 232, 'ɡ': 218, 'o': 199, 'h': 195, 'i': 179, 'ʃ': 169, 'b': 164, 'ɲ': 90, 'f': 79, 'e': 72, 'z': 60, 'ʒ': 43, 'ç': 16, 'x': 10, 'ː': 10, 'ɹ': 7, 'ʊ': 7, 'p': 5, 'ɪ': 4, 'v': 1})",(Chinese),_amAmharic
13122,10946,41,"Counter({'ɐ': 879, 'i': 791, 'd': 667, 't': 557, 'ɨ': 527, 'e': 522, 'ʊ': 515, 's': 475, 'u': 475, '̃': 374, 'ɪ': 362, 'ŋ': 344, 'ɾ': 343, 'a': 342, 'ɹ': 335, 'k': 290, 'l': 286, 'm': 268, 'p': 267, 'n': 266, 'ʃ': 240, 'o': 208, 'z': 208, 'ʒ': 207, 'w': 187, 'ə': 147, 'v': 144, 'ɛ': 126, 'ɡ': 102, 'ɔ': 101, 'b': 83, 'ɑ': 69, 'j': 68, 'ʁ': 61, 'f': 55, 'ː': 25, 'ʎ': 16, 'ɲ': 9, 'r': 5})",(Japanese),_ptPortuguese (Portugal)
13137,11374,32,"Counter({'a': 1717, 'n': 1049, 't': 829, 'ʰ': 724, 'e': 652, 'u': 639, 'k': 625, 'ɹ': 474, 'v': 474, 'i': 471, 'j': 430, 's': 424, 'r': 408, 'm': 369, 'o': 332, 'ə': 298, 'd': 220, 'h': 213, 'p': 158, 'l': 153, 'ʃ': 152, 'z': 104, 'ɡ': 93, 'ʀ': 81, 'ɪ': 77, 'b': 76, 'ʒ': 74, 'χ': 52, 'ː': 5, 'ɾ': 1})",(Russian),_hyArmenian (East Armenia)
13139,11385,33,"Counter({'ɑ': 1375, '[': 930, 'e': 765, 'n': 667, 't': 662, 'd': 638, 'r': 598, 'u': 537, 'i': 522, 'o': 453, 'l': 439, 'q': 434, 'ɯ': 434, 'b': 304, 'm': 296, 'k': 289, ':': 278, 'S': 262, 's': 253, 'j': 251, 'y': 243, 'Z': 237, 'ʁ': 164, 'z': 141, 'ɡ': 116, 'p': 73, 'N': 14, 'X': 4, 'f': 3, 'v': 2, 'ə': 1})",(Japanese),_kyKyrgyz
13140,11432,38,"Counter({'a': 2310, 'ː': 1128, 'n': 1012, 'i': 970, 'u': 786, 'k': 621, 'r': 487, 'm': 361, 'l': 356, 'e': 350, 'd': 331, 'ʋ': 316, 'c': 253, 't': 244, 'p': 238, 'o': 235, 'j': 206, 'ɖ': 197, 's': 163, 'ʈ': 134, 'ɡ': 127, 'h': 111, 'ʰ': 106, 'b': 89, 'ɪ': 78, 'ɕ': 58, 'ʂ': 56, 'ɟ': 51, 'ɳ': 22, 'ʲ': 20, 'ɭ': 5, 'ɛ': 4, 'ʊ': 3, 'w': 2, 'v': 1, 'ʃ': 1})",(Quechua),_teTelugu
13155,10970,42,"Counter({'ː': 1182, 'a': 1063, 'r': 848, 'ɪ': 809, 'd': 592, 'ɛ': 548, 'n': 490, 'y': 466, 'ð': 437, 'h': 373, 'l': 368, 's': 360, 'm': 318, 'ʋ': 312, '#': 236, 'ʊ': 235, 'j': 214, 'ɔ': 201, 'ɡ': 181, 'f': 178, 'θ': 172, 'e': 164, 'i': 143, 'ɟ': 139, 'ɾ': 118, 't': 113, 'x': 107, 'ɣ': 100, 'ə': 95, 'œ': 80, 'o': 80, 'b': 73, 'k': 58, 'u': 29, 'ŋ': 26, 'c': 23, 'ɲ': 17, 'ø': 14, 'ç': 6, 'p': 2})",(Quechua),_isIcelandic
13161,10488,43,"Counter({'a': 667, 'ː': 652, 't': 572, '2': 565, '6': 563, 'ɜ': 522, 'ə': 511, 'i': 445, 'k': 435, 'n': 417, 'w': 389, '̪': 331, 'y': 310, 'ŋ': 308, 'ɛ': 282, 'j': 280, 'c': 267, 'ɗ': 255, 'o': 254, '4': 253, 'ɔ': 216, 'm': 199, 'h': 193, 'v': 188, 'e': 172, 'u': 155, 'ɲ': 154, 'z': 153, 'b': 137, 'ʃ': 126, 'l': 96, 's': 94, 'f': 76, '5': 74, 'p': 59, 'x': 53, 'ɪ': 46, '7': 12, 'ɣ': 3, 'ʊ': 3, '1': 1})",(Portuguese),_viVietnamese (Northern)
13179,11435,44,"Counter({'ː': 2110, 'a': 1379, 'ə': 619, 'k': 559, 't': 521, 'j': 493, 'ɾ': 438, 'e': 400, 'ɪ': 394, 'v': 357, 'ʌ': 350, 'n': 318, 's': 312, 'i': 298, 'ʰ': 291, 'ɳ': 271, 'm': 238, 'd': 238, 'l': 209, 'c': 198, 'h': 191, 'p': 177, 'ʃ': 128, '̃': 121, 'o': 115, 'ʊ': 94, 'ɡ': 91, 'r': 90, 'ʈ': 87, 'b': 74, 'z': 73, 'u': 67, 'ʂ': 51, 'ɭ': 21, 'ɖ': 19, 'ɟ': 17, 'ŋ': 11, 'ɲ': 8, 'ɛ': 3, 'ɔ': 2, 'ɐ': 1, 'w': 1})",(Russian),_mrMarathi
13193,11325,41,"Counter({'ə': 1964, 'ː': 879, 'i': 870, 'ɐ': 619, 'k': 517, 'j': 516, 'n': 503, 's': 483, 'm': 472, 'w': 469, 't': 463, 'a': 455, 'e': 356, 'd': 319, 'ɹ': 312, 'h': 302, 'u': 299, 'æ': 215, 'p': 183, 'ʈ': 170, 'l': 161, 'ɡ': 150, 'o': 135, 'ʰ': 102, 'b': 88, 'ʒ': 60, 'ʃ': 48, 'ɳ': 42, 'ɭ': 41, 'ⁿ': 33, 'r': 33, 'ɖ': 18, 'v': 14, 'ʊ': 13, 'ᵑ': 8, 'ŋ': 7, 'ɪ': 3, 'ᵐ': 2, 'ɲ': 1})",(Portuguese),_siSinhala
13205,11258,42,"Counter({'a': 1035, 'ː': 1035, 'r': 932, 'ɪ': 794, 'ɛ': 616, 'n': 558, 'd': 555, 's': 532, 'y': 446, 'l': 418, 'ð': 353, 'm': 333, '#': 295, 'ɡ': 284, 'h': 278, 'j': 274, 'ʋ': 265, 'ʊ': 254, 'i': 195, 'f': 186, 'ɔ': 180, 'x': 175, 'ə': 150, 'e': 148, 'θ': 133, 'ɟ': 101, 'b': 96, 't': 94, 'ɾ': 87, 'ŋ': 84, 'o': 83, 'œ': 72, 'ɣ': 67, 'k': 63, 'ø': 22, 'u': 20, 'c': 18, 'ɲ': 13, 'p': 7, 'ç': 7})",(Russian),_isIcelandic
13209,12569,34,"Counter({'̞': 2081, 'o': 1417, 'i': 999, 'ɯ': 914, 'ᵝ': 914, 'ä': 894, 'k': 709, 'n': 695, 'e': 664, 't': 537, 's': 399, 'ɽ': 390, 'd': 291, 'ɕ': 241, 'j': 188, 'ʑ': 173, 'm': 168, 'b': 157, 'ũ': 129, 'w': 126, 'ɡ': 106, 'h': 91, 'ʲ': 75, 'ŋ': 69, 'z': 40, 'ç': 32, 'ɴ': 21, 'ɸ': 19, 'ː': 17, 'p': 10, 'ĩ': 2, 'ʔ': 1})",(Japanese),_jaJapanese
13212,11494,43,"Counter({'ː': 2153, 'a': 1362, 'ə': 585, 'k': 540, 't': 528, 'j': 466, 'e': 446, 'ɾ': 433, 'ɪ': 394, 'i': 326, 'n': 324, 'ʌ': 323, 'v': 322, 's': 316, 'ʰ': 298, 'ɳ': 277, 'd': 246, 'm': 238, 'l': 221, 'c': 218, 'h': 198, 'p': 171, '̃': 139, 'ʃ': 125, 'o': 114, 'ʊ': 101, 'ɡ': 97, 'ʈ': 82, 'r': 80, 'b': 79, 'u': 74, 'z': 68, 'ʂ': 61, 'ɭ': 29, 'ɟ': 21, 'ɖ': 18, 'ɲ': 9, 'ŋ': 9, 'ɐ': 1, 'ɛ': 1, 'w': 1})",(Spanish),_mrMarathi
13212,10774,47,"Counter({'ː': 1550, 'a': 1175, 'ʌ': 683, 'h': 590, 'e': 558, 'ə': 510, 'n': 500, 'i': 401, 'r': 378, 'm': 334, 'k': 323, 'ɟ': 300, 'ɪ': 284, '̃': 279, 'o': 276, 't': 256, 'l': 232, 'd': 202, '̪': 182, 'b': 177, 'ʰ': 173, 's': 168, 'q': 158, 'j': 133, 'ʋ': 105, 'z': 105, 'ɳ': 79, 'f': 78, 'ʂ': 70, 'ʊ': 60, 'ʈ': 59, 'p': 56, 'ʃ': 54, 'x': 51, 'ɡ': 50, 'ɖ': 46, 'ʐ': 30, 'c': 28, 'u': 23, 'ɲ': 16, 'ɣ': 16, '.': 13, 'ɾ': 8, 'ɛ': 4, 'ɔ': 1})",(Arabic),_sdSindhi
13215,11253,42,"Counter({'a': 1107, 'ː': 1068, 'r': 910, 'ɪ': 811, 'ɛ': 622, 'd': 575, 'n': 552, 's': 480, 'l': 437, 'y': 430, 'ð': 378, 'm': 343, '#': 284, 'h': 268, 'ɡ': 263, 'j': 253, 'ʋ': 249, 'ʊ': 229, 'f': 193, 'ɔ': 181, 'e': 173, 'i': 155, 'x': 152, 'ə': 149, 'θ': 129, 'ɣ': 112, 'b': 105, 'ɟ': 100, 't': 98, 'ɾ': 96, 'o': 81, 'œ': 79, 'ŋ': 64, 'k': 39, 'u': 22, 'c': 21, 'ø': 21, 'ɲ': 13, 'ç': 6, 'p': 5})",(Japanese),_isIcelandic
13222,10940,47,"Counter({'ː': 1540, 'a': 1148, 'ʌ': 715, 'ə': 604, 'h': 582, 'e': 511, 'n': 491, 'i': 431, 'r': 411, 'k': 350, 'm': 342, 'ɟ': 297, 'o': 283, '̃': 283, 't': 260, 'ɪ': 249, 'l': 236, 'b': 194, 'd': 193, 's': 179, '̪': 179, 'ʰ': 176, 'q': 160, 'j': 139, 'z': 117, 'ɳ': 100, 'ʋ': 83, 'ɡ': 79, 'f': 68, 'ʈ': 66, 'ʊ': 64, 'ɖ': 56, 'ʂ': 56, 'p': 55, 'x': 44, 'ʃ': 42, 'u': 37, 'ʐ': 31, 'c': 22, 'ɣ': 20, '.': 18, 'ɲ': 14, 'ɾ': 7, 'ɛ': 5, 'ɔ': 3})",(Japanese),_sdSindhi
13223,11456,32,"Counter({'a': 1693, 'e': 1447, 't': 882, 's': 854, 'i': 802, 'o': 675, 'n': 637, 'k': 618, 'ɾ': 598, 'u': 531, '̻': 492, '̺': 362, 'ð': 340, 'β': 324, 'l': 232, 'ɣ': 165, 'r': 128, 'p': 124, 'm': 95, 'ɪ': 88, 'b': 87, 'd': 72, 'ʊ': 44, 'ɲ': 42, 'ɡ': 34, 'j': 29, 'ʎ': 22, 'f': 18, 'ɟ': 11, 'ʃ': 10})",(Chinese),_euBasque
13253,11035,43,"Counter({'ː': 1837, 'a': 876, 'k': 767, 'ɾ': 563, 'e': 496, 'ə': 480, 'ʌ': 479, 'ɪ': 475, 'n': 437, 't': 414, 's': 402, 'ʰ': 358, 'j': 295, 'd': 265, 'i': 261, 'ʋ': 256, 'm': 251, 'o': 222, 'h': 220, 'p': 191, '̃': 184, 'ʊ': 148, 'b': 129, 'c': 118, 'ɡ': 111, 'ɔ': 108, 'ʃ': 105, 'l': 104, 'ɟ': 91, 'ɛ': 91, 'u': 66, 'ʂ': 58, 'r': 56, 'ʈ': 40, 'ɳ': 39, 'ŋ': 12, '.': 10, 'ɲ': 7, 'w': 7, 'ɖ': 5, 'f': 1})",(Spanish),_hiHindi
13254,11619,35,"Counter({'a': 2476, 'ː': 1092, 'i': 1010, 'n': 848, 'u': 686, 'r': 661, 'k': 616, 't': 364, 'l': 333, 'ʋ': 325, 'j': 319, 'd': 312, 'm': 299, 'e': 277, 'p': 258, 's': 231, 'o': 193, 'c': 191, 'ʰ': 164, 'ʈ': 158, 'ɖ': 145, 'ɡ': 130, 'h': 111, 'b': 104, 'ɪ': 75, 'ɟ': 70, 'ʂ': 60, 'ɳ': 41, 'ɕ': 33, 'ʲ': 15, 'ʊ': 12, 'ɭ': 9, 'v': 1})",(Spanish),_teTelugu
13264,11380,44,"Counter({'ː': 1970, 'a': 876, 'ʌ': 803, 'ə': 698, 'n': 610, 'e': 593, 'ɾ': 548, 'k': 521, 't': 513, 'ʰ': 386, 'o': 351, 'm': 343, 'ʋ': 318, 'ɪ': 293, 'i': 269, 'd': 252, 's': 245, 'j': 223, 'p': 170, 'u': 155, 'ɟ': 134, '̃': 124, 'c': 118, 'l': 113, 'ʃ': 108, 'b': 103, 'ɳ': 101, 'ɡ': 82, 'h': 68, 'ʈ': 65, 'r': 61, 'ʂ': 41, 'w': 39, '.': 27, 'ɖ': 16, 'ʊ': 16, 'ɲ': 11, 'ŋ': 9, 'ɛ': 4, 'ɐ': 1, 'ɔ': 1, 'z': 1})",(Russian),_guGujarati
13265,10556,43,"Counter({'a': 668, 'ː': 660, '2': 598, '6': 578, 't': 561, 'ə': 532, 'ɜ': 505, 'i': 457, 'k': 432, 'n': 401, 'w': 365, '̪': 329, 'y': 325, 'j': 295, 'ŋ': 294, 'c': 270, 'ɛ': 267, 'ɗ': 256, '4': 255, 'ɔ': 229, 'o': 228, 'm': 219, 'v': 190, 'h': 187, 'ɲ': 170, 'u': 169, 'e': 156, 'z': 156, 'b': 145, 'ʃ': 126, 's': 110, 'l': 94, '5': 80, 'f': 70, 'p': 59, 'x': 51, 'ɪ': 45, '7': 12, 'ɣ': 6, '1': 3, 'ʊ': 3})",(English),_viVietnamese (Northern)
13269,11194,41,"Counter({'n': 1106, 't': 926, 'ː': 817, 'ə': 801, 'a': 754, 'ɪ': 629, 's': 483, 'd': 475, 'ɛ': 458, 'ɾ': 412, 'ʊ': 398, 'l': 395, 'f': 306, 'i': 268, 'r': 260, 'ɡ': 232, 'ç': 228, 'm': 193, 'ɜ': 181, 'z': 181, 'k': 164, 'e': 149, 'ʃ': 147, 'b': 146, 'v': 133, 'h': 127, 'o': 126, 'ɑ': 124, 'ŋ': 121, 'u': 87, 'ɔ': 80, 'p': 64, 'j': 56, 'x': 38, 'y': 31, 'ʏ': 29, 'œ': 27, 'ø': 24, 'ɐ': 18})",(Japanese),_deGerman
13273,11432,43,"Counter({'ː': 1954, 'a': 919, 'ʌ': 827, 'ə': 696, 'n': 626, 'e': 622, 'ɾ': 543, 't': 520, 'k': 508, 'ʰ': 396, 'm': 364, 'ʋ': 310, 'ɪ': 285, 's': 279, 'o': 275, 'd': 264, 'j': 227, 'i': 225, 'u': 169, 'p': 161, '̃': 135, 'ʃ': 117, 'ɳ': 110, 'b': 109, 'ɟ': 108, 'c': 107, 'l': 99, 'h': 87, 'ɡ': 79, 'r': 70, 'ʈ': 66, 'ʂ': 44, 'w': 43, '.': 32, 'ʊ': 20, 'ɖ': 12, 'ŋ': 9, 'ɲ': 9, 'ɛ': 4, 'ɐ': 1, 'ɔ': 1})",(Spanish),_guGujarati
13284,11222,42,"Counter({'a': 1070, 'ː': 1055, 'r': 961, 'ɪ': 767, 'ɛ': 634, 'n': 565, 'd': 539, 's': 526, 'y': 424, 'l': 398, 'ð': 341, 'm': 336, 'ɡ': 301, '#': 291, 'h': 284, 'j': 273, 'ʊ': 271, 'ʋ': 252, 'f': 186, 'i': 181, 'θ': 159, 'ɔ': 159, 'e': 158, 'ə': 146, 'x': 137, 't': 104, 'ɾ': 91, 'ŋ': 85, 'b': 83, 'ɟ': 82, 'o': 81, 'ɣ': 71, 'œ': 62, 'k': 62, 'ø': 26, 'u': 24, 'c': 17, 'ɲ': 10, 'p': 6, 'ç': 4})",(Arabic),_isIcelandic
13304,11595,33,"Counter({'e': 1293, 't': 1085, 'ɪ': 1070, 'a': 1058, 'l': 806, 'u': 742, 'i': 715, 'ː': 711, 'n': 593, 's': 507, 'd': 418, 'o': 391, 'ɹ': 318, 'm': 285, 'ə': 196, 'r': 174, 'p': 159, 'k': 155, 'ʃ': 153, 'h': 146, 'b': 129, 'f': 123, 'c': 101, 'ʒ': 68, 'z': 65, 'v': 51, 'ɡ': 41, 'x': 19, 'j': 15, 'ç': 6, 'y': 2})",(Portuguese),_mtMaltese
13306,12752,33,"Counter({'̞': 2148, 'o': 1396, 'i': 967, 'ä': 950, 'ɯ': 863, 'ᵝ': 863, 'k': 758, 'e': 752, 'n': 651, 't': 569, 's': 460, 'ɽ': 394, 'd': 339, 'ɕ': 252, 'm': 222, 'ʑ': 178, 'j': 134, 'ɡ': 122, 'ũ': 107, 'w': 107, 'b': 105, 'h': 89, 'ʲ': 87, 'ŋ': 66, 'ç': 45, 'z': 44, 'ɴ': 40, 'ɸ': 18, 'ː': 17, 'p': 8, 'ĩ': 1})",(Portuguese),_jaJapanese
13312,11577,48,"Counter({'ɔ': 2118, 'a': 1115, 'i': 844, 'ɾ': 781, 'k': 697, 't': 643, 'n': 536, 's': 507, 'b': 490, 'ʰ': 471, 'e': 464, 'd': 430, 'm': 295, 'u': 219, 'h': 208, 'l': 182, 'j': 179, 'p': 174, 'ŋ': 159, 'ʈ': 131, 'ʃ': 130, 'ː': 109, 'ɡ': 94, 'o': 89, 'ə': 73, 'ɟ': 70, 'ʒ': 61, 'ʌ': 59, 'ɪ': 50, '̩': 40, '̃': 40, 'ɖ': 30, 'r': 19, 'ɹ': 17, 'ɛ': 11, 'f': 8, 'c': 7, 'ɒ': 5, 'z': 5, 'ɳ': 4, 'v': 3, 'ʊ': 3, 'ɜ': 2, 'æ': 2, 'θ': 2, '.': 1})",(Korean),_orOriya
13314,11346,35,"Counter({'a': 2458, 'n': 838, 'i': 736, 'ə': 717, 't': 624, 'd': 622, 's': 617, 'u': 593, 'r': 571, 'k': 569, 'm': 446, 'p': 396, 'l': 360, 'b': 316, 'h': 301, 'ŋ': 284, 'ɛ': 208, 'ɡ': 104, 'o': 96, 'j': 82, 'ʒ': 70, 'ɲ': 68, 'ɔ': 64, 'w': 44, 'ɪ': 43, 'ʃ': 40, 'ʊ': 32, 'f': 13, 'v': 12, 'ç': 12, 'e': 7, 'ɹ': 2, 'x': 1})",(Chinese),_idIndonesian
13319,11719,40,"Counter({'ɐ': 2101, 'ː': 883, 'u': 877, 'i': 735, 'n': 688, 'd': 534, 'a': 531, 'e': 530, 't': 486, 'ɹ': 470, 'v': 436, 'k': 417, 'm': 370, 'l': 350, 'ɡ': 330, 's': 254, 'j': 251, 'b': 192, 'h': 168, 'ɭ': 153, 'p': 151, 'o': 138, 'ʰ': 134, 'ɖ': 106, 'ʂ': 78, 'r': 66, 'ʈ': 62, 'ɕ': 59, 'ɳ': 41, 'c': 38, 'ɟ': 36, 'ɪ': 23, 'ŋ': 17, 'ɲ': 6, 'ʊ': 4, 'ɛ': 2, 'w': 1, 'ʃ': 1})",(Quechua),_knKannada
13337,11794,38,"Counter({'ɐ': 2235, 'ː': 851, 'u': 771, 'i': 716, 't': 677, 'n': 606, 'a': 564, 'k': 462, 'ɹ': 455, 'd': 451, 'e': 426, 'v': 416, 'j': 348, 'm': 346, 'ɡ': 323, 's': 289, 'l': 283, 'ʰ': 242, 'p': 165, 'ɭ': 155, 'b': 149, 'o': 148, 'h': 145, 'ɖ': 86, 'ʂ': 82, 'r': 73, 'ɳ': 72, 'ʈ': 62, 'ɟ': 59, 'ɕ': 45, 'ɪ': 30, 'c': 29, 'ŋ': 17, 'ʊ': 8, 'ɲ': 7, 'ʃ': 1})",(Spanish),_knKannada
13343,11408,32,"Counter({'a': 2160, 'ː': 1601, 'm': 640, 'n': 640, 'u': 562, 't': 516, 'k': 496, 'i': 492, 'ɪ': 492, 's': 402, 'r': 372, 'o': 330, 'b': 328, 'd': 299, 'e': 284, 'l': 283, 'f': 271, 'ɡ': 253, '?': 242, 'w': 166, '`': 166, 'h': 123, 'ʃ': 97, 'ð': 81, 'ʒ': 72, 'ɲ': 31, 'θ': 4, 'p': 3, 'Φ': 1, 'v': 1})",(Chinese),_omOromo
13347,12728,37,"Counter({'̞': 2123, 'o': 1360, 'ä': 956, 'i': 941, 'ɯ': 884, 'ᵝ': 884, 'e': 763, 'k': 730, 'n': 653, 't': 586, 's': 445, 'ɽ': 419, 'd': 336, 'ɕ': 230, 'm': 213, 'ʑ': 169, 'j': 139, 'ɡ': 122, 'w': 113, 'b': 110, 'ũ': 99, 'h': 88, 'ʲ': 82, 'ŋ': 58, 'z': 49, 'ç': 49, 'ɴ': 28, 'ɸ': 22, 'ː': 22, 'p': 19, 'ə': 14, 'ʒ': 7, 'a': 7, 'l': 7, 'ĩ': 1})",(English),_jaJapanese
13352,11758,37,"Counter({'ʌ': 1671, 'ʉ': 932, 'a': 854, 'm': 713, 'i': 697, 'ː': 551, 'n': 526, 'k': 495, 't': 420, 'ɹ': 405, 'd': 396, 'p': 368, 'r': 348, 'ɪ': 332, 'ɡ': 314, 'v': 313, 'ʈ': 294, 'u': 265, 'ɖ': 255, 'l': 254, 'ɭ': 245, 'j': 235, 'e': 175, 's': 172, 'o': 170, 'ɳ': 100, 'b': 79, 'ŋ': 53, 'ɻ': 49, 'ʲ': 43, 'ʃ': 28, 'ʂ': 2, 'ɲ': 2, 'ɐ': 1, 'ʒ': 1})",(Spanish),_taTamil
13362,11728,37,"Counter({'ʌ': 1743, 'ʉ': 917, 'a': 798, 'm': 748, 'i': 663, 'ː': 530, 'k': 496, 'n': 494, 'ɹ': 411, 'd': 398, 't': 394, 'p': 361, 'ɪ': 333, 'v': 320, 'r': 316, 'ʈ': 306, 'ɡ': 283, 'ɖ': 273, 'u': 271, 'l': 254, 'j': 243, 'ɭ': 225, 's': 191, 'o': 186, 'e': 182, 'ɳ': 101, 'b': 100, 'ŋ': 57, 'ɻ': 54, 'ʲ': 37, 'ʃ': 32, 'ɲ': 5, 'ʒ': 3, 'ʂ': 2, 'ɐ': 1})",(Russian),_taTamil
13364,11770,37,"Counter({'ɐ': 2261, 'ː': 843, 'u': 760, 't': 694, 'i': 682, 'n': 601, 'a': 555, 'k': 473, 'ɹ': 441, 'e': 436, 'd': 429, 'v': 428, 'j': 370, 'm': 344, 'ɡ': 311, 's': 290, 'l': 255, 'ʰ': 230, 'b': 175, 'p': 160, 'o': 156, 'h': 149, 'ɭ': 147, 'r': 83, 'ʂ': 83, 'ɖ': 73, 'ɟ': 66, 'ɳ': 64, 'ʈ': 56, 'ɕ': 53, 'c': 41, 'ɪ': 26, 'ŋ': 18, 'ʊ': 11, 'ɲ': 6})",(Russian),_knKannada
13367,11000,45,"Counter({'ː': 1843, 'a': 837, 'k': 762, 'ɾ': 548, 'e': 530, 'ɪ': 502, 'ʌ': 479, 'ə': 450, 'n': 444, 's': 435, 't': 421, 'ʰ': 338, 'j': 289, 'i': 260, 'd': 253, 'h': 236, 'ʋ': 233, 'm': 230, 'o': 219, 'p': 206, '̃': 170, 'ʊ': 169, 'b': 141, 'c': 125, 'ɛ': 116, 'ɟ': 112, 'ʃ': 105, 'l': 105, 'ɔ': 97, 'ɡ': 79, 'u': 55, 'ʂ': 48, 'r': 46, 'ʈ': 38, 'ɳ': 32, 'ɲ': 11, '.': 10, 'ŋ': 9, 'w': 7, 'ɖ': 5, 'z': 2, 'f': 2, 'x': 1})",(Arabic),_hiHindi
13369,11137,43,"Counter({'ː': 1842, 'a': 863, 'k': 744, 'ɾ': 559, 'ə': 512, 'ɪ': 510, 'e': 497, 'ʌ': 492, 'n': 461, 't': 442, 's': 395, 'ʰ': 351, 'j': 301, 'ʋ': 279, 'd': 255, 'm': 244, 'i': 241, 'h': 230, 'o': 226, 'p': 204, '̃': 176, 'b': 135, 'c': 134, 'ʊ': 129, 'ɔ': 115, 'l': 114, 'ʃ': 107, 'ɟ': 102, 'ɡ': 97, 'ɛ': 97, 'r': 62, 'u': 55, 'ʂ': 50, 'ʈ': 39, 'ɳ': 31, '.': 13, 'ŋ': 11, 'ɲ': 8, 'ɖ': 6, 'w': 4, 'z': 4})",(Russian),_hiHindi
13371,11679,35,"Counter({'ʲ': 1453, 'i': 1060, 'a': 995, 'e': 953, 'ː': 755, 't': 735, 's': 670, 'u': 521, 'r': 503, 'n': 464, 'ɪ': 421, 'o': 406, 'k': 390, 'm': 340, 'ʂ': 270, 'v': 264, 'p': 241, 'ɡ': 164, 'd': 163, 'b': 146, 'ɭ': 145, 'j': 137, 'l': 93, '̩': 93, 'ʃ': 78, 'ɕ': 70, 'ɑ': 62, 'ʒ': 59, 'ʑ': 10, 'ʊ': 8, 'f': 6, 'z': 3, 'x': 1})",(Spanish),_ltLithuanian
13380,11769,30,"Counter({'a': 2417, 'n': 1193, 'i': 992, 't': 898, 'k': 886, 'u': 608, 's': 605, 'q': 548, 'ʃ': 541, 'p': 541, 'm': 440, 'j': 364, 'r': 354, 'e': 318, 'o': 299, 'w': 193, 'h': 137, 'd': 109, 'ʎ': 107, 'l': 76, 'b': 38, 'ɡ': 33, 'ɲ': 25, 'v': 20, 'f': 14, 'ː': 8, 'ʔ': 3, 'z': 2})",(Quechua),_quQuechua
13382,12745,36,"Counter({'̞': 2156, 'o': 1394, 'ä': 971, 'i': 961, 'ɯ': 837, 'ᵝ': 837, 'e': 762, 'k': 741, 'n': 640, 't': 600, 's': 479, 'ɽ': 414, 'd': 331, 'ɕ': 260, 'm': 216, 'ʑ': 176, 'ɡ': 130, 'j': 123, 'ũ': 112, 'h': 94, 'b': 93, 'w': 93, 'ʲ': 82, 'ŋ': 72, 'ç': 48, 'z': 43, 'ɴ': 35, 'ː': 19, 'ɸ': 12, 'p': 9, 'f': 2, 'l': 1, 'ə': 1, 'ĩ': 1})",(Spanish),_jaJapanese
13383,12108,42,"Counter({'ː': 1299, 'ɐ': 993, 'ə': 865, 'i': 758, 'u': 663, 'm': 642, 'a': 623, 'n': 537, 'ɾ': 526, 'j': 446, 'v': 380, 't': 345, 'e': 341, 'l': 335, 'k': 323, 'd': 303, 'ɡ': 260, 'ɭ': 236, 's': 208, 'ʈ': 199, 'ŋ': 198, 'p': 191, 'o': 180, 'ɖ': 169, 'ʰ': 136, 'ɳ': 134, 'b': 121, 'ɨ': 121, 'ɕ': 107, 'r': 82, 'c': 81, 'ʂ': 69, 'ʲ': 54, 'h': 49, 'ɟ': 39, 'ɪ': 30, 'ɲ': 22, '.': 18, '̩': 17, 'ʊ': 8})",(Portuguese),_mlMalayalam
13394,11615,48,"Counter({'ː': 1766, 'ə': 1458, 'a': 969, 'ɾ': 648, 'k': 548, 'ɪ': 525, 'n': 518, 'ʰ': 432, 't': 419, 's': 356, 'ʌ': 323, 'd': 292, 'w': 281, 'r': 269, 'm': 252, 'o': 252, 'u': 242, 'j': 234, 'p': 224, 'e': 181, 'c': 160, 'h': 155, 'ɡ': 154, 'l': 132, 'b': 128, 'i': 113, 'ʂ': 88, 'ɛ': 81, 'ɟ': 80, 'ʃ': 74, 'ʈ': 53, 'ɳ': 47, 'ʋ': 36, 'ʊ': 36, 'ŋ': 18, 'ɒ': 13, 'ɔ': 12, 'ɖ': 11, 'ɲ': 10, '̃': 9, 'ɹ': 6, 'θ': 4, 'f': 2, 'ʲ': 2, 'v': 1, 'ɐ': 1})",(Spanish),_neNepali
13415,11771,34,"Counter({'a': 2529, 'ː': 1160, 'i': 956, 'n': 872, 'u': 733, 'r': 641, 'k': 591, 'l': 403, 'd': 325, 'm': 313, 'j': 311, 't': 307, 'ʋ': 301, 'e': 296, 's': 243, 'p': 236, 'c': 201, 'o': 199, 'ɖ': 162, 'ʈ': 159, 'ʰ': 152, 'ɡ': 135, 'h': 116, 'b': 101, 'ɟ': 95, 'ɪ': 64, 'ʂ': 57, 'ɕ': 41, 'ɳ': 33, 'ʊ': 17, 'ʲ': 17, 'ɭ': 5})",(Japanese),_teTelugu
13421,10814,47,"Counter({'ː': 1956, 'a': 1251, 'e': 657, 'h': 635, 'k': 600, 'r': 449, 'i': 445, 'n': 418, 'm': 397, 't': 312, 's': 297, 'o': 283, 'ɪ': 273, 'ʌ': 249, 'l': 217, '̃': 206, 'q': 204, 'd': 199, 'ə': 171, 'ʊ': 161, 'b': 146, 'ɛ': 125, 'u': 124, 'j': 116, 'ɟ': 104, 'ʰ': 103, 'z': 85, 'p': 83, 'ɡ': 78, 'c': 74, 'ɔ': 69, 'ʂ': 53, 'ʋ': 51, 'f': 46, 'x': 45, 'ʃ': 30, 'ʐ': 27, 'ʈ': 22, 'w': 21, 'ɣ': 15, '.': 11, 'ɖ': 3, 'ŋ': 1, 'v': 1, 'ɾ': 1})",(Quechua),_urUrdu
13423,11589,36,"Counter({'ʲ': 1436, 'i': 1055, 'a': 1011, 'e': 953, 'ː': 731, 't': 702, 's': 674, 'r': 522, 'u': 503, 'n': 486, 'ɪ': 409, 'o': 405, 'k': 366, 'm': 330, 'v': 266, 'ʂ': 254, 'p': 233, 'd': 172, 'ɡ': 164, 'j': 148, 'ɭ': 144, 'b': 141, 'l': 92, '̩': 92, 'ɕ': 78, 'ʃ': 72, 'ɑ': 66, 'ʒ': 50, 'ʑ': 11, 'ʊ': 10, 'f': 8, 'z': 2, 'x': 2, 'h': 1})",(Arabic),_ltLithuanian
13424,11615,33,"Counter({'a': 1935, 'ʲ': 1061, 'n': 745, 's': 687, 't': 633, '͡': 576, 'ɛ': 481, 'ɨ': 468, 'r': 439, 'v': 431, 'i': 428, 'u': 366, 'ɔ': 352, 'j': 347, 'l': 303, 'd': 289, 'k': 287, 'p': 267, 'm': 244, 'ʂ': 220, 'b': 218, 'z': 200, 'w': 159, 'ʈ': 155, 'ɣ': 129, 'ʐ': 92, 'x': 82, 'f': 9, 'ɖ': 8, 'ɪ': 3, 'ɐ': 1})",(Spanish),_beBelarusian
13433,11643,48,"Counter({'ː': 1725, 'ə': 1474, 'a': 969, 'ɾ': 639, 'k': 546, 'n': 531, 'ɪ': 493, 't': 453, 'ʰ': 408, 's': 357, 'ʌ': 331, 'r': 292, 'd': 269, 'u': 269, 'w': 268, 'j': 262, 'm': 258, 'p': 250, 'o': 235, 'e': 176, 'h': 165, 'ɡ': 152, 'c': 149, 'l': 134, 'i': 114, 'b': 108, 'ʂ': 93, 'ɟ': 88, 'ɛ': 78, 'ʃ': 70, 'ʋ': 53, 'ʈ': 52, 'ɳ': 45, 'ʊ': 38, '̃': 22, 'ŋ': 15, 'ɒ': 13, 'ɖ': 12, 'ɔ': 11, 'ɲ': 9, 'ʲ': 7, 'ɹ': 4, 'θ': 3, 'v': 1, 'ɐ': 1, 'z': 1})",(Russian),_neNepali
13433,11620,36,"Counter({'a': 2330, 'ː': 1256, 'l': 853, 'i': 778, 'ʔ': 753, 'm': 548, 't': 495, 'd': 462, 'n': 406, 'j': 380, 'w': 370, 'ʕ': 340, 'r': 315, 'u': 276, 's': 232, 'ħ': 227, 'h': 212, 'q': 208, 'b': 180, 'f': 170, 'k': 130, 'ʒ': 120, '̪': 103, 'ʃ': 87, 'θ': 75, 'ð': 69, 'ˤ': 57, 'z': 57, '.': 34, 'x': 31, 'χ': 30, 'ɣ': 30, 'ɪ': 3, 'ɹ': 3})",(Chinese),_arArabic
13455,11438,43,"Counter({'ː': 1986, 'a': 897, 'ʌ': 780, 'ə': 686, 'e': 657, 'n': 616, 't': 525, 'ɾ': 523, 'k': 480, 'ʰ': 418, 'm': 335, 'ʋ': 325, 'o': 300, 'ɪ': 291, 'i': 270, 's': 270, 'd': 246, 'j': 230, 'p': 161, 'u': 159, 'c': 134, '̃': 128, 'ɟ': 124, 'b': 117, 'ʃ': 112, 'ɳ': 103, 'l': 98, 'ʈ': 84, 'h': 76, 'ɡ': 68, 'r': 55, 'w': 55, 'ʂ': 46, '.': 27, 'ʊ': 22, 'ɲ': 13, 'ɖ': 10, 'ŋ': 6, 'ɛ': 2, 'z': 2, 'ɔ': 1})",(Arabic),_guGujarati
13457,11649,34,"Counter({'ɛ': 1242, 'ː': 1219, 'ɑ': 923, 't': 828, 'n': 649, 'l': 622, 'k': 566, 'i': 563, 'ʃ': 539, 'o': 501, 'e': 432, 'a': 387, 'm': 385, 'r': 312, 'ɡ': 291, 'z': 284, 's': 273, 'v': 225, 'ø': 192, 'b': 190, 'j': 184, 'd': 166, 'ɟ': 160, 'h': 153, 'y': 92, 'ɲ': 80, 'f': 62, 'u': 56, 'p': 49, 'ʎ': 15, 'c': 8, 'ʒ': 1})",(Chinese),_huHungarian
13465,11746,36,"Counter({'ʌ': 1669, 'ʉ': 966, 'a': 841, 'i': 707, 'm': 672, 'n': 536, 'ː': 535, 'k': 515, 'd': 443, 't': 423, 'ɹ': 393, 'p': 367, 'v': 340, 'ɪ': 335, 'r': 325, 'ɖ': 280, 'ɡ': 277, 'ʈ': 272, 'l': 268, 'u': 254, 'j': 222, 'ɭ': 217, 'o': 187, 'e': 173, 's': 163, 'ɳ': 99, 'b': 86, 'ɻ': 58, 'ŋ': 47, 'ʲ': 44, 'ʃ': 28, 'ʒ': 2, 'ʂ': 1, 'h': 1})",(Arabic),_taTamil
13466,11503,32,"Counter({'a': 1974, 'ʲ': 1040, 'n': 739, 's': 698, 't': 644, '͡': 551, 'ɨ': 480, 'ɛ': 458, 'r': 428, 'i': 415, 'v': 389, 'j': 365, 'ɔ': 343, 'u': 315, 'k': 308, 'l': 297, 'p': 285, 'd': 278, 'm': 254, 'b': 195, 'z': 186, 'ʂ': 184, 'ɣ': 167, 'w': 154, 'ʈ': 137, 'x': 101, 'ʐ': 97, 'ɖ': 11, 'f': 9, 'ʃ': 1})",(Arabic),_beBelarusian
13473,11665,37,"Counter({'ʲ': 1343, 't': 918, 'ʌ': 890, 'i': 851, 'n': 655, 's': 626, 'v': 546, 'j': 541, 'ɪ': 476, 'r': 468, 'ɑ': 395, 'a': 394, 'ɭ': 324, 'd': 321, 'u': 313, 'p': 300, 'y': 292, 'o': 262, 'e': 257, 'k': 228, 'm': 225, 'b': 180, 'ʃ': 176, 'ʒ': 118, 'z': 109, 'f': 89, 'ɡ': 76, 'x': 76, 'ɕ': 70, 'ɛ': 67, 'ə': 40, '""': 22, 'ʑ': 12, 'ɔ': 3, '^': 2})",(Spanish),_ruRussian
13487,11663,34,"Counter({'a': 1720, 'n': 1074, 't': 843, 'e': 751, 'ʰ': 738, 'k': 661, 'u': 609, 'i': 523, 'v': 510, 'ɹ': 502, 's': 423, 'j': 406, 'r': 380, 'm': 369, 'o': 357, 'ə': 283, 'h': 206, 'd': 204, 'ʃ': 175, 'l': 172, 'p': 168, 'ɡ': 114, 'z': 102, 'ʀ': 82, 'b': 80, 'ɪ': 75, 'ʒ': 68, 'χ': 61, 'f': 3, 'ː': 2, 'ɾ': 1, 'ð': 1})",(Japanese),_hyArmenian (East Armenia)
13495,11186,36,"Counter({'e': 1499, 'a': 1244, 'o': 1032, 's': 820, 'n': 781, 'ɾ': 725, 'i': 674, 't': 642, 'ð': 591, 'l': 566, 'j': 352, 'k': 315, 'p': 282, 'θ': 269, 'u': 269, 'm': 219, 'β': 210, 'd': 137, 'r': 87, 'ʃ': 78, 'w': 67, 'ɣ': 64, 'ɛ': 61, 'f': 58, 'x': 53, 'b': 24, 'ɪ': 23, 'ŋ': 11, 'ɡ': 10, 'ʎ': 6, 'ʝ': 5, 'ɲ': 5, 'ː': 4, 'ʊ': 3})",(Chinese),_esSpanish (Spain)
13496,12826,36,"Counter({'̞': 2134, 'o': 1356, 'i': 1004, 'ä': 942, 'ɯ': 894, 'ᵝ': 894, 'e': 778, 'k': 752, 'n': 625, 't': 590, 's': 473, 'ɽ': 401, 'd': 338, 'ɕ': 245, 'm': 187, 'ʑ': 182, 'j': 140, 'b': 137, 'ɡ': 118, 'w': 107, 'ũ': 104, 'h': 80, 'ʲ': 77, 'ç': 69, 'ŋ': 61, 'z': 48, 'ɴ': 35, 'ː': 19, 'ɸ': 16, 'p': 15, 'f': 2, 'l': 1, 'ə': 1, 'ĩ': 1})",(Russian),_jaJapanese
13502,11732,42,"Counter({'ː': 2191, 'a': 1394, 'ə': 598, 'k': 550, 't': 478, 'e': 460, 'ɾ': 445, 'j': 435, 'ɪ': 366, 'ʌ': 363, 's': 356, 'n': 343, 'v': 325, 'i': 297, 'ʰ': 276, 'ɳ': 276, 'd': 256, 'm': 245, 'h': 245, 'l': 242, 'c': 204, 'p': 179, '̃': 146, 'ʃ': 146, 'o': 131, 'ʊ': 126, 'ʈ': 94, 'u': 88, 'r': 86, 'ɡ': 86, 'z': 83, 'b': 77, 'ʂ': 58, 'ɖ': 24, 'ɭ': 19, 'ɟ': 17, 'ɲ': 12, 'ŋ': 10, 'ɛ': 4, 'w': 1})",(Japanese),_mrMarathi
13503,11783,30,"Counter({'a': 1591, 'i': 1314, 's': 1073, 'e': 1001, 'ʰ': 712, 't': 674, 'r': 607, 'l': 527, 'b': 503, 'd': 498, 'o': 497, 'm': 447, 'u': 414, 'v': 394, 'n': 383, 'p': 198, 'k': 193, 'ɡ': 161, 'ʃ': 153, 'x': 145, 'q': 120, 'z': 94, 'ɣ': 45, 'ʒ': 18, 'c': 11, 'ə': 5, 'h': 4, 'ɪ': 1})",(Chinese),_kaGeorgian
13512,11592,46,"Counter({'ː': 1792, 'ə': 1330, 'a': 897, 'n': 587, 'ɾ': 580, 'ɪ': 493, 'k': 481, 'ʰ': 414, 'ʌ': 394, 's': 363, 't': 332, 'm': 321, 'h': 299, 'o': 265, 'r': 249, 'u': 248, 'e': 241, 'd': 225, 'w': 218, 'c': 216, 'p': 196, 'b': 178, 'ɡ': 172, 'l': 169, 'i': 157, 'j': 149, 'ɛ': 112, 'ʃ': 86, 'ɟ': 73, 'ʈ': 65, 'ʂ': 64, 'ʊ': 43, '̃': 43, 'ɔ': 41, 'ɳ': 25, 'ʋ': 17, 'ɖ': 12, 'ɒ': 12, 'ŋ': 11, 'ɲ': 8, 'ɹ': 5, 'θ': 4, 'ʲ': 3, 'f': 2})",(Quechua),_neNepali
13518,11657,42,"Counter({'ː': 2214, 'a': 1389, 'ə': 573, 't': 546, 'k': 540, 'j': 531, 'e': 451, 'ɾ': 419, 'ɪ': 384, 'i': 356, 'v': 334, 'ʌ': 331, 'n': 316, 's': 311, 'ʰ': 290, 'ɳ': 269, 'd': 240, 'm': 231, 'l': 230, 'h': 216, 'c': 214, 'p': 161, '̃': 141, 'ʃ': 124, 'o': 117, 'ʈ': 105, 'ʊ': 100, 'z': 91, 'ɡ': 81, 'r': 73, 'b': 72, 'u': 63, 'ʂ': 53, 'ɭ': 29, 'ɟ': 22, 'ɖ': 17, 'ɲ': 11, 'ŋ': 8, 'ɛ': 3, 'w': 1})",(Arabic),_mrMarathi
13519,11596,34,"Counter({'e': 1341, 'a': 1066, 'ɪ': 1049, 't': 1000, 'l': 808, 'u': 771, 'ː': 734, 'i': 703, 'n': 593, 's': 463, 'd': 462, 'o': 325, 'ɹ': 311, 'm': 249, 'ə': 230, 'r': 190, 'b': 167, 'p': 161, 'ʃ': 160, 'h': 147, 'k': 137, 'f': 122, 'c': 108, 'z': 80, 'ʒ': 70, 'v': 60, 'ɡ': 53, 'x': 17, 'j': 12, 'ç': 3, 'y': 3, 'ɛ': 1})",(Arabic),_mtMaltese
13543,12784,37,"Counter({'̞': 2150, 'o': 1345, 'ä': 986, 'i': 978, 'ɯ': 832, 'ᵝ': 832, 'e': 805, 'k': 744, 'n': 643, 't': 550, 's': 482, 'ɽ': 417, 'd': 338, 'ɕ': 235, 'm': 229, 'ʑ': 184, 'ɡ': 130, 'j': 116, 'w': 116, 'ũ': 111, 'b': 107, 'h': 91, 'ʲ': 90, 'ŋ': 65, 'ç': 56, 'z': 50, 'ɴ': 39, 'ː': 19, 'p': 15, 'ɸ': 12, 'f': 6, 'ə': 5, 'l': 4, 'ʒ': 1, 'a': 1})",(Arabic),_jaJapanese
13556,11587,38,"Counter({'a': 2106, 'ə': 1273, 'n': 887, 'i': 642, 'd': 613, 't': 579, 'r': 577, 's': 525, 'u': 476, 'm': 448, 'k': 440, 'p': 392, 'h': 335, 'l': 325, 'b': 325, 'ŋ': 305, 'o': 216, 'ʔ': 163, 'ɾ': 138, 'ɡ': 120, 'ɛ': 117, 'ɲ': 83, 'j': 79, 'e': 71, 'ʒ': 70, 'ɪ': 55, 'w': 51, 'ɔ': 50, 'ʃ': 47, 'ʊ': 34, 'f': 17, 'v': 9, 'ɹ': 6, 'ː': 5, 'z': 5, 'x': 3})",(Chinese),_msMalay
13566,11313,41,"Counter({'ə': 1260, 'n': 1154, 't': 840, 'ː': 785, 'r': 744, 'ɛ': 611, 'ɪ': 516, 'd': 505, 'l': 381, 'v': 348, 's': 346, 'ɑ': 331, 'ɔ': 324, 'e': 317, 'i': 313, 'k': 237, 'a': 235, 'ɣ': 228, 'm': 227, 'x': 212, 'h': 212, 'ʋ': 162, 'z': 143, 'f': 136, 'o': 136, 'p': 125, 'ŋ': 113, 'b': 112, 'y': 59, 'u': 54, 'ɵ': 40, 'ʃ': 28, 'œ': 23, 'ʊ': 17, 'ʌ': 16, 'ø': 9, 'w': 5, 'ɾ': 5, 'j': 4})",(Chinese),_nlDutch
13596,11721,39,"Counter({'a': 1228, 'o': 908, 't': 889, 'ː': 668, 'i': 660, 'n': 650, 'ɪ': 581, 'j': 529, '̪': 523, 's': 503, 'β': 477, 'r': 453, 'u': 435, 'ɛ': 422, 'd': 403, 'p': 292, 'm': 249, 'k': 240, 'z': 233, 'b': 195, 'ɲ': 188, 'ʃ': 185, 'ʎ': 162, 'ʒ': 127, 'l': 114, 'h': 108, 'x': 95, 'f': 58, 'e': 48, 'v': 22, 'ə': 19, 'ʲ': 15, 'ɣ': 14, 'ɹ': 10, 'ʊ': 9, 'ɡ': 8, 'θ': 1})",(Chinese),_ukUkrainian
13612,11348,43,"Counter({'ː': 1924, 'a': 907, 'k': 720, 'ɾ': 564, 'e': 518, 'ʌ': 500, 'ɪ': 470, 'ə': 467, 'n': 448, 's': 406, 't': 393, 'ʰ': 368, 'h': 287, 'd': 277, 'j': 276, 'i': 275, 'o': 264, 'm': 253, 'ʋ': 240, '̃': 198, 'p': 191, 'c': 151, 'b': 149, 'ʊ': 148, 'l': 121, 'ɛ': 120, 'ʃ': 112, 'ɔ': 105, 'ɡ': 105, 'ɟ': 101, 'r': 61, 'u': 55, 'ʂ': 54, 'ʈ': 44, 'ɳ': 31, '.': 13, 'ɲ': 11, 'ŋ': 11, 'w': 6, 'ɖ': 3, 'z': 1})",(Japanese),_hiHindi
13613,11819,47,"Counter({'ː': 1782, 'ə': 1449, 'a': 966, 'ɾ': 623, 'n': 551, 'k': 517, 'ɪ': 494, 'ʰ': 449, 't': 402, 'ʌ': 367, 's': 362, 'r': 327, 'u': 302, 'd': 299, 'm': 270, 'w': 260, 'o': 244, 'p': 238, 'j': 211, 'e': 194, 'h': 189, 'c': 183, 'ɡ': 151, 'b': 150, 'l': 141, 'ɛ': 102, 'ʂ': 94, 'i': 93, 'ɟ': 86, 'ʃ': 77, 'ʈ': 49, 'ɳ': 39, 'ʊ': 33, 'ʋ': 27, 'ŋ': 17, '̃': 16, 'ɲ': 14, 'ɒ': 13, 'ɔ': 11, 'ɖ': 10, 'ʲ': 5, 'θ': 5, 'ɹ': 5, 'z': 1, 'f': 1})",(Japanese),_neNepali
13620,11759,36,"Counter({'ː': 1592, 'a': 1051, 'i': 905, 'n': 795, 't': 711, 'ɔ': 702, 's': 618, 'ɛ': 566, 'r': 525, 'ʋ': 410, 'd': 407, 'e': 374, 'j': 370, 'p': 295, 'l': 283, 'u': 280, 'k': 249, 'm': 242, 'ʃ': 238, 'o': 222, 'z': 187, 'b': 170, 'ɡ': 137, 'w': 133, 'ʒ': 99, 'ə': 73, 'h': 66, 'x': 23, 'ʎ': 15, 'ɲ': 14, 'ʑ': 3, 'ŋ': 2, 'ɣ': 1, 'f': 1})",(Chinese),_slSlovenian
13648,12025,35,"Counter({'ʌ': 1702, 'ʉ': 953, 'a': 899, 'm': 748, 'i': 652, 'ː': 594, 'k': 531, 'n': 511, 'd': 445, 'ɹ': 380, 't': 378, 'p': 370, 'ɪ': 362, 'ɖ': 321, 'ɡ': 309, 'v': 306, 'r': 302, 'u': 288, 'ʈ': 280, 'l': 267, 'ɭ': 244, 'j': 243, 'e': 206, 'o': 170, 's': 167, 'ɳ': 133, 'b': 82, 'ɻ': 57, 'ŋ': 53, 'ʲ': 49, 'ʃ': 19, 'ʒ': 3, 'ʊ': 1})",(Japanese),_taTamil
13654,11741,43,"Counter({'ː': 2054, 'a': 908, 'ʌ': 832, 'ə': 689, 'e': 609, 'n': 579, 'ɾ': 538, 'k': 515, 't': 492, 'ʰ': 438, 'o': 359, 'ʋ': 346, 'm': 343, 'i': 284, 'd': 268, 'ɪ': 268, 's': 254, 'j': 201, 'u': 196, 'p': 178, 'ɟ': 136, '̃': 133, 'ʃ': 129, 'c': 128, 'b': 127, 'l': 118, 'ɳ': 110, 'h': 96, 'ʈ': 80, 'ɡ': 76, 'r': 67, 'ʂ': 52, 'w': 43, '.': 33, 'ʊ': 19, 'ɖ': 15, 'ɲ': 13, 'ŋ': 9, 'ɛ': 4, 'ɔ': 1, 'z': 1})",(Japanese),_guGujarati
13659,11967,38,"Counter({'ʌ': 1533, 'ʉ': 979, 'a': 900, 'i': 709, 'm': 696, 'ː': 644, 'n': 582, 'k': 570, 'd': 431, 'ɹ': 390, 'v': 373, 't': 333, 'ɡ': 318, 'p': 315, 'r': 309, 'ɪ': 303, 'ɖ': 300, 'e': 275, 'l': 275, 'ɭ': 272, 'u': 268, 'ʈ': 207, 'j': 205, 'o': 157, 'ɳ': 143, 's': 126, 'ʲ': 108, 'b': 87, 'ŋ': 83, 'ɻ': 47, 'ʃ': 19, 'ʂ': 3, 'w': 2, 'ɛ': 2, 'ʒ': 2, 'ɲ': 1})",(Quechua),_taTamil
13669,11893,34,"Counter({'i': 1631, 'a': 1414, 'ː': 1065, 's': 983, 't': 856, 'u': 730, 'e': 722, 'r': 535, 'n': 519, 'ʋ': 403, 'b': 328, 'm': 312, 'k': 305, 'p': 296, 'l': 293, 'd': 292, 'o': 265, 'z': 193, 'j': 176, '͡': 149, 'ɡ': 116, 'ʃ': 105, 'æ': 66, 'ɲ': 65, 'ʎ': 18, 'ɟ': 17, 'c': 9, '`': 9, 'f': 7, 'ʒ': 7, 'ŋ': 5, 'h': 2})",(Chinese),_lvLatvian
13669,11690,37,"Counter({'ʲ': 1415, 't': 920, 'i': 873, 'ʌ': 867, 'n': 626, 's': 610, 'v': 540, 'j': 517, 'ɪ': 493, 'r': 454, 'ɑ': 402, 'a': 364, 'ɭ': 352, 'd': 330, 'o': 295, 'p': 295, 'y': 284, 'e': 273, 'u': 264, 'k': 245, 'm': 243, 'ʃ': 179, 'b': 176, 'ʒ': 120, 'z': 115, 'x': 89, 'ɡ': 78, 'f': 74, 'ɕ': 65, 'ɛ': 62, 'ə': 34, '""': 21, 'ʑ': 11, 'ɔ': 3, '^': 1})",(Arabic),_ruRussian
13702,11968,35,"Counter({'ʲ': 1493, 'i': 1118, 'a': 1031, 'e': 978, 'ː': 780, 't': 727, 's': 718, 'r': 549, 'u': 495, 'n': 490, 'ɪ': 419, 'o': 411, 'k': 383, 'm': 340, 'v': 282, 'ʂ': 257, 'p': 231, 'd': 172, 'ɡ': 167, 'ɭ': 142, 'j': 141, 'b': 133, 'l': 112, '̩': 112, 'ɕ': 73, 'ɑ': 70, 'ʒ': 56, 'ʃ': 55, 'ʑ': 10, 'ʊ': 10, 'f': 7, 'z': 4, 'x': 2})",(Russian),_ltLithuanian
13708,12202,43,"Counter({'ː': 1321, 'ɐ': 1002, 'ə': 848, 'i': 788, 'u': 689, 'm': 645, 'n': 623, 'a': 603, 'ɾ': 504, 'j': 454, 'v': 407, 't': 367, 'k': 336, 'e': 329, 'd': 308, 'l': 282, 'ɡ': 238, 'ɭ': 235, 'o': 227, 's': 221, 'ʈ': 196, 'p': 179, 'ŋ': 166, 'ɖ': 165, 'ɨ': 146, 'ɳ': 137, 'ʰ': 124, 'ɕ': 114, 'b': 107, 'r': 94, 'ʂ': 78, 'c': 68, 'h': 50, 'ɟ': 38, 'ʲ': 35, 'ɪ': 26, 'ɲ': 20, '̩': 15, '.': 11, 'ʊ': 5, 'ʃ': 1})",(Arabic),_mlMalayalam
13719,11756,41,"Counter({'ə': 2078, 'i': 903, 'ː': 880, 'ɐ': 660, 'j': 539, 'n': 516, 'k': 515, 's': 500, 't': 489, 'm': 473, 'w': 469, 'a': 449, 'e': 365, 'd': 357, 'ɹ': 330, 'h': 323, 'u': 303, 'æ': 236, 'p': 198, 'ʈ': 178, 'ɡ': 170, 'l': 166, 'o': 138, 'ʰ': 108, 'b': 88, 'ʒ': 65, 'ʃ': 47, 'ɳ': 40, 'ɭ': 37, 'r': 37, 'ⁿ': 36, 'ɖ': 16, 'v': 15, 'ʊ': 13, 'ɪ': 7, 'ŋ': 7, 'ᵑ': 3, 'ɲ': 1, 'ᵐ': 1})",(Spanish),_siSinhala
13719,10788,44,"Counter({'a': 693, 'ː': 681, 'ɜ': 573, '2': 555, 't': 552, '6': 550, 'ə': 537, 'k': 465, 'i': 456, 'n': 434, 'w': 386, '̪': 319, 'y': 313, 'j': 304, 'ŋ': 288, 'ɛ': 275, '4': 273, 'c': 268, 'ɗ': 267, 'ɔ': 249, 'o': 233, 'm': 226, 'h': 195, 'v': 189, 'e': 184, 'ɲ': 173, 'z': 168, 'u': 165, 'b': 148, 'ʃ': 140, 's': 97, 'l': 89, '5': 83, 'f': 67, 'x': 65, 'p': 55, 'ɪ': 43, '7': 13, 'ɣ': 11, 'ʊ': 3, '1': 2, 'd': 1})",(Arabic),_viVietnamese (Northern)
13722,10947,32,"Counter({'a': 1073, 'i': 1008, 'n': 798, 'u': 786, '6': 636, 'o': 600, 'ɡ': 597, '4': 594, '1': 555, 'k': 440, 'j': 427, 'ɜ': 368, 'e': 312, 'd': 304, 'z': 269, 's': 262, '2': 244, 'w': 243, 't': 242, '5': 202, 'y': 172, 'm': 146, 'b': 138, 'h': 129, 'l': 109, 'p': 89, 'c': 89, 'f': 82, '7': 20, 'ŋ': 13})",(Portuguese),"_zh-CNChinese (Cantonese, latin as Jyutping)"
13723,12045,38,"Counter({'ɐ': 2297, 'ː': 865, 'u': 767, 'i': 719, 'n': 691, 't': 666, 'a': 581, 'd': 485, 'k': 474, 'ɹ': 456, 'v': 454, 'e': 451, 'j': 384, 'ɡ': 316, 'm': 313, 'l': 288, 's': 273, 'ʰ': 225, 'o': 167, 'b': 164, 'p': 159, 'h': 157, 'ɭ': 137, 'ɖ': 78, 'r': 74, 'ʂ': 72, 'ɳ': 66, 'ɟ': 62, 'ʈ': 55, 'ɕ': 54, 'c': 37, 'ɪ': 23, 'ŋ': 15, 'ʊ': 11, 'ɲ': 8, 'ʃ': 1})",(Arabic),_knKannada
13724,11882,33,"Counter({'e': 1319, 'a': 1124, 't': 1090, 'ɪ': 1038, 'l': 784, 'u': 779, 'ː': 732, 'i': 724, 'n': 642, 's': 535, 'd': 395, 'o': 382, 'ɹ': 336, 'm': 264, 'ə': 234, 'r': 211, 'p': 192, 'ʃ': 169, 'b': 151, 'k': 146, 'h': 139, 'c': 111, 'f': 103, 'z': 79, 'ʒ': 66, 'v': 59, 'ɡ': 41, 'x': 20, 'j': 12, 'y': 3, 'ç': 2})",(Russian),_mtMaltese
13736,10937,32,"Counter({'a': 1150, 'i': 988, 'n': 793, 'u': 740, '6': 620, '4': 619, 'ɡ': 594, '1': 573, 'o': 555, 'k': 488, 'j': 479, 'ɜ': 364, 'd': 305, 'e': 284, 'z': 257, 't': 256, 'w': 253, 's': 244, '2': 235, '5': 193, 'y': 173, 'm': 142, 'h': 125, 'b': 120, 'l': 95, 'c': 90, 'p': 89, 'f': 82, '7': 22, 'ŋ': 9})",(English),"_zh-CNChinese (Cantonese, latin as Jyutping)"
13751,11316,46,"Counter({'ə': 1207, 'ː': 1001, 'n': 857, '̪': 476, 't': 459, 'r': 450, 'ɐ': 443, 'ʲ': 442, 'ɪ': 437, 'i': 436, 'ɡ': 370, 's': 342, 'l': 339, 'x': 330, 'ʃ': 301, 'd': 296, 'a': 264, 'A': 246, 'ɑ': 215, 'e': 202, 'ɛ': 199, 'u': 196, 'k': 176, 'h': 170, 'ɹ': 153, 'ʊ': 140, 'v': 136, 'o': 136, 'ɔ': 136, '̯': 112, 'm': 103, 'b': 85, 'ʒ': 82, 'f': 75, 'ç': 65, 'j': 51, 'c': 47, 'p': 44, 'χ': 32, 'w': 15, 'ʁ': 14, 'ɣ': 14, '̆': 12, 'ŋ': 10})",(Chinese),_gaGaelic (Irish)
13759,11953,33,"Counter({'e': 1329, 't': 1105, 'a': 1097, 'ɪ': 1089, 'u': 796, 'l': 776, 'ː': 739, 'i': 721, 'n': 625, 's': 543, 'd': 428, 'o': 398, 'ɹ': 347, 'm': 286, 'ə': 217, 'r': 183, 'p': 169, 'k': 163, 'h': 151, 'ʃ': 143, 'b': 137, 'f': 112, 'c': 107, 'z': 81, 'ʒ': 68, 'ɡ': 55, 'v': 52, 'x': 15, 'j': 11, 'ç': 7, 'y': 3})",(Spanish),_mtMaltese
13772,11931,36,"Counter({'ʲ': 1423, 'ʌ': 937, 't': 921, 'i': 853, 'n': 694, 's': 630, 'j': 516, 'ɪ': 500, 'v': 499, 'r': 471, 'ɑ': 411, 'a': 364, 'd': 349, 'ɭ': 336, 'y': 328, 'p': 306, 'u': 302, 'm': 295, 'o': 277, 'e': 255, 'k': 218, 'b': 171, 'ʒ': 151, 'ʃ': 142, 'z': 115, 'f': 87, 'ɡ': 87, 'x': 83, 'ɕ': 74, 'ɛ': 60, 'ə': 33, '""': 25, 'ʑ': 14, 'ɔ': 4})",(Japanese),_ruRussian
13789,11556,34,"Counter({'e': 1212, 'a': 1118, 'i': 1038, 't': 955, 'o': 951, 'r': 788, 'n': 757, 'l': 661, 'd': 585, 's': 576, 'ɪ': 382, 'k': 281, 'p': 279, 'ː': 243, 'ʊ': 217, 'm': 191, 'v': 175, 'ɛ': 168, 'u': 126, 'ʃ': 111, 'b': 108, 'ɔ': 99, 'z': 86, 'j': 78, 'ɲ': 75, 'ɡ': 64, 'f': 64, 'w': 62, 'ʒ': 48, 'ɾ': 36, 'ʎ': 18, 'ŋ': 4})",(Chinese),_itItalian
13796,10968,42,"Counter({'a': 726, 'ː': 700, 't': 603, '2': 597, '6': 556, 'ɜ': 554, 'ə': 525, 'k': 460, 'i': 459, 'n': 420, 'w': 396, '̪': 325, 'y': 325, 'ŋ': 318, 'j': 314, 'c': 285, 'ɛ': 280, '4': 278, 'o': 263, 'ɗ': 259, 'm': 232, 'ɔ': 228, 'h': 186, 'v': 185, 'e': 171, 'u': 164, 'z': 163, 'ɲ': 156, 'b': 148, 'ʃ': 147, 'l': 105, 's': 95, '5': 85, 'f': 82, 'x': 63, 'p': 51, 'ɪ': 41, '7': 13, 'ɣ': 7, 'ʊ': 3})",(Japanese),_viVietnamese (Northern)
13796,10946,43,"Counter({'a': 706, 'ː': 677, '2': 601, 't': 600, '6': 599, 'ə': 554, 'ɜ': 506, 'k': 463, 'i': 455, 'n': 440, 'w': 398, '̪': 349, 'y': 330, 'ŋ': 319, 'j': 290, 'ɛ': 287, 'c': 285, '4': 267, 'ɗ': 250, 'o': 242, 'ɔ': 227, 'm': 226, 'v': 192, 'h': 184, 'e': 182, 'u': 170, 'ɲ': 164, 'z': 163, 'b': 155, 'ʃ': 133, 's': 98, 'l': 91, '5': 79, 'f': 72, 'p': 65, 'x': 57, 'ɪ': 45, '7': 13, 'ɣ': 6, 'ʊ': 3, '1': 3})",(Russian),_viVietnamese (Northern)
13819,11753,41,"Counter({'ə': 2084, 'i': 893, 'ː': 886, 'ɐ': 631, 'j': 550, 't': 517, 'n': 501, 'm': 497, 'w': 483, 'k': 480, 's': 473, 'a': 448, 'd': 363, 'e': 360, 'u': 336, 'h': 320, 'ɹ': 289, 'æ': 245, 'p': 191, 'ʈ': 188, 'ɡ': 185, 'l': 175, 'o': 149, 'ʰ': 92, 'b': 67, 'ʒ': 65, 'ʃ': 52, 'ɳ': 47, 'ɭ': 44, 'ⁿ': 36, 'r': 33, 'ɖ': 24, 'ʊ': 17, 'v': 15, 'ᵑ': 7, 'ŋ': 5, 'ɪ': 3, 'ɲ': 1, 'ᵐ': 1})",(Arabic),_siSinhala
13825,12361,45,"Counter({'ː': 1328, 'ɐ': 974, 'ə': 874, 'i': 703, 'u': 693, 'm': 685, 'a': 646, 'n': 639, 'ɾ': 467, 'e': 412, 'j': 398, 'l': 386, 'k': 367, 'v': 353, 't': 311, 'ŋ': 262, 'ɭ': 260, 'ɡ': 259, 'd': 258, 'ɨ': 204, 'ɳ': 189, 'ɖ': 187, 'ʈ': 168, 's': 164, 'p': 162, 'o': 143, 'ɕ': 114, 'c': 107, 'r': 103, 'b': 85, 'ʰ': 84, 'ʲ': 77, 'ʂ': 68, 'ɲ': 61, 'ɟ': 54, '.': 34, 'h': 34, 'ɪ': 33, '̩': 8, 'ɛ': 3, 'ʊ': 2, 'w': 1, 'ʃ': 1})",(Quechua),_mlMalayalam
13832,11279,48,"Counter({'ː': 1936, 'a': 1440, 'k': 619, 'i': 565, 'r': 560, 'e': 533, 'h': 455, 'm': 442, 'n': 429, 'ɪ': 346, 't': 327, 's': 310, 'l': 287, 'o': 273, 'd': 255, 'ʌ': 207, 'q': 206, 'ə': 205, 'ʊ': 194, 'b': 155, 'ɔ': 130, 'z': 128, 'j': 119, 'ɛ': 116, 'ɟ': 111, '̃': 105, 'u': 103, 'f': 83, 'p': 79, 'ʋ': 78, 'ʂ': 73, 'x': 67, 'ʃ': 63, 'ɡ': 55, 'ʰ': 48, 'c': 47, 'ʈ': 41, 'ʐ': 36, 'ɣ': 24, 'ɹ': 10, 'w': 7, '.': 5, 'ɖ': 3, 'ð': 2, 'ŋ': 1, 'θ': 1})",(Chinese),_urUrdu
13837,11338,44,"Counter({'ː': 1923, 'a': 869, 'k': 744, 'e': 582, 'ɾ': 581, 'ʌ': 547, 'h': 503, 'ə': 488, 'ɪ': 465, 's': 402, 'n': 394, 't': 358, 'i': 325, 'ʰ': 309, 'm': 279, '̃': 265, 'o': 243, 'd': 228, 'ʋ': 210, 'j': 205, 'p': 175, 'ɛ': 161, 'b': 153, 'l': 126, 'ʊ': 115, 'c': 112, 'ʃ': 97, 'ɟ': 94, 'ɔ': 81, 'ɡ': 76, 'ʈ': 49, 'u': 43, 'ʂ': 39, 'r': 31, '.': 14, 'ɳ': 13, 'z': 10, 'ŋ': 9, 'ɲ': 7, 'w': 7, 'ɖ': 5, 'f': 1})",(Quechua),_hiHindi
13839,11919,42,"Counter({'ː': 2449, 'a': 1474, 'e': 569, 'k': 528, 't': 525, 'ə': 460, 'ɾ': 428, 'ʌ': 419, 'j': 390, 'i': 350, 'h': 337, 's': 319, 'ɪ': 302, 'v': 302, 'n': 288, 'l': 277, 'ɳ': 263, 'ʰ': 247, 'm': 217, 'd': 210, 'c': 209, 'p': 185, 'ʃ': 151, 'o': 150, '̃': 130, 'ʈ': 122, 'u': 102, 'z': 95, 'ʊ': 80, 'ɡ': 80, 'r': 75, 'b': 57, 'ʂ': 42, 'ɭ': 33, 'ɖ': 19, 'ɟ': 13, 'ɲ': 9, 'ŋ': 6, 'ɛ': 4, 'w': 3})",(Quechua),_mrMarathi
13842,11866,42,"Counter({'a': 1175, 'ː': 1088, 'r': 957, 'ɪ': 898, 'd': 654, 'ɛ': 612, 'n': 605, 's': 557, 'l': 470, 'y': 430, 'ð': 368, 'm': 330, 'h': 296, '#': 291, 'ɡ': 272, 'j': 264, 'ʊ': 264, 'ʋ': 239, 'f': 196, 'e': 193, 'ɔ': 186, 'i': 184, 'x': 165, 'ə': 157, 'θ': 148, 'ɣ': 117, 't': 104, 'o': 102, 'ɾ': 101, 'b': 93, 'ɟ': 89, 'ŋ': 72, 'œ': 72, 'k': 33, 'u': 24, 'ø': 19, 'c': 18, 'ɲ': 9, 'p': 9, 'ç': 5})",(Chinese),_isIcelandic
13843,12473,43,"Counter({'ː': 1323, 'ɐ': 1028, 'ə': 930, 'i': 753, 'u': 715, 'm': 674, 'a': 609, 'ɾ': 543, 'n': 539, 'j': 443, 'v': 415, 't': 392, 'e': 361, 'k': 321, 'd': 321, 'l': 312, 'ɡ': 287, 'ɭ': 237, 's': 212, 'p': 200, 'o': 197, 'ŋ': 193, 'ɖ': 189, 'ʈ': 189, 'ʰ': 144, 'ɳ': 131, 'b': 123, 'ɨ': 116, 'ɕ': 115, 'r': 94, 'ʂ': 79, 'c': 72, 'ʲ': 45, 'h': 45, 'ɟ': 37, 'ɪ': 25, 'ɲ': 20, '̩': 19, '.': 16, 'ʊ': 8, 'ʃ': 1})",(Spanish),_mlMalayalam
13857,12123,35,"Counter({'ʲ': 1542, 'i': 1105, 'a': 1036, 'e': 995, 'ː': 777, 't': 763, 's': 711, 'r': 577, 'u': 538, 'n': 507, 'ɪ': 439, 'o': 413, 'k': 360, 'm': 325, 'v': 268, 'ʂ': 249, 'p': 235, 'ɡ': 178, 'd': 174, 'j': 152, 'b': 141, 'ɭ': 139, 'l': 103, '̩': 103, 'ɑ': 74, 'ɕ': 68, 'ʃ': 58, 'ʒ': 56, 'ʑ': 12, 'ʊ': 12, 'f': 6, 'z': 5, 'x': 2})",(Japanese),_ltLithuanian
13858,12433,42,"Counter({'ː': 1320, 'ɐ': 1054, 'ə': 926, 'i': 768, 'm': 689, 'u': 644, 'a': 629, 'n': 558, 'ɾ': 509, 'j': 491, 'v': 428, 't': 388, 'k': 331, 'e': 323, 'd': 296, 'l': 286, 'ɡ': 277, 'ɭ': 248, 's': 243, 'o': 208, 'ŋ': 199, 'ʈ': 190, 'p': 183, 'ɖ': 167, 'ʰ': 133, 'ɨ': 130, 'ɳ': 129, 'b': 118, 'ɕ': 113, 'r': 93, 'c': 78, 'ʂ': 74, 'h': 57, 'ʲ': 37, 'ɟ': 35, 'ɪ': 21, '̩': 19, '.': 17, 'ɲ': 16, 'ʊ': 8})",(Russian),_mlMalayalam
13895,11890,41,"Counter({'ə': 2125, 'i': 877, 'ː': 869, 'ɐ': 679, 'j': 585, 'w': 511, 't': 510, 'k': 508, 's': 499, 'n': 497, 'm': 481, 'a': 464, 'u': 355, 'd': 347, 'h': 330, 'e': 329, 'ɹ': 314, 'æ': 230, 'p': 220, 'ɡ': 188, 'l': 170, 'ʈ': 158, 'o': 129, 'ʰ': 105, 'b': 79, 'ʒ': 65, 'ɳ': 44, 'ɭ': 43, 'ʃ': 42, 'r': 37, 'ⁿ': 32, 'ɖ': 21, 'v': 15, 'ʊ': 13, 'ŋ': 8, 'ɪ': 6, 'ᵑ': 3, 'ɲ': 1, 'ᵐ': 1})",(Russian),_siSinhala
13897,12338,37,"Counter({'ɐ': 2342, 'ː': 925, 'u': 831, 'i': 699, 't': 678, 'n': 636, 'a': 607, 'ɹ': 496, 'd': 487, 'k': 471, 'e': 455, 'v': 425, 'm': 374, 'j': 349, 's': 314, 'l': 307, 'ɡ': 304, 'ʰ': 241, 'b': 175, 'h': 163, 'ɭ': 162, 'p': 151, 'o': 148, 'ɖ': 82, 'r': 79, 'ʂ': 78, 'ʈ': 75, 'ɟ': 68, 'ɳ': 60, 'ɕ': 55, 'c': 39, 'ɪ': 26, 'ŋ': 16, 'ʊ': 12, 'ɲ': 8})",(Japanese),_knKannada
13911,11819,42,"Counter({'n': 1076, 't': 1048, 'ː': 878, 'a': 793, 'ə': 790, 'ɪ': 668, 's': 528, 'd': 515, 'ɛ': 479, 'ɾ': 459, 'l': 418, 'ʊ': 404, 'f': 323, 'i': 300, 'r': 276, 'ɡ': 236, 'ç': 228, 'z': 196, 'ɜ': 187, 'm': 178, 'v': 178, 'k': 172, 'ʃ': 170, 'e': 158, 'o': 145, 'b': 142, 'ŋ': 124, 'ɑ': 123, 'h': 121, 'ɔ': 106, 'u': 88, 'j': 77, 'p': 72, 'ø': 35, 'y': 34, 'x': 33, 'ʏ': 25, 'œ': 18, 'ɐ': 17, '̃': 1})",(Chinese),_deGerman
13922,11082,42,"Counter({'a': 690, 'ː': 669, 't': 629, '2': 599, '6': 595, 'ə': 558, 'ɜ': 542, 'i': 469, 'k': 453, 'n': 425, 'w': 393, '̪': 362, 'y': 330, 'ŋ': 326, 'ɛ': 306, 'j': 295, '4': 280, 'ɗ': 275, 'c': 274, 'o': 253, 'ɔ': 249, 'm': 232, 'h': 187, 'v': 182, 'u': 177, 'e': 162, 'z': 160, 'ɲ': 156, 'b': 153, 'ʃ': 152, 'l': 104, 's': 101, '5': 87, 'f': 80, 'p': 60, 'ɪ': 48, 'x': 48, '7': 13, 'ɣ': 5, 'ʊ': 3})",(Spanish),_viVietnamese (Northern)
13949,11772,34,"Counter({'e': 1474, 't': 1158, 'a': 1106, 'i': 853, 'r': 686, 'n': 626, 's': 602, 'l': 581, 'u': 539, 'o': 460, 'd': 408, 'p': 394, 'ə': 360, 'ʃ': 352, 'ɾ': 326, 'k': 324, 'ʲ': 202, 'm': 195, 'ɪ': 161, 'j': 157, 'b': 123, 'ɨ': 114, 'f': 109, 'v': 102, 'z': 83, 'ɔ': 76, 'ʊ': 57, 'ɡ': 55, 'ʒ': 49, 'w': 31, 'ŋ': 5, 'h': 4})",(Chinese),_roRomanian
13985,12178,35,"Counter({'ɑ': 1445, '[': 1036, 'e': 789, 'n': 745, 't': 730, 'd': 696, 'r': 628, 'u': 570, 'i': 570, 'ɯ': 489, 'l': 473, 'o': 462, 'q': 445, 'm': 353, 'k': 306, 'b': 287, 'y': 280, 'j': 276, ':': 270, 'S': 256, 's': 254, 'Z': 248, 'ʁ': 159, 'z': 136, 'ɡ': 111, 'p': 79, 'a': 22, 'ɪ': 22, 'N': 14, 'X': 9, 'f': 7, 'ə': 6, 'v': 5})",(Chinese),_kyKyrgyz
14015,11773,41,"Counter({'ɐ': 961, 'i': 880, 'd': 758, 'ɨ': 637, 't': 599, 'e': 567, 's': 537, 'ʊ': 525, 'u': 489, 'ɾ': 398, 'ɪ': 388, '̃': 368, 'ŋ': 358, 'a': 345, 'ɹ': 333, 'l': 323, 'k': 299, 'p': 289, 'n': 287, 'm': 278, 'ʃ': 227, 'o': 224, 'ʒ': 218, 'z': 203, 'w': 200, 'ə': 170, 'v': 149, 'ɛ': 116, 'ɡ': 110, 'ɔ': 103, 'j': 102, 'b': 92, 'ɑ': 74, 'ʁ': 65, 'f': 54, 'ː': 21, 'ʎ': 16, 'ɲ': 8, 'r': 2})",(Chinese),_ptPortuguese (Portugal)
14036,11464,37,"Counter({'5': 1259, 'i': 1066, 't': 1005, 'ɜ': 795, 'u': 672, 'n': 621, 'o': 600, 's': 477, 'ə': 468, 'ɕ': 442, '.': 418, 'h': 385, '2': 385, 'j': 345, 'ɑ': 287, 'ŋ': 231, 'χ': 211, 'y': 190, '1': 182, 'k': 173, 'p': 157, 'ʐ': 148, 'ɛ': 128, 'e': 125, 'a': 119, 'æ': 108, 'l': 103, 'ɡ': 86, 'w': 78, 'f': 65, '̪': 50, 'm': 50, 'r': 33, 'ʃ': 1, 'ɒ': 1})",(English),"_zh-TWChinese (Mandarin, latin as English)"
14036,11455,35,"Counter({'5': 1285, 'i': 1056, 't': 976, 'ɜ': 767, 'u': 685, 'n': 626, 'o': 617, 's': 498, 'ə': 433, '.': 418, 'ɕ': 417, '2': 394, 'h': 365, 'j': 318, 'ɑ': 290, 'ŋ': 231, 'χ': 197, 'y': 195, 'k': 188, '1': 180, 'p': 171, 'a': 139, 'e': 135, 'ʐ': 134, 'ɛ': 127, 'l': 124, 'æ': 101, 'ɡ': 96, 'w': 91, 'f': 60, 'm': 54, '̪': 53, 'r': 34})",(Portuguese),"_zh-TWChinese (Mandarin, latin as English)"
14046,12007,40,"Counter({'ə': 2125, 'i': 961, 'ː': 862, 'ɐ': 686, 'j': 598, 'k': 541, 'n': 536, 't': 528, 'm': 524, 'w': 491, 's': 486, 'a': 460, 'u': 352, 'd': 336, 'h': 325, 'e': 324, 'ɹ': 308, 'æ': 235, 'p': 181, 'ʈ': 173, 'l': 158, 'ɡ': 158, 'o': 122, 'ʰ': 93, 'b': 85, 'ʒ': 69, 'ɭ': 53, 'ɳ': 50, 'ʃ': 49, 'ⁿ': 36, 'r': 30, 'ɖ': 29, 'v': 15, 'ʊ': 14, 'ŋ': 6, 'ᵑ': 5, 'ɪ': 2, 'ɲ': 1})",(Japanese),_siSinhala
14063,12022,50,"Counter({'ɔ': 2199, 'a': 1144, 'i': 820, 'ɾ': 813, 'k': 721, 't': 623, 'e': 571, 'n': 561, 'b': 534, 's': 508, 'd': 477, 'ʰ': 429, 'm': 290, 'h': 243, 'u': 213, 'l': 208, 'p': 200, 'ŋ': 189, 'j': 176, 'ː': 128, 'ʈ': 120, 'ɡ': 105, 'ʃ': 99, 'o': 97, 'ə': 79, 'ʒ': 78, 'ɟ': 77, 'ʌ': 69, '̃': 50, 'ɪ': 47, '̩': 44, 'ɖ': 35, 'r': 21, 'ɛ': 15, 'f': 9, 'c': 7, 'ɹ': 6, 'ɳ': 4, 'ɒ': 3, 'v': 2, 'æ': 1, 'ɑ': 1, 'ʊ': 1, '.': 1, 'ɐ': 1, 'w': 1, 'ɜ': 1, 'θ': 1})",(English),_orOriya
14078,12219,32,"Counter({'a': 2055, 'ʲ': 1151, 'n': 793, 's': 765, 't': 732, '͡': 619, 'ɨ': 489, 'ɛ': 470, 'i': 467, 'r': 461, 'v': 415, 'j': 397, 'u': 363, 'ɔ': 352, 'p': 313, 'm': 304, 'd': 300, 'l': 284, 'k': 282, 'z': 207, 'b': 205, 'ʂ': 186, 'w': 144, 'ɣ': 131, 'ʈ': 121, 'ʐ': 103, 'x': 94, 'f': 8, 'ɖ': 6, 'ɪ': 2})",(Japanese),_beBelarusian
14106,12153,44,"Counter({'ː': 1809, 'ə': 1488, 'a': 1007, 'ɾ': 649, 'k': 543, 'n': 516, 'ɪ': 505, 't': 415, 'ʰ': 403, 's': 353, 'ʌ': 335, 'r': 329, 'p': 307, 'm': 305, 'u': 296, 'w': 293, 'j': 258, 'd': 252, 'o': 241, 'e': 221, 'i': 192, 'c': 162, 'ɡ': 156, 'h': 150, 'l': 146, 'b': 135, 'ɳ': 113, 'ɟ': 110, 'ʂ': 85, 'ɛ': 81, 'ʃ': 74, 'ʈ': 54, 'ʋ': 49, 'ʊ': 46, '̃': 17, 'ŋ': 15, 'ɖ': 14, 'ɲ': 13, 'ɔ': 12, 'ʲ': 2, 'ɹ': 1, 'f': 1})",(Arabic),_neNepali
14142,12240,36,"Counter({'ʲ': 1446, 'ʌ': 994, 'i': 919, 't': 889, 'n': 701, 's': 654, 'v': 601, 'j': 545, 'ɪ': 470, 'r': 459, 'ɑ': 417, 'a': 381, 'ɭ': 369, 'd': 352, 'o': 313, 'p': 300, 'u': 297, 'y': 283, 'e': 270, 'm': 270, 'k': 255, 'ʃ': 181, 'b': 178, 'ʒ': 135, 'z': 108, 'f': 91, 'x': 90, 'ɡ': 79, 'ɕ': 74, 'ɛ': 54, 'ə': 37, '""': 17, 'ʑ': 8, 'ɔ': 3})",(Russian),_ruRussian
14151,11609,51,"Counter({'ː': 1766, 'a': 1283, 'h': 721, 'ʌ': 716, 'e': 548, 'ə': 513, 'n': 507, 'k': 430, '̃': 380, 'o': 377, 'r': 337, 'i': 334, 'ɪ': 308, 't': 300, 'ɟ': 296, 's': 289, 'm': 274, 'ʰ': 269, '̪': 190, 'l': 177, 'b': 174, 'q': 169, 'd': 163, 'j': 145, 'ɳ': 136, 'ʋ': 90, 'ʊ': 79, 'ɡ': 76, 'z': 73, 'p': 53, 'ʂ': 50, 'c': 49, 'ɖ': 47, 'f': 43, 'ʈ': 40, 'x': 39, 'u': 38, 'ʃ': 34, 'ʐ': 23, 'ɲ': 21, '.': 18, 'ɣ': 11, 'ɾ': 7, 'ŋ': 4, '̩': 4, 'ɛ': 4, 'w': 2, 'ɔ': 1, 'v': 1})",(Quechua),_sdSindhi
14159,11207,43,"Counter({'t': 746, 'a': 686, 'ɜ': 659, 'ː': 649, '2': 572, 'ə': 563, '6': 501, 'k': 405, 'ŋ': 404, '̪': 393, 'j': 392, 'i': 390, 'n': 380, 'y': 370, 'ɔ': 298, 'w': 296, '4': 287, 'u': 283, 'ɗ': 265, 'm': 251, 'c': 250, 'ʃ': 236, 'ɛ': 225, 'o': 222, 'e': 206, 'ɲ': 177, 'z': 151, 'v': 144, 'h': 141, 'b': 139, 'l': 104, '5': 87, 's': 79, 'x': 72, 'f': 63, 'p': 51, 'ɪ': 48, '7': 13, 'ɣ': 5, 'ʊ': 3, '1': 1})",(Quechua),_viVietnamese (Northern)
14160,11163,36,"Counter({'a': 1132, 'i': 1029, 'u': 781, 'n': 738, '6': 670, '1': 601, 'o': 591, 'ɡ': 581, '4': 569, 'k': 462, 'j': 459, 'ɜ': 364, 'e': 347, 'd': 309, 't': 296, 's': 278, 'z': 263, '2': 226, '5': 226, 'w': 221, 'y': 185, 'm': 169, 'b': 123, 'h': 116, 'l': 111, 'c': 98, 'p': 97, 'f': 86, '7': 26, 'ŋ': 5, 'ə': 1, 'ɪ': 1, 'ː': 1, 'ʃ': 1})",(Arabic),"_zh-CNChinese (Cantonese, latin as Jyutping)"
14165,11995,38,"Counter({'ɔ': 1329, 'a': 1077, 'ɾ': 1018, 'o': 916, 't': 864, 'n': 736, 'i': 724, 'd': 609, 'k': 552, 'ʃ': 530, 'b': 430, 'e': 426, 'ʰ': 397, 'u': 396, 'χ': 223, 'h': 207, 'm': 197, 'p': 164, 'l': 152, 'ʒ': 148, 's': 138, 'ə': 121, 'ɡ': 114, 'ɟ': 105, 'w': 94, 'æ': 89, 'j': 56, 'ʈ': 50, 'ː': 42, 'ŋ': 29, 'r': 19, '̃': 18, 'ɳ': 10, 'ɖ': 8, 'f': 5, 'ɪ': 2})",(English),_asAssamese
14175,12043,44,"Counter({'ː': 2236, 'ʌ': 915, 'a': 893, 'e': 826, 'ə': 593, 'ɾ': 564, 'n': 534, 'k': 493, 't': 485, 'ʰ': 467, 'i': 381, 'm': 350, 'o': 343, 'ʋ': 324, 'd': 241, 'ɪ': 241, 's': 225, 'p': 214, 'c': 195, 'j': 162, '̃': 156, 'u': 154, 'ʃ': 145, 'ɳ': 143, 'ɟ': 133, 'ʈ': 101, 'b': 100, 'l': 90, 'h': 82, 'ɡ': 60, 'w': 47, 'r': 39, 'ʂ': 32, 'ɖ': 27, '.': 23, 'ʊ': 9, 'ɲ': 8, 'ɛ': 7, 'ŋ': 2, 'ɔ': 1, 'z': 1, 'v': 1})",(Quechua),_guGujarati
14196,12334,33,"Counter({'e': 1378, 'ɪ': 1124, 't': 1095, 'a': 1088, 'l': 828, 'u': 808, 'ː': 770, 'i': 765, 'n': 648, 's': 523, 'd': 470, 'o': 436, 'ɹ': 343, 'm': 319, 'ə': 227, 'r': 197, 'ʃ': 175, 'p': 175, 'b': 165, 'k': 152, 'h': 145, 'f': 107, 'c': 104, 'ʒ': 81, 'z': 74, 'v': 52, 'ɡ': 52, 'x': 15, 'j': 10, 'ç': 5, 'y': 3})",(Japanese),_mtMaltese
14233,11304,35,"Counter({'a': 1152, 'i': 1066, 'n': 804, 'u': 775, 'ɡ': 641, '6': 637, '4': 621, '1': 602, 'o': 599, 'k': 477, 'j': 454, 'ɜ': 381, 'e': 317, 'd': 304, 's': 259, '2': 257, 'z': 255, 'w': 253, 't': 253, '5': 193, 'y': 172, 'm': 165, 'b': 132, 'h': 124, 'l': 112, 'p': 96, 'c': 88, 'f': 81, '7': 21, 'ŋ': 8, 'ɪ': 3, 'ɐ': 1, 'ʃ': 1})",(Russian),"_zh-CNChinese (Cantonese, latin as Jyutping)"
14252,12314,32,"Counter({'a': 2097, 'ʲ': 1131, 'n': 808, 's': 726, 't': 663, '͡': 589, 'i': 483, 'ɛ': 473, 'ɨ': 472, 'r': 444, 'v': 436, 'ɔ': 385, 'j': 376, 'u': 358, 'd': 319, 'l': 314, 'k': 312, 'p': 302, 'm': 291, 'ʂ': 219, 'b': 201, 'z': 198, 'w': 173, 'ɣ': 164, 'ʈ': 151, 'x': 111, 'ʐ': 100, 'f': 9, 'ɖ': 6, 'ɪ': 3})",(Russian),_beBelarusian
14263,11841,49,"Counter({'ː': 1649, 'a': 1260, 'ʌ': 741, 'h': 640, 'ə': 598, 'e': 582, 'n': 499, 'i': 465, 'r': 448, 'k': 399, 'm': 366, '̃': 333, 'ɪ': 316, 't': 315, 'o': 307, 'ɟ': 301, 'l': 269, '̪': 207, 'd': 200, 'b': 195, 'ʰ': 189, 'q': 180, 's': 172, 'j': 142, 'z': 113, 'ʋ': 106, 'ɳ': 89, 'ʊ': 88, 'f': 77, 'ʈ': 71, 'ʂ': 68, 'ɡ': 67, 'p': 63, 'ɖ': 58, 'x': 47, 'u': 44, 'ʃ': 42, 'ʐ': 33, 'c': 23, 'ɣ': 22, 'ɲ': 15, '.': 13, 'ɹ': 10, 'ɾ': 9, 'ɛ': 6, 'ɔ': 3, 'θ': 1})",(Chinese),_sdSindhi
14277,12265,38,"Counter({'ɔ': 1381, 'ɾ': 1081, 'a': 1073, 'o': 939, 't': 891, 'n': 775, 'i': 748, 'd': 608, 'k': 589, 'ʃ': 554, 'b': 442, 'e': 427, 'ʰ': 416, 'u': 400, 'χ': 211, 'h': 207, 'm': 196, 'p': 180, 'ʒ': 143, 's': 137, 'l': 117, 'ɡ': 116, 'ə': 115, 'ɟ': 111, 'æ': 98, 'w': 95, 'j': 54, 'ʈ': 49, 'ː': 36, 'ŋ': 28, 'r': 20, '̃': 9, 'ɖ': 8, 'ɳ': 8, 'f': 2, 'ɪ': 1})",(Korean),_asAssamese
14297,12903,42,"Counter({'ː': 1381, 'ɐ': 1020, 'ə': 916, 'i': 794, 'u': 755, 'm': 689, 'a': 689, 'n': 572, 'ɾ': 547, 'j': 500, 'v': 399, 't': 348, 'k': 348, 'l': 343, 'e': 334, 'd': 303, 'ɡ': 279, 'ɭ': 271, 'ʈ': 227, 's': 222, 'ŋ': 220, 'p': 190, 'o': 189, 'ɖ': 184, 'ɳ': 162, 'ɨ': 143, 'ʰ': 135, 'b': 115, 'ɕ': 113, 'ʂ': 91, 'r': 86, 'c': 82, 'h': 61, 'ʲ': 55, 'ɟ': 36, 'ɪ': 32, '.': 27, 'ɲ': 20, '̩': 15, 'ʊ': 10})",(Japanese),_mlMalayalam
14343,11422,34,"Counter({'a': 1171, 'i': 1054, 'n': 809, 'u': 800, '6': 659, 'o': 613, '4': 612, 'ɡ': 602, '1': 596, 'k': 482, 'j': 450, 'ɜ': 387, 'd': 318, 'e': 314, 't': 272, 'z': 270, 's': 262, '2': 256, 'w': 248, '5': 202, 'y': 181, 'm': 160, 'b': 137, 'h': 134, 'l': 124, 'p': 95, 'c': 90, 'f': 86, '7': 23, 'ŋ': 11, 'ɪ': 3, 'ɐ': 1})",(Spanish),"_zh-CNChinese (Cantonese, latin as Jyutping)"
14354,11427,32,"Counter({'a': 1129, 'i': 1056, 'n': 812, 'u': 798, '6': 672, '4': 617, 'ɡ': 615, 'o': 615, '1': 590, 'j': 501, 'k': 479, 'ɜ': 351, 'e': 324, 'd': 287, 's': 286, 'z': 284, '2': 281, 'w': 260, 't': 252, '5': 211, 'y': 187, 'm': 139, 'b': 133, 'h': 128, 'l': 116, 'p': 96, 'c': 89, 'f': 83, '7': 22, 'ŋ': 14})",(Japanese),"_zh-CNChinese (Cantonese, latin as Jyutping)"
14362,12539,44,"Counter({'ː': 2350, 'a': 1519, 'ə': 638, 'k': 573, 't': 548, 'ɾ': 493, 'e': 489, 'j': 478, 'ɪ': 426, 'ʌ': 366, 'i': 365, 'n': 354, 's': 334, 'v': 322, 'ɳ': 317, 'ʰ': 299, 'm': 268, 'd': 262, 'c': 240, 'l': 232, 'h': 227, 'p': 206, 'ʃ': 146, '̃': 142, 'o': 119, 'ʊ': 107, 'ɡ': 103, 'ʈ': 99, 'z': 99, 'r': 89, 'u': 86, 'b': 73, 'ʂ': 64, 'ɭ': 30, 'ɟ': 23, 'ɖ': 14, 'ŋ': 14, 'ɲ': 12, 'ɹ': 10, 'ɛ': 1, 'w': 1, 'θ': 1})",(Chinese),_mrMarathi
14376,12533,34,"Counter({'a': 1851, 'n': 1112, 't': 914, 'ʰ': 798, 'e': 765, 'k': 743, 'u': 686, 'i': 554, 'ɹ': 544, 'v': 538, 's': 479, 'j': 453, 'r': 431, 'm': 395, 'o': 354, 'ə': 337, 'h': 236, 'd': 210, 'l': 177, 'ʃ': 174, 'p': 150, 'ɡ': 121, 'z': 108, 'b': 78, 'ɪ': 78, 'ʀ': 78, 'ʒ': 76, 'χ': 69, 'ː': 12, 'ʊ': 9, 'ɾ': 2, 'θ': 1})",(Chinese),_hyArmenian (East Armenia)
14385,11493,34,"Counter({'a': 1210, 'i': 1069, 'n': 821, 'u': 727, '6': 655, '4': 632, 'ɡ': 590, '1': 585, 'o': 547, 'j': 528, 'k': 501, 'ɜ': 382, 'e': 323, 't': 307, 'd': 292, 's': 284, 'z': 283, '2': 251, 'w': 248, '5': 190, 'y': 173, 'b': 148, 'm': 139, 'h': 138, 'l': 128, 'p': 111, 'c': 85, 'f': 81, 'ə': 32, '7': 26, 'ɪ': 4, 'ŋ': 3})",(Chinese),"_zh-CNChinese (Cantonese, latin as Jyutping)"
14429,12582,47,"Counter({'ː': 1880, 'ə': 1589, 'a': 1029, 'ɾ': 679, 'k': 574, 'n': 563, 'ɪ': 531, 't': 469, 'ʰ': 452, 's': 385, 'ʌ': 376, 'r': 308, 'd': 293, 'p': 273, 'u': 273, 'm': 260, 'w': 256, 'j': 250, 'e': 249, 'o': 236, 'h': 176, 'ɡ': 174, 'c': 174, 'l': 167, 'b': 148, 'i': 132, 'ʂ': 99, 'ɟ': 97, 'ɛ': 86, 'ʃ': 84, 'ʊ': 66, 'ʈ': 60, 'ɳ': 46, 'ʋ': 45, 'ŋ': 22, 'ɖ': 17, 'ɲ': 16, 'ɹ': 14, 'ɔ': 12, '̃': 12, 'θ': 4, 'z': 2, 'ɒ': 2, 'f': 1, 'ʲ': 1})",(Chinese),_neNepali
14492,13850,36,"Counter({'̞': 2293, 'o': 1444, 'i': 1106, 'ä': 1011, 'ɯ': 974, 'ᵝ': 974, 'e': 849, 'k': 804, 'n': 623, 't': 622, 's': 517, 'ɽ': 441, 'd': 355, 'ɕ': 280, 'm': 218, 'ʑ': 184, 'j': 151, 'ɡ': 133, 'b': 125, 'w': 117, 'ũ': 109, 'ʲ': 98, 'h': 95, 'ŋ': 76, 'ç': 72, 'z': 50, 'ɴ': 35, 'p': 22, 'ɸ': 22, 'ː': 20, 'ə': 12, 'ʒ': 6, 'a': 6, 'l': 6})",(Chinese),_jaJapanese
14510,11719,40,"Counter({'5': 1344, 'i': 1115, 't': 1025, 'ɜ': 762, 'u': 674, 'o': 617, 'n': 578, 's': 526, '.': 502, 'ə': 426, 'ɕ': 425, '2': 394, 'h': 390, 'j': 344, 'ɑ': 313, 'ŋ': 217, 'y': 214, 'χ': 200, '1': 188, 'k': 176, 'p': 147, 'e': 144, 'ɛ': 130, 'ʐ': 130, 'l': 128, 'a': 123, 'æ': 95, 'ɡ': 90, 'm': 74, 'w': 71, 'f': 68, '̪': 47, 'r': 36, 'ʃ': 2, 'ɒ': 1, 'ɪ': 1, 'd': 1, 'ː': 1})",(Arabic),"_zh-TWChinese (Mandarin, latin as English)"
14524,12794,37,"Counter({'a': 2718, 'ː': 1199, 'i': 1087, 'n': 1003, 'u': 754, 'r': 678, 'k': 652, 't': 390, 'l': 387, 'j': 348, 'd': 344, 'm': 339, 'e': 321, 'ʋ': 303, 'p': 269, 's': 255, 'o': 225, 'c': 216, 'ʰ': 180, 'ʈ': 175, 'ɖ': 173, 'ɡ': 144, 'b': 125, 'h': 119, 'ɟ': 90, 'ɪ': 78, 'ʂ': 62, 'ɕ': 47, 'ɳ': 38, 'ʊ': 24, 'ə': 18, 'ʲ': 17, 'ɹ': 10, 'ɭ': 5, 'θ': 1})",(Chinese),_teTelugu
14534,11798,39,"Counter({'5': 1333, 'i': 1144, 't': 1014, 'ɜ': 777, 'u': 666, 'o': 614, 'n': 611, 's': 480, 'ɕ': 463, 'ə': 442, '.': 416, '2': 408, 'h': 385, 'j': 344, 'ɑ': 296, 'ŋ': 251, 'χ': 214, 'y': 209, 'k': 199, '1': 197, 'p': 166, 'e': 144, 'ʐ': 136, 'a': 131, 'ɛ': 127, 'l': 123, 'æ': 104, 'w': 85, 'ɡ': 79, 'm': 78, '̪': 63, 'f': 60, 'r': 32, 'ɪ': 3, 'ʃ': 2, 'ɐ': 1, 'ɒ': 1})",(Russian),"_zh-TWChinese (Mandarin, latin as English)"
14589,12613,45,"Counter({'ː': 2171, 'a': 980, 'ʌ': 858, 'ə': 793, 'n': 692, 'e': 676, 'ɾ': 594, 't': 575, 'k': 546, 'ʰ': 427, 'ʋ': 373, 'm': 361, 'o': 344, 'ɪ': 326, 'i': 312, 'd': 281, 's': 277, 'j': 245, 'p': 190, 'u': 176, 'ɟ': 145, 'l': 131, 'c': 128, 'ʃ': 126, '̃': 122, 'ɳ': 118, 'b': 117, 'h': 90, 'ɡ': 86, 'ʈ': 83, 'r': 67, 'ʂ': 50, 'w': 47, '.': 28, 'ʊ': 25, 'ŋ': 13, 'ɲ': 13, 'ɖ': 12, 'ɹ': 10, 'ɛ': 2, 'ɔ': 1, 'z': 1, 'θ': 1})",(Chinese),_guGujarati
14646,11976,35,"Counter({'5': 1320, 'i': 1152, 't': 995, 'ɜ': 815, 'u': 728, 'o': 649, 'n': 617, 's': 542, '.': 481, 'ə': 447, '2': 444, 'ɕ': 438, 'j': 376, 'h': 364, 'ɑ': 287, 'ŋ': 246, 'χ': 222, 'y': 208, 'k': 177, 'p': 170, '1': 165, 'ʐ': 144, 'a': 131, 'e': 130, 'l': 121, 'ɛ': 113, 'æ': 107, 'w': 88, 'ɡ': 86, '̪': 64, 'f': 64, 'm': 52, 'r': 33})",(Japanese),"_zh-TWChinese (Mandarin, latin as English)"
14649,13039,39,"Counter({'ɐ': 2435, 'ː': 980, 'u': 876, 'i': 758, 't': 731, 'n': 718, 'a': 629, 'ɹ': 523, 'd': 502, 'e': 492, 'k': 485, 'v': 453, 'm': 376, 'j': 354, 's': 334, 'ɡ': 325, 'l': 295, 'ʰ': 259, 'b': 196, 'ɭ': 172, 'o': 170, 'p': 162, 'h': 159, 'ʂ': 87, 'ɖ': 82, 'r': 77, 'ʈ': 73, 'ɟ': 68, 'ɳ': 67, 'ɕ': 66, 'c': 42, 'ɪ': 27, 'ʊ': 23, 'ə': 18, 'ŋ': 17, 'ɲ': 7, 'θ': 1})",(Chinese),_knKannada
14655,11975,39,"Counter({'5': 1310, 'i': 1138, 't': 1002, 'ɜ': 837, 'u': 663, 'n': 636, 'o': 589, 's': 532, 'ə': 529, '.': 488, 'ɕ': 454, '2': 401, 'j': 388, 'h': 357, 'ɑ': 292, 'ŋ': 260, 'χ': 219, '1': 211, 'y': 194, 'p': 187, 'ʐ': 149, 'ɛ': 145, 'k': 145, 'a': 129, 'e': 111, 'æ': 104, 'l': 100, 'ɡ': 86, 'w': 81, 'f': 65, '̪': 51, 'r': 43, 'm': 40, 'ː': 32, 'ɪ': 5, 'ʃ': 1, 'ɒ': 1})",(Chinese),"_zh-TWChinese (Mandarin, latin as English)"
14662,11941,39,"Counter({'5': 1327, 'i': 1113, 't': 1038, 'ɜ': 791, 'u': 697, 'n': 632, 'o': 604, 's': 492, 'ə': 462, 'ɕ': 452, '.': 430, '2': 411, 'h': 387, 'j': 348, 'ɑ': 341, 'ŋ': 230, 'y': 213, '1': 211, 'χ': 205, 'k': 193, 'p': 166, 'e': 139, 'ʐ': 136, 'l': 136, 'ɛ': 134, 'a': 131, 'æ': 114, 'w': 91, 'ɡ': 81, 'm': 73, 'f': 64, '̪': 57, 'r': 36, 'ɪ': 3, 'ɐ': 1, 'ʃ': 1, 'ɒ': 1})",(Spanish),"_zh-TWChinese (Mandarin, latin as English)"
14726,12308,46,"Counter({'ː': 2084, 'a': 974, 'k': 841, 'ɾ': 635, 'e': 568, 'ɪ': 552, 'ʌ': 538, 'ə': 509, 'n': 493, 't': 478, 's': 441, 'ʰ': 378, 'j': 293, 'd': 286, 'i': 286, 'h': 267, 'm': 264, 'ʋ': 259, 'o': 259, 'p': 227, '̃': 170, 'ʊ': 166, 'b': 159, 'c': 138, 'ɔ': 131, 'l': 131, 'ʃ': 121, 'ɟ': 112, 'ɛ': 107, 'ɡ': 106, 'u': 64, 'r': 57, 'ʂ': 56, 'ʈ': 46, 'ɳ': 37, '.': 17, 'ŋ': 16, 'ɲ': 12, 'ɹ': 10, 'w': 7, 'ɖ': 6, 'z': 4, 'f': 2, 'θ': 1})",(Chinese),_hiHindi
14745,12966,36,"Counter({'ʲ': 1630, 'i': 1131, 'a': 1109, 'e': 1086, 'ː': 875, 't': 855, 's': 730, 'r': 586, 'u': 566, 'n': 565, 'ɪ': 450, 'o': 447, 'k': 374, 'm': 346, 'v': 285, 'ʂ': 270, 'p': 253, 'd': 201, 'ɡ': 187, 'ɭ': 169, 'b': 152, 'j': 146, 'l': 119, '̩': 119, 'ɕ': 70, 'ɑ': 67, 'ʃ': 63, 'ʒ': 54, 'h': 19, 'f': 15, 'ʑ': 11, 'z': 6, 'ʊ': 6, 'x': 4})",(Chinese),_ltLithuanian
14762,12860,41,"Counter({'ʲ': 1468, 'ʌ': 990, 't': 976, 'i': 933, 'n': 770, 's': 693, 'j': 600, 'v': 547, 'ɪ': 543, 'r': 522, 'ɑ': 452, 'a': 423, 'd': 385, 'ɭ': 369, 'y': 337, 'p': 324, 'u': 321, 'o': 315, 'm': 277, 'e': 250, 'k': 221, 'b': 191, 'ʒ': 155, 'ʃ': 149, 'z': 127, 'ɡ': 95, 'f': 83, 'x': 83, 'ɕ': 64, 'ɛ': 64, 'ə': 54, '""': 29, 'ʑ': 16, 'ɹ': 10, 'ʊ': 9, 'ː': 9, 'ɔ': 4, '^': 1, 'θ': 1})",(Chinese),_ruRussian
14785,13137,38,"Counter({'ʌ': 1892, 'ʉ': 1049, 'a': 933, 'm': 791, 'i': 741, 'ː': 611, 'n': 576, 'k': 576, 'p': 454, 't': 449, 'd': 444, 'ɹ': 433, 'ɪ': 395, 'r': 380, 'v': 377, 'ɖ': 340, 'ɡ': 331, 'ʈ': 310, 'u': 296, 'j': 267, 'l': 264, 'ɭ': 237, 'e': 198, 'o': 187, 's': 173, 'ɳ': 115, 'b': 86, 'ɻ': 62, 'ŋ': 55, 'ʲ': 46, 'ʃ': 38, 'ə': 18, 'ʊ': 9, 'ʒ': 2, 'ɲ': 1, 'θ': 1})",(Chinese),_taTamil
14813,11847,45,"Counter({'a': 731, 'ː': 704, 't': 656, '2': 642, '6': 640, 'ə': 629, 'ɜ': 568, 'i': 521, 'k': 469, 'n': 464, 'w': 415, '̪': 378, 'y': 358, 'ŋ': 336, 'c': 310, 'j': 307, 'ɛ': 304, '4': 288, 'ɗ': 273, 'o': 269, 'm': 268, 'ɔ': 225, 'ɲ': 212, 'h': 209, 'e': 197, 'v': 197, 'u': 184, 'b': 166, 'z': 162, 'ʃ': 147, 's': 115, 'l': 104, '5': 83, 'f': 83, 'p': 69, 'x': 62, 'ɪ': 55, '7': 14, 'ʊ': 12, 'ɹ': 10, 'ɣ': 7, '1': 3, 'θ': 1})",(Chinese),_viVietnamese (Northern)
14833,12729,47,"Counter({'ɔ': 2347, 'a': 1178, 'ɾ': 911, 'i': 907, 'k': 769, 't': 718, 'n': 564, 's': 541, 'e': 536, 'b': 526, 'd': 485, 'ʰ': 462, 'm': 315, 'h': 260, 'u': 247, 'l': 210, 'j': 206, 'p': 196, 'ŋ': 172, 'ʃ': 140, 'ː': 131, 'o': 124, 'ʈ': 124, 'ɡ': 117, 'ə': 83, 'ʒ': 79, 'ʌ': 76, 'ɟ': 73, '̃': 42, '̩': 38, 'ɪ': 36, 'ɖ': 27, 'r': 20, 'ɛ': 16, 'f': 13, 'ɹ': 11, 'ɳ': 8, 'c': 7, '.': 4, 'w': 2, 'æ': 2, 'ɜ': 2, 'ɒ': 2, 'ʊ': 1, 'θ': 1})",(Portuguese),_orOriya
14864,12550,50,"Counter({'ɔ': 1314, 'a': 1092, 'ɾ': 1044, 't': 901, 'o': 886, 'n': 776, 'i': 748, 'd': 618, 'k': 608, 'ʃ': 548, 'b': 439, 'e': 423, 'ʰ': 372, 'u': 359, 'm': 206, 'χ': 200, 'ə': 197, 'h': 193, 'p': 188, 's': 175, 'l': 168, 'ʒ': 152, 'ɡ': 119, 'ɟ': 107, 'æ': 100, 'w': 87, 'ɪ': 83, 'ː': 74, 'j': 56, 'ʈ': 50, 'ɹ': 43, 'ŋ': 31, 'ð': 25, 'v': 23, 'ɒ': 21, 'ɛ': 20, '̃': 20, 'f': 16, 'z': 15, 'r': 15, 'ɖ': 8, 'ɐ': 7, 'ʊ': 7, 'ɜ': 5, 'ɳ': 4, 'ɑ': 3, 'ʌ': 2, 'θ': 2})",(Spanish),_asAssamese
14870,12966,38,"Counter({'a': 2188, 'ʲ': 1137, 'n': 851, 's': 797, 't': 768, '͡': 648, 'ɨ': 543, 'ɛ': 527, 'r': 505, 'i': 466, 'v': 448, 'j': 419, 'u': 382, 'ɔ': 372, 'l': 341, 'd': 322, 'p': 314, 'k': 309, 'm': 273, 'b': 218, 'z': 214, 'ʂ': 191, 'w': 170, 'ɣ': 139, 'ʈ': 139, 'ʐ': 114, 'x': 99, 'ɖ': 14, 'ə': 14, 'ɪ': 13, 'ɹ': 8, 'f': 7, 'ʊ': 7, 'ː': 7, 'e': 1, 'θ': 1})",(Chinese),_beBelarusian
14891,12648,37,"Counter({'ɔ': 1444, 'a': 1120, 'ɾ': 1094, 'o': 956, 't': 890, 'i': 767, 'n': 750, 'k': 631, 'd': 603, 'ʃ': 557, 'b': 457, 'e': 457, 'ʰ': 429, 'u': 401, 'χ': 240, 'h': 206, 'm': 205, 'p': 179, 'ʒ': 158, 'l': 152, 'ɡ': 134, 'ə': 134, 's': 130, 'w': 107, 'ɟ': 105, 'æ': 96, 'ʈ': 58, 'j': 55, 'ː': 49, 'ŋ': 33, 'r': 22, '̃': 14, 'ɖ': 10, 'f': 4, 'ɪ': 1})",(Portuguese),_asAssamese
15008,13129,34,"Counter({'e': 1434, 't': 1243, 'ɪ': 1219, 'a': 1202, 'ː': 897, 'u': 884, 'l': 827, 'i': 826, 'n': 657, 's': 562, 'd': 482, 'o': 395, 'ɹ': 379, 'm': 293, 'ə': 240, 'r': 216, 'k': 184, 'h': 175, 'p': 175, 'b': 162, 'ʃ': 162, 'f': 101, 'ʒ': 86, 'c': 85, 'z': 70, 'v': 68, 'ɡ': 60, 'x': 23, 'j': 13, 'y': 4, 'ç': 3, 'ɛ': 2})",(Chinese),_mtMaltese
15025,14337,34,"Counter({'̞': 2144, 'ä': 1409, 'o': 1262, 'i': 1235, 'ɯ': 913, 'ᵝ': 913, 'e': 882, 't': 870, 'n': 721, 'k': 685, 'ɽ': 586, 's': 449, 'ɕ': 413, 'd': 334, 'm': 318, 'w': 234, 'ɡ': 161, 'b': 124, 'ʑ': 121, 'j': 118, 'ũ': 96, 'h': 73, 'ɴ': 49, 'z': 49, 'ʲ': 45, 'ç': 41, 'ŋ': 39, 'ɸ': 26, 'ː': 20, 'p': 5, 'v': 1, 'ĩ': 1})",(Quechua),_jaJapanese
15101,12636,38,"Counter({'ɔ': 1318, 'a': 1297, 'ɾ': 1070, 'o': 995, 'i': 881, 't': 807, 'k': 705, 'n': 643, 'd': 587, 'e': 525, 'b': 506, 'ʃ': 504, 'ʰ': 395, 'u': 310, 'l': 269, 'm': 237, 'h': 215, 'χ': 198, 'ʒ': 172, 'p': 143, 's': 142, 'ə': 118, 'ɡ': 106, 'j': 90, 'w': 84, 'ɟ': 75, 'æ': 68, 'ʈ': 53, '̃': 42, 'ː': 32, 'ŋ': 22, 'ɖ': 14, 'r': 5, 'ɛ': 4, 'ɪ': 3, 'f': 1})",(Quechua),_asAssamese
15118,12821,49,"Counter({'ɔ': 2219, 'a': 1237, 'i': 991, 'ɾ': 888, 'k': 803, 'e': 704, 't': 675, 'n': 524, 'b': 521, 's': 509, 'd': 477, 'ʰ': 461, 'm': 340, 'h': 338, 'u': 309, 'p': 202, 'l': 197, 'ʃ': 161, 'ŋ': 138, 'j': 134, 'ː': 133, 'ʈ': 121, 'o': 98, 'ʒ': 94, 'ɡ': 93, '̃': 74, 'ɟ': 59, 'ʌ': 56, 'ə': 53, 'ɖ': 39, '̩': 28, 'ɪ': 26, 'ɛ': 21, 'w': 20, 'r': 15, '.': 9, 'c': 8, 'ɳ': 8, 'ɹ': 7, 'f': 7, 'ɒ': 6, 'v': 6, 'z': 4, 'θ': 3, 'ʊ': 2, 'ɜ': 2, 'æ': 1})",(Quechua),_orOriya
15181,13049,49,"Counter({'ɔ': 2393, 'a': 1208, 'i': 901, 'ɾ': 861, 'k': 776, 't': 728, 'e': 607, 'n': 596, 's': 576, 'b': 564, 'ʰ': 477, 'd': 469, 'm': 306, 'u': 274, 'h': 263, 'l': 217, 'p': 206, 'ŋ': 193, 'j': 179, 'ʃ': 144, 'ː': 137, 'ʈ': 133, 'ɡ': 130, 'o': 125, 'ɪ': 76, 'ə': 76, 'ɟ': 72, 'ʌ': 72, 'ʒ': 70, '̩': 48, '̃': 41, 'ɖ': 39, 'r': 23, 'ɳ': 16, 'ɹ': 13, 'c': 10, 'f': 6, 'ɛ': 6, 'ɜ': 5, 'z': 3, 'ɒ': 2, 'æ': 2, '.': 2, 'w': 1, 'ð': 1, 'ʊ': 1, 'θ': 1})",(Chinese),_orOriya
15269,13113,42,"Counter({'ə': 2276, 'ː': 999, 'i': 986, 'ɐ': 727, 'j': 619, 'n': 579, 'k': 570, 't': 567, 'm': 545, 's': 544, 'w': 523, 'a': 494, 'e': 439, 'd': 374, 'u': 374, 'h': 361, 'ɹ': 337, 'æ': 265, 'p': 224, 'ʈ': 193, 'ɡ': 185, 'l': 184, 'o': 140, 'ʰ': 122, 'b': 109, 'ʒ': 69, 'ɭ': 54, 'ʃ': 48, 'ⁿ': 46, 'ɳ': 40, 'r': 36, 'ɖ': 25, 'ʊ': 22, 'v': 16, 'ɪ': 7, 'ŋ': 7, 'ᵑ': 3, 'ᵐ': 2, 'ɲ': 1, 'θ': 1})",(Chinese),_siSinhala
15287,13850,44,"Counter({'ː': 1485, 'ɐ': 1093, 'ə': 1031, 'i': 823, 'u': 762, 'm': 739, 'a': 734, 'n': 631, 'ɾ': 589, 'j': 532, 'v': 440, 't': 408, 'e': 392, 'k': 361, 'l': 345, 'd': 330, 'ɡ': 293, 'ɭ': 271, 's': 240, 'p': 228, 'ʈ': 223, 'ŋ': 220, 'ɖ': 195, 'o': 195, 'ɨ': 167, 'ɳ': 157, 'ʰ': 155, 'b': 138, 'ɕ': 129, 'r': 101, 'c': 82, 'ʂ': 81, 'ʲ': 70, 'h': 57, 'ɟ': 45, 'ɪ': 34, 'ʊ': 17, '.': 16, 'ɲ': 16, '̩': 14, 'ɹ': 10, 'θ': 1})",(Chinese),_mlMalayalam
15445,13209,50,"Counter({'ɔ': 2469, 'a': 1219, 'ɾ': 954, 'i': 895, 'k': 815, 't': 734, 'n': 606, 'e': 603, 'b': 566, 's': 556, 'd': 500, 'ʰ': 497, 'm': 301, 'h': 269, 'l': 226, 'j': 217, 'u': 214, 'p': 201, 'ŋ': 191, 'ː': 138, 'ʃ': 135, 'ɡ': 118, 'o': 117, 'ʈ': 112, 'ə': 95, 'ʌ': 84, 'ɟ': 74, 'ʒ': 69, 'ɪ': 43, '̃': 43, '̩': 41, 'ɖ': 31, 'r': 16, 'ɛ': 14, 'c': 8, 'f': 8, 'ɹ': 7, 'ɳ': 4, 'z': 4, 'ɜ': 3, 'ɒ': 3, 'ɐ': 2, 'ʊ': 2, 'w': 1, 'æ': 1, 'v': 1, '.': 1, 'θ': 1})",(Spanish),_orOriya
15457,13218,49,"Counter({'ɔ': 2446, 'a': 1208, 'i': 937, 'ɾ': 915, 'k': 822, 't': 716, 'n': 603, 'e': 595, 'b': 561, 's': 557, 'd': 501, 'ʰ': 487, 'm': 341, 'h': 282, 'u': 278, 'l': 229, 'p': 203, 'j': 196, 'ŋ': 171, 'ʃ': 143, 'ː': 135, 'ɡ': 110, 'o': 109, 'ʈ': 102, 'ɟ': 87, 'ə': 81, 'ʒ': 75, 'ʌ': 72, '̩': 48, '̃': 42, 'ɪ': 40, 'ɖ': 33, 'r': 20, 'ɛ': 13, 'ɳ': 12, 'f': 10, 'c': 8, 'ɹ': 6, 'ʊ': 4, 'ɒ': 4, 'z': 4, 'ɜ': 4, 'v': 3, 'æ': 2, '.': 1, 'ɐ': 1, 'θ': 1})",(Japanese),_orOriya
15526,12318,38,"Counter({'a': 1215, 'i': 1037, 'n': 893, 'u': 868, '6': 755, 'o': 737, '4': 620, '1': 615, 'ɡ': 593, 'j': 533, 'k': 440, 'ɜ': 369, '5': 363, 's': 339, 'e': 337, 'z': 302, 'd': 298, 'm': 274, '2': 263, 't': 262, 'w': 206, 'y': 166, 'l': 150, 'b': 134, 'h': 121, 'ŋ': 113, 'p': 108, 'c': 87, 'f': 79, '7': 28, 'ɪ': 5, 'ə': 2, 'ɛ': 2, 'ʃ': 2, 'v': 1, 'ː': 1})",(Quechua),"_zh-CNChinese (Cantonese, latin as Jyutping)"
15631,13240,48,"Counter({'ɔ': 2395, 'a': 1187, 'i': 972, 'ɾ': 874, 'k': 824, 't': 741, 'e': 609, 'n': 581, 'b': 550, 'd': 549, 'ʰ': 495, 's': 489, 'm': 274, 'h': 274, 'j': 241, 'p': 224, 'u': 219, 'l': 196, 'ŋ': 177, 'ʌ': 133, 'ʃ': 130, 'ː': 118, 'ɡ': 109, 'o': 101, 'ʈ': 100, 'ɖ': 100, 'ʒ': 89, 'ə': 82, 'ɟ': 80, 'ɳ': 73, '̃': 68, 'ɪ': 61, '̩': 43, 'r': 17, 'ɹ': 15, 'ɛ': 12, 'f': 8, 'c': 8, 'ɒ': 5, 'ʊ': 4, 'z': 3, 'v': 3, 'æ': 2, '.': 2, 'ɜ': 2, 'θ': 1})",(Arabic),_orOriya
15656,13389,49,"Counter({'ɔ': 2458, 'a': 1227, 'ɾ': 935, 'i': 915, 'k': 861, 't': 798, 'e': 641, 'b': 590, 'n': 589, 's': 502, 'ʰ': 494, 'd': 483, 'j': 271, 'm': 270, 'h': 262, 'u': 240, 'l': 228, 'p': 225, 'ŋ': 202, 'ʃ': 152, 'ː': 138, 'o': 134, 'ɡ': 117, 'ʈ': 102, 'ʒ': 87, 'ə': 81, 'ʌ': 80, 'ɟ': 78, '̃': 46, '̩': 37, 'ɖ': 35, 'ɪ': 35, 'r': 20, 'ɛ': 13, 'c': 8, 'f': 8, 'ɳ': 8, 'ɹ': 7, 'ɒ': 4, 'ɐ': 1, 'v': 1, 'æ': 1, 'ʊ': 1, 'z': 1, '.': 1, 'ɜ': 1, 'θ': 1})",(Russian),_orOriya
15723,12783,39,"Counter({'5': 1364, 'i': 1180, 't': 988, 'ɜ': 728, 'o': 712, 'u': 707, 'n': 687, 'ə': 607, 's': 570, '2': 565, '.': 528, 'ɕ': 435, 'h': 341, '1': 338, 'j': 336, 'ɑ': 329, 'ŋ': 252, 'w': 196, 'y': 174, 'm': 174, 'k': 172, 'p': 165, 'χ': 162, 'ʐ': 158, 'l': 158, 'a': 141, 'ɛ': 135, 'e': 122, 'æ': 99, 'ɡ': 68, 'f': 66, '̪': 65, 'r': 48, 'ɪ': 7, 'ː': 3, 'ʃ': 2, 'v': 1})",(Quechua),"_zh-TWChinese (Mandarin, latin as English)"
15935,13472,39,"Counter({'ɔ': 1493, 'a': 1149, 'ɾ': 1148, 'o': 1054, 't': 1013, 'n': 875, 'i': 841, 'd': 653, 'k': 643, 'ʃ': 585, 'b': 480, 'e': 464, 'u': 436, 'ʰ': 429, 'χ': 226, 'h': 217, 'p': 206, 'm': 196, 's': 173, 'ʒ': 172, 'l': 153, 'ɡ': 145, 'ɟ': 136, 'ə': 122, 'æ': 116, 'w': 97, 'ʈ': 58, 'j': 47, 'ː': 46, 'ŋ': 30, '̃': 24, 'r': 18, 'ɳ': 10, 'ɖ': 8, 'ɪ': 5, 'f': 3, 'z': 1})",(Russian),_asAssamese
16255,13661,42,"Counter({'ɔ': 1510, 'ɾ': 1154, 'a': 1152, 'o': 1141, 't': 1056, 'n': 887, 'i': 849, 'd': 675, 'k': 643, 'ʃ': 600, 'e': 510, 'b': 487, 'ʰ': 415, 'u': 402, 'h': 250, 'χ': 218, 'm': 189, 'ʒ': 182, 'p': 181, 's': 166, 'l': 149, 'ɟ': 128, 'ɡ': 118, 'æ': 110, 'ə': 106, 'w': 103, 'j': 82, 'ʈ': 50, 'ː': 42, '̃': 31, 'ŋ': 26, 'r': 19, 'f': 8, 'ɖ': 7, 'ɪ': 6, 'ɳ': 3, 'ʊ': 2, 'ɹ': 2, 'ð': 1, 'z': 1})",(Arabic),_asAssamese
16316,13788,49,"Counter({'ɔ': 1449, 'a': 1174, 'ɾ': 1140, 'o': 1042, 't': 952, 'n': 869, 'i': 864, 'd': 695, 'k': 688, 'ʃ': 616, 'b': 481, 'e': 476, 'u': 435, 'ʰ': 433, 'h': 243, 'm': 219, 'χ': 213, 'l': 198, 'p': 197, 's': 177, 'ə': 175, 'ʒ': 166, 'ɡ': 153, 'ɟ': 108, 'ː': 88, 'w': 82, 'æ': 79, 'ɪ': 65, 'j': 62, 'ʈ': 54, 'ŋ': 34, 'ɹ': 32, 'r': 23, 'ɖ': 13, 'ð': 12, 'v': 12, 'ɛ': 12, 'ʌ': 10, '̃': 9, 'ʊ': 8, 'ɒ': 7, 'f': 7, 'z': 5, 'ɜ': 5, 'ɐ': 3, 'ɑ': 2, 'θ': 1})",(Japanese),_asAssamese
17368,14768,41,"Counter({'ɔ': 1661, 'a': 1264, 'ɾ': 1250, 'o': 1150, 't': 1062, 'n': 942, 'i': 885, 'd': 736, 'k': 734, 'ʃ': 651, 'e': 553, 'b': 505, 'ʰ': 496, 'u': 472, 'h': 240, 'χ': 237, 'm': 220, 'p': 206, 'ʒ': 189, 'l': 177, 'ɡ': 171, 's': 165, 'ə': 154, 'ɟ': 109, 'w': 108, 'æ': 108, 'ʈ': 74, 'j': 65, 'ː': 55, 'ŋ': 32, '̃': 23, 'ɖ': 22, 'r': 20, 'ɹ': 10, 'ʊ': 9, 'ɪ': 4, 'f': 4, 'ɳ': 4, 'θ': 1})",(Chinese),_asAssamese
18332,17423,29,"Counter({'a': 3546, '2': 2493, 's': 1564, 'h': 1299, 'ɜ': 961, 'n': 811, 'k': 731, 't': 645, '5': 629, 'm': 584, 'e': 563, 'i': 499, 'ɹ': 396, 'u': 328, 'ʔ': 318, 'ɡ': 311, 'p': 309, 'j': 217, 'd': 206, 'l': 200, 'c': 199, 'w': 169, 'ː': 139, 'b': 124, 'r': 109, 'o': 72, 'f': 1})",(Korean),_thThai
18717,17529,29,"Counter({'a': 3547, '2': 2499, 's': 1552, 'h': 1311, 'ɜ': 944, 'n': 837, 'k': 738, 't': 654, '5': 610, 'm': 606, 'e': 577, 'i': 503, 'ɹ': 383, 'ɡ': 337, 'ʔ': 336, 'u': 324, 'p': 310, 'j': 227, 'l': 214, 'd': 203, 'c': 198, 'w': 170, 'ː': 142, 'b': 124, 'r': 103, 'o': 78, 'f': 2})",(English),_thThai
19187,18000,29,"Counter({'a': 3668, '2': 2597, 's': 1611, 'h': 1362, 'ɜ': 955, 'n': 858, 'k': 768, 't': 647, '5': 624, 'm': 611, 'e': 551, 'i': 485, 'ɹ': 397, 'ɡ': 363, 'ʔ': 363, 'u': 332, 'p': 320, 'j': 234, 'c': 222, 'l': 205, 'd': 193, 'w': 187, 'ː': 142, 'b': 132, 'r': 99, 'o': 70, 'f': 4})",(Portuguese),_thThai
19569,18130,33,"Counter({'a': 3486, '2': 2487, 's': 1643, 'h': 1422, 'ɜ': 937, 'n': 888, 'e': 727, 'k': 672, '5': 658, 't': 655, 'm': 619, 'i': 570, 'ɹ': 420, 'ɡ': 369, 'u': 367, 'ʔ': 358, 'p': 330, 'c': 241, 'j': 233, 'd': 201, 'ː': 192, 'w': 164, 'l': 160, 'b': 143, 'r': 115, 'o': 60, 'ɪ': 5, 'ɛ': 3, 'f': 3, 'v': 1, 'ʃ': 1})",(Quechua),_thThai
19742,18418,31,"Counter({'a': 3731, '2': 2679, 's': 1618, 'h': 1419, 'ɜ': 943, 'n': 868, 'k': 822, 't': 631, '5': 629, 'm': 622, 'e': 615, 'i': 503, 'ɹ': 411, 'u': 349, 'ɡ': 346, 'ʔ': 343, 'p': 342, 'l': 234, 'c': 220, 'j': 210, 'w': 202, 'd': 199, 'ː': 157, 'b': 133, 'r': 104, 'o': 77, 'f': 7, 'ɪ': 3, 'ɐ': 1})",(Russian),_thThai
19899,18633,31,"Counter({'a': 3800, '2': 2690, 's': 1661, 'h': 1406, 'ɜ': 988, 'n': 888, 'k': 809, 't': 658, '5': 648, 'm': 624, 'e': 596, 'i': 513, 'ɹ': 419, 'ʔ': 361, 'ɡ': 357, 'p': 344, 'u': 338, 'j': 243, 'c': 218, 'l': 212, 'd': 202, 'w': 177, 'ː': 144, 'b': 138, 'r': 109, 'o': 83, 'ɪ': 3, 'f': 3, 'ɐ': 1})",(Spanish),_thThai
19966,18595,30,"Counter({'a': 3781, '2': 2675, 's': 1609, 'h': 1451, 'ɜ': 988, 'n': 842, 'k': 839, '5': 640, 't': 633, 'm': 629, 'e': 602, 'i': 500, 'ɹ': 403, 'u': 370, 'ʔ': 356, 'p': 347, 'ɡ': 340, 'j': 234, 'l': 229, 'c': 205, 'd': 200, 'w': 187, 'ː': 172, 'b': 169, 'r': 113, 'o': 75, 'f': 5, 'ʃ': 1})",(Arabic),_thThai
20540,19240,29,"Counter({'a': 3905, '2': 2753, 's': 1713, 'h': 1415, 'ɜ': 1027, 'n': 933, 'k': 775, 'm': 702, 't': 689, '5': 673, 'e': 637, 'i': 544, 'ɹ': 422, 'ɡ': 375, 'u': 369, 'ʔ': 363, 'p': 343, 'j': 248, 'c': 241, 'd': 220, 'l': 203, 'w': 200, 'ː': 180, 'b': 124, 'r': 109, 'o': 74, 'f': 3})",(Japanese),_thThai
21564,20248,33,"Counter({'a': 4070, '2': 2878, 's': 1809, 'h': 1502, 'ɜ': 1081, 'n': 979, 'k': 826, '5': 738, 't': 727, 'm': 698, 'e': 673, 'i': 575, 'ɹ': 468, 'ɡ': 400, 'u': 381, 'p': 370, 'ʔ': 343, 'j': 252, 'c': 235, 'l': 231, 'd': 231, 'w': 211, 'ː': 165, 'b': 156, 'r': 125, 'o': 90, 'ə': 18, 'ʊ': 9, 'ɪ': 4, 'f': 2, 'θ': 1})",(Chinese),_thThai
26538,25222,40,"Counter({'ː': 4147, 'ə': 3650, 'a': 3229, 'k': 2515, 'ɾ': 1773, 'n': 1005, 't': 892, 'r': 853, 'ʌ': 833, 'h': 769, 'l': 717, 'i': 489, 'w': 436, 's': 433, 'd': 383, 'j': 373, 'ɪ': 334, 'e': 261, 'c': 247, 'm': 231, 'ʰ': 210, 'u': 210, 'p': 202, 'o': 168, 'ʃ': 125, 'ɡ': 111, 'ʊ': 102, 'ɟ': 94, 'ɳ': 86, 'b': 80, 'ɲ': 61, 'ʈ': 60, 'ɭ': 54, 'ŋ': 38, 'ɖ': 31, '̃': 8, 'ɔ': 8, 'ɛ': 4})",(Korean),_gomKonkani
27472,25882,41,"Counter({'ː': 4215, 'ə': 3786, 'a': 3241, 'k': 2545, 'ɾ': 1776, 'n': 1051, 't': 950, 'ʌ': 875, 'r': 866, 'h': 819, 'l': 752, 'i': 498, 's': 468, 'w': 454, 'd': 392, 'j': 374, 'ɪ': 346, 'e': 274, 'm': 237, 'c': 231, 'u': 225, 'p': 207, 'ʰ': 199, 'o': 193, 'ʃ': 134, 'ɡ': 119, 'ʊ': 103, 'ɟ': 94, 'ɳ': 89, 'b': 75, 'ɲ': 66, 'ʈ': 66, 'ɭ': 63, 'ɖ': 39, 'ŋ': 36, 'ɔ': 8, '̃': 7, 'ʂ': 5, 'ɛ': 4})",(English),_gomKonkani
28686,27083,41,"Counter({'ː': 4366, 'ə': 3966, 'a': 3360, 'k': 2679, 'ɾ': 1833, 'n': 1107, 't': 995, 'r': 958, 'ʌ': 915, 'h': 857, 'l': 781, 'i': 536, 's': 494, 'w': 467, 'd': 413, 'j': 373, 'ɪ': 371, 'e': 296, 'm': 253, 'c': 250, 'u': 246, 'ʰ': 219, 'p': 219, 'o': 175, 'ʃ': 143, 'ɡ': 122, 'ʊ': 108, 'ɳ': 98, 'b': 86, 'ɟ': 86, 'ɭ': 69, 'ɲ': 66, 'ʈ': 58, 'ŋ': 49, 'ɖ': 43, 'ɔ': 11, '̃': 7, 'ɛ': 6, 'ʂ': 2})",(Portuguese),_gomKonkani
29412,27664,41,"Counter({'ː': 4551, 'ə': 4017, 'a': 3513, 'k': 2763, 'ɾ': 1917, 'n': 1089, 't': 1007, 'r': 953, 'ʌ': 901, 'h': 832, 'l': 784, 'i': 545, 's': 501, 'w': 486, 'd': 405, 'j': 378, 'ɪ': 363, 'e': 305, 'm': 255, 'c': 253, 'u': 228, 'p': 228, 'ʰ': 223, 'o': 184, 'ɡ': 129, 'ʃ': 129, 'ɟ': 126, 'ʊ': 107, 'ɳ': 91, 'b': 82, 'ɭ': 76, 'ɲ': 72, 'ʈ': 63, 'ŋ': 51, 'ɖ': 27, '̃': 10, 'ɔ': 8, 'ɛ': 7, 'ʂ': 5})",(Russian),_gomKonkani
29691,27979,41,"Counter({'ː': 4518, 'ə': 4071, 'a': 3489, 'k': 2765, 'ɾ': 1915, 'n': 1140, 't': 1017, 'r': 967, 'ʌ': 947, 'h': 882, 'l': 816, 'i': 577, 's': 502, 'w': 479, 'd': 425, 'j': 385, 'ɪ': 377, 'e': 323, 'm': 260, 'c': 260, 'u': 249, 'ʰ': 241, 'p': 227, 'o': 166, 'ʃ': 143, 'ɡ': 131, 'ʊ': 109, 'ɳ': 104, 'ɟ': 96, 'b': 85, 'ɲ': 76, 'ʈ': 69, 'ɭ': 64, 'ŋ': 42, 'ɖ': 38, 'ɔ': 9, '̃': 7, 'ɛ': 7, 'ʂ': 1})",(Spanish),_gomKonkani
29980,28063,44,"Counter({'ː': 4657, 'ə': 3970, 'a': 3577, 'k': 2829, 'ɾ': 1944, 'n': 1094, 't': 1015, 'r': 982, 'ʌ': 888, 'h': 845, 'l': 731, 'i': 570, 's': 521, 'w': 510, 'd': 449, 'ɪ': 407, 'j': 391, 'e': 328, 'u': 264, 'c': 260, 'm': 241, 'ʰ': 234, 'p': 210, 'o': 193, 'ʃ': 152, 'ɡ': 113, 'ɟ': 104, 'ʊ': 96, 'ɳ': 91, 'b': 84, 'ɲ': 67, 'ʈ': 67, 'ɭ': 57, 'ŋ': 51, 'ɖ': 35, 'ɛ': 14, 'ɔ': 10, '̃': 5, 'ʒ': 2, 'ʂ': 2, 'ɑ': 2, 'f': 1})",(Arabic),_gomKonkani
30044,28281,43,"Counter({'ː': 4665, 'ə': 4101, 'a': 3549, 'k': 2791, 'ɾ': 1914, 'n': 1124, 't': 1000, 'r': 996, 'ʌ': 925, 'h': 872, 'l': 796, 'i': 532, 's': 520, 'w': 487, 'd': 434, 'j': 392, 'ɪ': 382, 'e': 311, 'm': 260, 'c': 257, 'u': 256, 'p': 231, 'ʰ': 229, 'o': 221, 'ʃ': 162, 'ɡ': 130, 'ʊ': 120, 'ɳ': 100, 'ɟ': 98, 'b': 89, 'ɲ': 72, 'ʈ': 72, 'ɭ': 72, 'ŋ': 52, 'ɖ': 43, 'ɔ': 10, 'ɛ': 8, '̃': 5, 'ʂ': 1, 'ɑ': 1, 'f': 1})",(Japanese),_gomKonkani
30656,28711,40,"Counter({'ː': 4887, 'ə': 3830, 'a': 3727, 'k': 2860, 'ɾ': 1892, 'n': 1064, 'r': 1050, 't': 927, 'ʌ': 899, 'h': 868, 'l': 724, 's': 624, 'i': 584, 'w': 539, 'd': 495, 'ɪ': 456, 'j': 389, 'e': 371, 'u': 354, 'c': 284, 'm': 273, 'p': 230, 'ʰ': 193, 'o': 177, 'ʃ': 142, 'ɡ': 116, 'ɟ': 103, 'ɳ': 97, 'ɭ': 93, 'b': 88, 'ʈ': 82, 'ʊ': 81, 'ŋ': 79, 'ɲ': 77, 'ɖ': 47, 'ɛ': 5, 'ɔ': 3, 'ʂ': 1})",(Quechua),_gomKonkani
32212,30403,41,"Counter({'ː': 4973, 'ə': 4435, 'a': 3841, 'k': 3004, 'ɾ': 2071, 'n': 1220, 't': 1104, 'r': 1059, 'ʌ': 986, 'h': 942, 'l': 851, 'i': 610, 's': 543, 'w': 506, 'd': 454, 'j': 435, 'ɪ': 422, 'e': 346, 'c': 277, 'm': 276, 'u': 259, 'p': 254, 'ʰ': 235, 'o': 200, 'ʃ': 158, 'ɡ': 139, 'ɟ': 123, 'ɳ': 114, 'ʊ': 114, 'b': 84, 'ɲ': 83, 'ɭ': 78, 'ʈ': 75, 'ŋ': 62, 'ɖ': 43, '̃': 8, 'ɔ': 8, 'ʂ': 6, 'ɛ': 5})",(Chinese),_gomKonkani
